[2026-02-08T17:49:41.058+0000] {manager.py:470} INFO - Processing files using up to 2 processes at a time 
[2026-02-08T17:49:41.061+0000] {manager.py:471} INFO - Process each file at most once every 30 seconds
[2026-02-08T17:49:41.063+0000] {manager.py:472} INFO - Checking for new files in /opt/airflow/dags every 300 seconds
[2026-02-08T17:49:41.065+0000] {manager.py:737} INFO - Searching for files in /opt/airflow/dags
[2026-02-08T17:49:41.110+0000] {manager.py:740} INFO - There are 1 files in /opt/airflow/dags
[2026-02-08T17:49:41.360+0000] {manager.py:878} INFO - 
================================================================================
DAG File Processing Stats

File Path                          PID  Runtime      # DAGs    # Errors  Last Runtime    Last Run
-------------------------------  -----  ---------  --------  ----------  --------------  ----------
/opt/airflow/dags/retraining.py     36  0.12s             0           0
================================================================================
[2026-02-08T17:50:11.608+0000] {manager.py:878} INFO - 
================================================================================
DAG File Processing Stats

File Path                        PID    Runtime      # DAGs    # Errors  Last Runtime    Last Run
-------------------------------  -----  ---------  --------  ----------  --------------  -------------------
/opt/airflow/dags/retraining.py                           1           0  11.39s          2026-02-08T17:49:52
================================================================================
[2026-02-08T17:50:41.876+0000] {manager.py:878} INFO - 
================================================================================
DAG File Processing Stats

File Path                        PID    Runtime      # DAGs    # Errors  Last Runtime    Last Run
-------------------------------  -----  ---------  --------  ----------  --------------  -------------------
/opt/airflow/dags/retraining.py                           1           0  4.15s           2026-02-08T17:50:26
================================================================================
[2026-02-08T17:51:11.946+0000] {manager.py:878} INFO - 
================================================================================
DAG File Processing Stats

File Path                        PID    Runtime      # DAGs    # Errors  Last Runtime    Last Run
-------------------------------  -----  ---------  --------  ----------  --------------  -------------------
/opt/airflow/dags/retraining.py                           1           0  2.77s           2026-02-08T17:50:59
================================================================================
[2026-02-08T17:51:42.141+0000] {manager.py:878} INFO - 
================================================================================
DAG File Processing Stats

File Path                        PID    Runtime      # DAGs    # Errors  Last Runtime    Last Run
-------------------------------  -----  ---------  --------  ----------  --------------  -------------------
/opt/airflow/dags/retraining.py                           1           0  2.89s           2026-02-08T17:51:33
================================================================================
[2026-02-08T17:52:12.723+0000] {manager.py:878} INFO - 
================================================================================
DAG File Processing Stats

File Path                        PID    Runtime      # DAGs    # Errors  Last Runtime    Last Run
-------------------------------  -----  ---------  --------  ----------  --------------  -------------------
/opt/airflow/dags/retraining.py                           1           0  2.64s           2026-02-08T17:52:06
================================================================================
[2026-02-08T17:52:43.007+0000] {manager.py:878} INFO - 
================================================================================
DAG File Processing Stats

File Path                        PID    Runtime      # DAGs    # Errors  Last Runtime    Last Run
-------------------------------  -----  ---------  --------  ----------  --------------  -------------------
/opt/airflow/dags/retraining.py                           1           0  2.76s           2026-02-08T17:52:39
================================================================================
[2026-02-08T17:53:13.424+0000] {manager.py:878} INFO - 
================================================================================
DAG File Processing Stats

File Path                        PID    Runtime      # DAGs    # Errors  Last Runtime    Last Run
-------------------------------  -----  ---------  --------  ----------  --------------  -------------------
/opt/airflow/dags/retraining.py                           1           0  2.65s           2026-02-08T17:53:11
================================================================================
[2026-02-08T17:53:43.746+0000] {manager.py:878} INFO - 
================================================================================
DAG File Processing Stats

File Path                          PID  Runtime      # DAGs    # Errors  Last Runtime    Last Run
-------------------------------  -----  ---------  --------  ----------  --------------  -------------------
/opt/airflow/dags/retraining.py    162  1.45s             1           0  2.65s           2026-02-08T17:53:11
================================================================================
[2026-02-08T17:54:14.060+0000] {manager.py:878} INFO - 
================================================================================
DAG File Processing Stats

File Path                        PID    Runtime      # DAGs    # Errors  Last Runtime    Last Run
-------------------------------  -----  ---------  --------  ----------  --------------  -------------------
/opt/airflow/dags/retraining.py                           1           0  2.64s           2026-02-08T17:53:44
================================================================================
[2026-02-08T17:54:41.101+0000] {manager.py:737} INFO - Searching for files in /opt/airflow/dags
[2026-02-08T17:54:41.134+0000] {manager.py:740} INFO - There are 1 files in /opt/airflow/dags
[2026-02-08T17:54:44.176+0000] {manager.py:878} INFO - 
================================================================================
DAG File Processing Stats

File Path                        PID    Runtime      # DAGs    # Errors  Last Runtime    Last Run
-------------------------------  -----  ---------  --------  ----------  --------------  -------------------
/opt/airflow/dags/retraining.py                           1           0  2.78s           2026-02-08T17:54:17
================================================================================
[2026-02-08T17:55:14.464+0000] {manager.py:878} INFO - 
================================================================================
DAG File Processing Stats

File Path                        PID    Runtime      # DAGs    # Errors  Last Runtime    Last Run
-------------------------------  -----  ---------  --------  ----------  --------------  -------------------
/opt/airflow/dags/retraining.py                           1           0  3.25s           2026-02-08T17:54:51
================================================================================
[2026-02-08T17:55:44.724+0000] {manager.py:878} INFO - 
================================================================================
DAG File Processing Stats

File Path                        PID    Runtime      # DAGs    # Errors  Last Runtime    Last Run
-------------------------------  -----  ---------  --------  ----------  --------------  -------------------
/opt/airflow/dags/retraining.py                           1           0  2.95s           2026-02-08T17:55:24
================================================================================
[2026-02-08T17:56:15.029+0000] {manager.py:878} INFO - 
================================================================================
DAG File Processing Stats

File Path                        PID    Runtime      # DAGs    # Errors  Last Runtime    Last Run
-------------------------------  -----  ---------  --------  ----------  --------------  -------------------
/opt/airflow/dags/retraining.py                           1           0  3.06s           2026-02-08T17:55:57
================================================================================
[2026-02-08T17:56:45.123+0000] {manager.py:878} INFO - 
================================================================================
DAG File Processing Stats

File Path                        PID    Runtime      # DAGs    # Errors  Last Runtime    Last Run
-------------------------------  -----  ---------  --------  ----------  --------------  -------------------
/opt/airflow/dags/retraining.py                           1           0  2.80s           2026-02-08T17:56:30
================================================================================
[2026-02-08T17:57:15.528+0000] {manager.py:878} INFO - 
================================================================================
DAG File Processing Stats

File Path                        PID    Runtime      # DAGs    # Errors  Last Runtime    Last Run
-------------------------------  -----  ---------  --------  ----------  --------------  -------------------
/opt/airflow/dags/retraining.py                           1           0  2.75s           2026-02-08T17:57:04
================================================================================
[2026-02-08T17:57:45.811+0000] {manager.py:878} INFO - 
================================================================================
DAG File Processing Stats

File Path                        PID    Runtime      # DAGs    # Errors  Last Runtime    Last Run
-------------------------------  -----  ---------  --------  ----------  --------------  -------------------
/opt/airflow/dags/retraining.py                           1           0  2.77s           2026-02-08T17:57:37
================================================================================
[2026-02-08T17:58:16.398+0000] {manager.py:878} INFO - 
================================================================================
DAG File Processing Stats

File Path                        PID    Runtime      # DAGs    # Errors  Last Runtime    Last Run
-------------------------------  -----  ---------  --------  ----------  --------------  -------------------
/opt/airflow/dags/retraining.py                           1           0  3.11s           2026-02-08T17:58:10
================================================================================
[2026-02-08T17:58:46.444+0000] {manager.py:878} INFO - 
================================================================================
DAG File Processing Stats

File Path                        PID    Runtime      # DAGs    # Errors  Last Runtime    Last Run
-------------------------------  -----  ---------  --------  ----------  --------------  -------------------
/opt/airflow/dags/retraining.py                           1           0  2.78s           2026-02-08T17:58:43
================================================================================
[2026-02-08T17:59:16.956+0000] {manager.py:878} INFO - 
================================================================================
DAG File Processing Stats

File Path                        PID    Runtime      # DAGs    # Errors  Last Runtime    Last Run
-------------------------------  -----  ---------  --------  ----------  --------------  -------------------
/opt/airflow/dags/retraining.py                           1           0  2.62s           2026-02-08T17:59:16
================================================================================
[2026-02-08T17:59:41.199+0000] {manager.py:737} INFO - Searching for files in /opt/airflow/dags
[2026-02-08T17:59:41.248+0000] {manager.py:740} INFO - There are 1 files in /opt/airflow/dags
[2026-02-08T17:59:47.334+0000] {manager.py:878} INFO - 
================================================================================
DAG File Processing Stats

File Path                          PID  Runtime      # DAGs    # Errors  Last Runtime    Last Run
-------------------------------  -----  ---------  --------  ----------  --------------  -------------------
/opt/airflow/dags/retraining.py    356  0.75s             1           0  2.62s           2026-02-08T17:59:16
================================================================================
[2026-02-08T18:00:17.601+0000] {manager.py:878} INFO - 
================================================================================
DAG File Processing Stats

File Path                        PID    Runtime      # DAGs    # Errors  Last Runtime    Last Run
-------------------------------  -----  ---------  --------  ----------  --------------  -------------------
/opt/airflow/dags/retraining.py                           1           0  2.92s           2026-02-08T17:59:49
================================================================================
[2026-02-08T18:00:47.656+0000] {manager.py:878} INFO - 
================================================================================
DAG File Processing Stats

File Path                        PID    Runtime      # DAGs    # Errors  Last Runtime    Last Run
-------------------------------  -----  ---------  --------  ----------  --------------  -------------------
/opt/airflow/dags/retraining.py                           1           0  2.80s           2026-02-08T18:00:22
================================================================================
[2026-02-08T18:01:17.842+0000] {manager.py:878} INFO - 
================================================================================
DAG File Processing Stats

File Path                        PID    Runtime      # DAGs    # Errors  Last Runtime    Last Run
-------------------------------  -----  ---------  --------  ----------  --------------  -------------------
/opt/airflow/dags/retraining.py                           1           0  2.94s           2026-02-08T18:00:55
================================================================================
[2026-02-08T18:01:47.997+0000] {manager.py:878} INFO - 
================================================================================
DAG File Processing Stats

File Path                        PID    Runtime      # DAGs    # Errors  Last Runtime    Last Run
-------------------------------  -----  ---------  --------  ----------  --------------  -------------------
/opt/airflow/dags/retraining.py                           1           0  2.85s           2026-02-08T18:01:28
================================================================================
[2026-02-08T18:02:18.060+0000] {manager.py:878} INFO - 
================================================================================
DAG File Processing Stats

File Path                        PID    Runtime      # DAGs    # Errors  Last Runtime    Last Run
-------------------------------  -----  ---------  --------  ----------  --------------  -------------------
/opt/airflow/dags/retraining.py                           1           0  2.78s           2026-02-08T18:02:01
================================================================================
[2026-02-08T18:02:48.930+0000] {manager.py:878} INFO - 
================================================================================
DAG File Processing Stats

File Path                        PID    Runtime      # DAGs    # Errors  Last Runtime    Last Run
-------------------------------  -----  ---------  --------  ----------  --------------  -------------------
/opt/airflow/dags/retraining.py                           1           0  2.59s           2026-02-08T18:02:34
================================================================================
[2026-02-08T18:03:19.246+0000] {manager.py:878} INFO - 
================================================================================
DAG File Processing Stats

File Path                        PID    Runtime      # DAGs    # Errors  Last Runtime    Last Run
-------------------------------  -----  ---------  --------  ----------  --------------  -------------------
/opt/airflow/dags/retraining.py                           1           0  2.70s           2026-02-08T18:03:07
================================================================================
[2026-02-08T18:03:49.495+0000] {manager.py:878} INFO - 
================================================================================
DAG File Processing Stats

File Path                        PID    Runtime      # DAGs    # Errors  Last Runtime    Last Run
-------------------------------  -----  ---------  --------  ----------  --------------  -------------------
/opt/airflow/dags/retraining.py                           1           0  2.80s           2026-02-08T18:03:40
================================================================================
[2026-02-08T18:04:19.765+0000] {manager.py:878} INFO - 
================================================================================
DAG File Processing Stats

File Path                        PID    Runtime      # DAGs    # Errors  Last Runtime    Last Run
-------------------------------  -----  ---------  --------  ----------  --------------  -------------------
/opt/airflow/dags/retraining.py                           1           0  4.00s           2026-02-08T18:04:15
================================================================================
[2026-02-08T18:04:41.492+0000] {manager.py:737} INFO - Searching for files in /opt/airflow/dags
[2026-02-08T18:04:41.530+0000] {manager.py:740} INFO - There are 1 files in /opt/airflow/dags
[2026-02-08T18:04:50.049+0000] {manager.py:878} INFO - 
================================================================================
DAG File Processing Stats

File Path                        PID    Runtime      # DAGs    # Errors  Last Runtime    Last Run
-------------------------------  -----  ---------  --------  ----------  --------------  -------------------
/opt/airflow/dags/retraining.py                           1           0  2.83s           2026-02-08T18:04:48
================================================================================
[2026-02-08T18:05:20.344+0000] {manager.py:878} INFO - 
================================================================================
DAG File Processing Stats

File Path                          PID  Runtime      # DAGs    # Errors  Last Runtime    Last Run
-------------------------------  -----  ---------  --------  ----------  --------------  -------------------
/opt/airflow/dags/retraining.py    532  1.59s             1           0  2.83s           2026-02-08T18:04:48
================================================================================
[2026-02-08T18:05:50.409+0000] {manager.py:878} INFO - 
================================================================================
DAG File Processing Stats

File Path                        PID    Runtime      # DAGs    # Errors  Last Runtime    Last Run
-------------------------------  -----  ---------  --------  ----------  --------------  -------------------
/opt/airflow/dags/retraining.py                           1           0  5.39s           2026-02-08T18:05:24
================================================================================
[2026-02-08T18:06:20.545+0000] {manager.py:878} INFO - 
================================================================================
DAG File Processing Stats

File Path                        PID    Runtime      # DAGs    # Errors  Last Runtime    Last Run
-------------------------------  -----  ---------  --------  ----------  --------------  -------------------
/opt/airflow/dags/retraining.py                           1           0  5.87s           2026-02-08T18:06:00
================================================================================
[2026-02-08T18:06:50.768+0000] {manager.py:878} INFO - 
================================================================================
DAG File Processing Stats

File Path                        PID    Runtime      # DAGs    # Errors  Last Runtime    Last Run
-------------------------------  -----  ---------  --------  ----------  --------------  -------------------
/opt/airflow/dags/retraining.py                           1           0  3.79s           2026-02-08T18:06:34
================================================================================
[2026-02-08T18:07:20.983+0000] {manager.py:878} INFO - 
================================================================================
DAG File Processing Stats

File Path                        PID    Runtime      # DAGs    # Errors  Last Runtime    Last Run
-------------------------------  -----  ---------  --------  ----------  --------------  -------------------
/opt/airflow/dags/retraining.py                           1           0  4.36s           2026-02-08T18:07:08
================================================================================
[2026-02-08T18:07:51.125+0000] {manager.py:878} INFO - 
================================================================================
DAG File Processing Stats

File Path                        PID    Runtime      # DAGs    # Errors  Last Runtime    Last Run
-------------------------------  -----  ---------  --------  ----------  --------------  -------------------
/opt/airflow/dags/retraining.py                           1           0  4.90s           2026-02-08T18:07:44
================================================================================
[2026-02-08T18:08:21.249+0000] {manager.py:878} INFO - 
================================================================================
DAG File Processing Stats

File Path                        PID    Runtime      # DAGs    # Errors  Last Runtime    Last Run
-------------------------------  -----  ---------  --------  ----------  --------------  -------------------
/opt/airflow/dags/retraining.py                           1           0  4.08s           2026-02-08T18:08:18
================================================================================
[2026-02-08T18:08:51.532+0000] {manager.py:878} INFO - 
================================================================================
DAG File Processing Stats

File Path                          PID  Runtime      # DAGs    # Errors  Last Runtime    Last Run
-------------------------------  -----  ---------  --------  ----------  --------------  -------------------
/opt/airflow/dags/retraining.py    642  3.03s             1           0  4.08s           2026-02-08T18:08:18
================================================================================
[2026-02-08T18:09:21.766+0000] {manager.py:878} INFO - 
================================================================================
DAG File Processing Stats

File Path                        PID    Runtime      # DAGs    # Errors  Last Runtime    Last Run
-------------------------------  -----  ---------  --------  ----------  --------------  -------------------
/opt/airflow/dags/retraining.py                           1           0  4.99s           2026-02-08T18:08:53
================================================================================
[2026-02-08T18:09:42.004+0000] {manager.py:737} INFO - Searching for files in /opt/airflow/dags
[2026-02-08T18:09:42.067+0000] {manager.py:740} INFO - There are 1 files in /opt/airflow/dags
[2026-02-08T18:09:52.159+0000] {manager.py:878} INFO - 
================================================================================
DAG File Processing Stats

File Path                        PID    Runtime      # DAGs    # Errors  Last Runtime    Last Run
-------------------------------  -----  ---------  --------  ----------  --------------  -------------------
/opt/airflow/dags/retraining.py                           1           0  3.56s           2026-02-08T18:09:27
================================================================================
[2026-02-08T18:10:22.285+0000] {manager.py:878} INFO - 
================================================================================
DAG File Processing Stats

File Path                        PID    Runtime      # DAGs    # Errors  Last Runtime    Last Run
-------------------------------  -----  ---------  --------  ----------  --------------  -------------------
/opt/airflow/dags/retraining.py                           1           0  5.40s           2026-02-08T18:10:03
================================================================================
[2026-02-08T18:10:52.392+0000] {manager.py:878} INFO - 
================================================================================
DAG File Processing Stats

File Path                        PID    Runtime      # DAGs    # Errors  Last Runtime    Last Run
-------------------------------  -----  ---------  --------  ----------  --------------  -------------------
/opt/airflow/dags/retraining.py                           1           0  10.40s          2026-02-08T18:10:43
================================================================================
[2026-02-08T18:11:22.607+0000] {manager.py:878} INFO - 
================================================================================
DAG File Processing Stats

File Path                        PID    Runtime      # DAGs    # Errors  Last Runtime    Last Run
-------------------------------  -----  ---------  --------  ----------  --------------  -------------------
/opt/airflow/dags/retraining.py                           1           0  2.93s           2026-02-08T18:11:16
================================================================================
[2026-02-08T18:11:53.214+0000] {manager.py:878} INFO - 
================================================================================
DAG File Processing Stats

File Path                        PID    Runtime      # DAGs    # Errors  Last Runtime    Last Run
-------------------------------  -----  ---------  --------  ----------  --------------  -------------------
/opt/airflow/dags/retraining.py                           1           0  4.41s           2026-02-08T18:11:51
================================================================================
[2026-02-08T18:12:23.532+0000] {manager.py:878} INFO - 
================================================================================
DAG File Processing Stats

File Path                          PID  Runtime      # DAGs    # Errors  Last Runtime    Last Run
-------------------------------  -----  ---------  --------  ----------  --------------  -------------------
/opt/airflow/dags/retraining.py    750  2.03s             1           0  4.41s           2026-02-08T18:11:51
================================================================================
[2026-02-08T18:12:53.901+0000] {manager.py:878} INFO - 
================================================================================
DAG File Processing Stats

File Path                        PID    Runtime      # DAGs    # Errors  Last Runtime    Last Run
-------------------------------  -----  ---------  --------  ----------  --------------  -------------------
/opt/airflow/dags/retraining.py                           1           0  3.56s           2026-02-08T18:12:25
================================================================================
[2026-02-08T18:13:24.161+0000] {manager.py:878} INFO - 
================================================================================
DAG File Processing Stats

File Path                        PID    Runtime      # DAGs    # Errors  Last Runtime    Last Run
-------------------------------  -----  ---------  --------  ----------  --------------  -------------------
/opt/airflow/dags/retraining.py                           1           0  3.84s           2026-02-08T18:12:59
================================================================================
[2026-02-08T18:13:54.750+0000] {manager.py:878} INFO - 
================================================================================
DAG File Processing Stats

File Path                        PID    Runtime      # DAGs    # Errors  Last Runtime    Last Run
-------------------------------  -----  ---------  --------  ----------  --------------  -------------------
/opt/airflow/dags/retraining.py                           1           0  4.35s           2026-02-08T18:13:33
================================================================================
[2026-02-08T18:14:25.047+0000] {manager.py:878} INFO - 
================================================================================
DAG File Processing Stats

File Path                        PID    Runtime      # DAGs    # Errors  Last Runtime    Last Run
-------------------------------  -----  ---------  --------  ----------  --------------  -------------------
/opt/airflow/dags/retraining.py                           1           0  4.60s           2026-02-08T18:14:08
================================================================================
[2026-02-08T18:14:42.186+0000] {manager.py:737} INFO - Searching for files in /opt/airflow/dags
[2026-02-08T18:14:42.234+0000] {manager.py:740} INFO - There are 1 files in /opt/airflow/dags
[2026-02-08T18:14:55.370+0000] {manager.py:878} INFO - 
================================================================================
DAG File Processing Stats

File Path                        PID    Runtime      # DAGs    # Errors  Last Runtime    Last Run
-------------------------------  -----  ---------  --------  ----------  --------------  -------------------
/opt/airflow/dags/retraining.py                           1           0  3.63s           2026-02-08T18:14:42
================================================================================
[2026-02-08T18:15:25.742+0000] {manager.py:878} INFO - 
================================================================================
DAG File Processing Stats

File Path                        PID    Runtime      # DAGs    # Errors  Last Runtime    Last Run
-------------------------------  -----  ---------  --------  ----------  --------------  -------------------
/opt/airflow/dags/retraining.py                           1           0  4.32s           2026-02-08T18:15:16
================================================================================
[2026-02-08T18:15:56.020+0000] {manager.py:878} INFO - 
================================================================================
DAG File Processing Stats

File Path                        PID    Runtime      # DAGs    # Errors  Last Runtime    Last Run
-------------------------------  -----  ---------  --------  ----------  --------------  -------------------
/opt/airflow/dags/retraining.py                           1           0  5.02s           2026-02-08T18:15:51
================================================================================
[2026-02-08T18:16:26.426+0000] {manager.py:878} INFO - 
================================================================================
DAG File Processing Stats

File Path                        PID    Runtime      # DAGs    # Errors  Last Runtime    Last Run
-------------------------------  -----  ---------  --------  ----------  --------------  -------------------
/opt/airflow/dags/retraining.py                           1           0  3.50s           2026-02-08T18:16:25
================================================================================
[2026-02-08T18:16:56.675+0000] {manager.py:878} INFO - 
================================================================================
DAG File Processing Stats

File Path                          PID  Runtime      # DAGs    # Errors  Last Runtime    Last Run
-------------------------------  -----  ---------  --------  ----------  --------------  -------------------
/opt/airflow/dags/retraining.py    896  0.65s             1           0  3.50s           2026-02-08T18:16:25
================================================================================
[2026-02-08T18:17:26.927+0000] {manager.py:878} INFO - 
================================================================================
DAG File Processing Stats

File Path                        PID    Runtime      # DAGs    # Errors  Last Runtime    Last Run
-------------------------------  -----  ---------  --------  ----------  --------------  -------------------
/opt/airflow/dags/retraining.py                           1           0  3.88s           2026-02-08T18:16:59
================================================================================
[2026-02-08T18:17:56.968+0000] {manager.py:878} INFO - 
================================================================================
DAG File Processing Stats

File Path                        PID    Runtime      # DAGs    # Errors  Last Runtime    Last Run
-------------------------------  -----  ---------  --------  ----------  --------------  -------------------
/opt/airflow/dags/retraining.py                           1           0  4.79s           2026-02-08T18:17:34
================================================================================
[2026-02-08T18:18:27.650+0000] {manager.py:878} INFO - 
================================================================================
DAG File Processing Stats

File Path                        PID    Runtime      # DAGs    # Errors  Last Runtime    Last Run
-------------------------------  -----  ---------  --------  ----------  --------------  -------------------
/opt/airflow/dags/retraining.py                           1           0  3.65s           2026-02-08T18:18:08
================================================================================
[2026-02-08T18:18:57.936+0000] {manager.py:878} INFO - 
================================================================================
DAG File Processing Stats

File Path                        PID    Runtime      # DAGs    # Errors  Last Runtime    Last Run
-------------------------------  -----  ---------  --------  ----------  --------------  -------------------
/opt/airflow/dags/retraining.py                           1           0  3.11s           2026-02-08T18:18:41
================================================================================
[2026-02-08T18:19:28.235+0000] {manager.py:878} INFO - 
================================================================================
DAG File Processing Stats

File Path                        PID    Runtime      # DAGs    # Errors  Last Runtime    Last Run
-------------------------------  -----  ---------  --------  ----------  --------------  -------------------
/opt/airflow/dags/retraining.py                           1           0  3.50s           2026-02-08T18:19:15
================================================================================
[2026-02-08T18:19:42.360+0000] {manager.py:737} INFO - Searching for files in /opt/airflow/dags
[2026-02-08T18:19:42.395+0000] {manager.py:740} INFO - There are 1 files in /opt/airflow/dags
[2026-02-08T18:19:58.912+0000] {manager.py:878} INFO - 
================================================================================
DAG File Processing Stats

File Path                        PID    Runtime      # DAGs    # Errors  Last Runtime    Last Run
-------------------------------  -----  ---------  --------  ----------  --------------  -------------------
/opt/airflow/dags/retraining.py                           1           0  3.27s           2026-02-08T18:19:49
================================================================================
[2026-02-08T18:20:29.045+0000] {manager.py:878} INFO - 
================================================================================
DAG File Processing Stats

File Path                        PID    Runtime      # DAGs    # Errors  Last Runtime    Last Run
-------------------------------  -----  ---------  --------  ----------  --------------  -------------------
/opt/airflow/dags/retraining.py                           1           0  2.87s           2026-02-08T18:20:21
================================================================================
[2026-02-08T18:20:59.212+0000] {manager.py:878} INFO - 
================================================================================
DAG File Processing Stats

File Path                        PID    Runtime      # DAGs    # Errors  Last Runtime    Last Run
-------------------------------  -----  ---------  --------  ----------  --------------  -------------------
/opt/airflow/dags/retraining.py                           1           0  2.91s           2026-02-08T18:20:55
================================================================================
[2026-02-08T18:21:29.492+0000] {manager.py:878} INFO - 
================================================================================
DAG File Processing Stats

File Path                        PID    Runtime      # DAGs    # Errors  Last Runtime    Last Run
-------------------------------  -----  ---------  --------  ----------  --------------  -------------------
/opt/airflow/dags/retraining.py                           1           0  3.15s           2026-02-08T18:21:28
================================================================================
[2026-02-08T18:21:59.786+0000] {manager.py:878} INFO - 
================================================================================
DAG File Processing Stats

File Path                          PID  Runtime      # DAGs    # Errors  Last Runtime    Last Run
-------------------------------  -----  ---------  --------  ----------  --------------  -------------------
/opt/airflow/dags/retraining.py   1057  1.01s             1           0  3.15s           2026-02-08T18:21:28
================================================================================
[2026-02-08T18:22:30.121+0000] {manager.py:878} INFO - 
================================================================================
DAG File Processing Stats

File Path                        PID    Runtime      # DAGs    # Errors  Last Runtime    Last Run
-------------------------------  -----  ---------  --------  ----------  --------------  -------------------
/opt/airflow/dags/retraining.py                           1           0  3.25s           2026-02-08T18:22:02
================================================================================
[2026-02-08T18:23:00.414+0000] {manager.py:878} INFO - 
================================================================================
DAG File Processing Stats

File Path                        PID    Runtime      # DAGs    # Errors  Last Runtime    Last Run
-------------------------------  -----  ---------  --------  ----------  --------------  -------------------
/opt/airflow/dags/retraining.py                           1           0  3.11s           2026-02-08T18:22:35
================================================================================
[2026-02-08T18:23:30.704+0000] {manager.py:878} INFO - 
================================================================================
DAG File Processing Stats

File Path                        PID    Runtime      # DAGs    # Errors  Last Runtime    Last Run
-------------------------------  -----  ---------  --------  ----------  --------------  -------------------
/opt/airflow/dags/retraining.py                           1           0  2.63s           2026-02-08T18:23:08
================================================================================
[2026-02-08T18:24:00.801+0000] {manager.py:878} INFO - 
================================================================================
DAG File Processing Stats

File Path                        PID    Runtime      # DAGs    # Errors  Last Runtime    Last Run
-------------------------------  -----  ---------  --------  ----------  --------------  -------------------
/opt/airflow/dags/retraining.py                           1           0  3.27s           2026-02-08T18:23:41
================================================================================
[2026-02-08T18:24:31.049+0000] {manager.py:878} INFO - 
================================================================================
DAG File Processing Stats

File Path                        PID    Runtime      # DAGs    # Errors  Last Runtime    Last Run
-------------------------------  -----  ---------  --------  ----------  --------------  -------------------
/opt/airflow/dags/retraining.py                           1           0  3.40s           2026-02-08T18:24:15
================================================================================
[2026-02-08T18:24:43.148+0000] {manager.py:737} INFO - Searching for files in /opt/airflow/dags
[2026-02-08T18:24:43.237+0000] {manager.py:740} INFO - There are 1 files in /opt/airflow/dags
[2026-02-08T18:25:01.054+0000] {manager.py:878} INFO - 
================================================================================
DAG File Processing Stats

File Path                        PID    Runtime      # DAGs    # Errors  Last Runtime    Last Run
-------------------------------  -----  ---------  --------  ----------  --------------  -------------------
/opt/airflow/dags/retraining.py                           1           0  2.63s           2026-02-08T18:24:47
================================================================================
[2026-02-08T18:25:31.261+0000] {manager.py:878} INFO - 
================================================================================
DAG File Processing Stats

File Path                        PID    Runtime      # DAGs    # Errors  Last Runtime    Last Run
-------------------------------  -----  ---------  --------  ----------  --------------  -------------------
/opt/airflow/dags/retraining.py                           1           0  2.93s           2026-02-08T18:25:21
================================================================================
[2026-02-08T18:26:01.532+0000] {manager.py:878} INFO - 
================================================================================
DAG File Processing Stats

File Path                        PID    Runtime      # DAGs    # Errors  Last Runtime    Last Run
-------------------------------  -----  ---------  --------  ----------  --------------  -------------------
/opt/airflow/dags/retraining.py                           1           0  3.16s           2026-02-08T18:25:54
================================================================================
[2026-02-08T18:26:31.877+0000] {manager.py:878} INFO - 
================================================================================
DAG File Processing Stats

File Path                        PID    Runtime      # DAGs    # Errors  Last Runtime    Last Run
-------------------------------  -----  ---------  --------  ----------  --------------  -------------------
/opt/airflow/dags/retraining.py                           1           0  2.57s           2026-02-08T18:26:27
================================================================================
[2026-02-08T18:27:02.129+0000] {manager.py:878} INFO - 
================================================================================
DAG File Processing Stats

File Path                        PID    Runtime      # DAGs    # Errors  Last Runtime    Last Run
-------------------------------  -----  ---------  --------  ----------  --------------  -------------------
/opt/airflow/dags/retraining.py                           1           0  2.67s           2026-02-08T18:27:00
================================================================================
[2026-02-08T18:27:32.439+0000] {manager.py:878} INFO - 
================================================================================
DAG File Processing Stats

File Path                          PID  Runtime      # DAGs    # Errors  Last Runtime    Last Run
-------------------------------  -----  ---------  --------  ----------  --------------  -------------------
/opt/airflow/dags/retraining.py   1233  2.02s             1           0  2.67s           2026-02-08T18:27:00
================================================================================
[2026-02-08T18:28:02.852+0000] {manager.py:878} INFO - 
================================================================================
DAG File Processing Stats

File Path                        PID    Runtime      # DAGs    # Errors  Last Runtime    Last Run
-------------------------------  -----  ---------  --------  ----------  --------------  -------------------
/opt/airflow/dags/retraining.py                           1           0  3.23s           2026-02-08T18:27:33
================================================================================
[2026-02-08T18:28:33.140+0000] {manager.py:878} INFO - 
================================================================================
DAG File Processing Stats

File Path                        PID    Runtime      # DAGs    # Errors  Last Runtime    Last Run
-------------------------------  -----  ---------  --------  ----------  --------------  -------------------
/opt/airflow/dags/retraining.py                           1           0  2.63s           2026-02-08T18:28:06
================================================================================
[2026-02-08T18:29:03.391+0000] {manager.py:878} INFO - 
================================================================================
DAG File Processing Stats

File Path                        PID    Runtime      # DAGs    # Errors  Last Runtime    Last Run
-------------------------------  -----  ---------  --------  ----------  --------------  -------------------
/opt/airflow/dags/retraining.py                           1           0  2.78s           2026-02-08T18:28:39
================================================================================
[2026-02-08T18:29:34.035+0000] {manager.py:878} INFO - 
================================================================================
DAG File Processing Stats

File Path                        PID    Runtime      # DAGs    # Errors  Last Runtime    Last Run
-------------------------------  -----  ---------  --------  ----------  --------------  -------------------
/opt/airflow/dags/retraining.py                           1           0  3.20s           2026-02-08T18:29:12
================================================================================
[2026-02-08T18:29:43.246+0000] {manager.py:737} INFO - Searching for files in /opt/airflow/dags
[2026-02-08T18:29:43.275+0000] {manager.py:740} INFO - There are 1 files in /opt/airflow/dags
[2026-02-08T18:30:04.464+0000] {manager.py:878} INFO - 
================================================================================
DAG File Processing Stats

File Path                        PID    Runtime      # DAGs    # Errors  Last Runtime    Last Run
-------------------------------  -----  ---------  --------  ----------  --------------  -------------------
/opt/airflow/dags/retraining.py                           1           0  2.55s           2026-02-08T18:29:45
================================================================================
[2026-02-08T18:30:34.720+0000] {manager.py:878} INFO - 
================================================================================
DAG File Processing Stats

File Path                        PID    Runtime      # DAGs    # Errors  Last Runtime    Last Run
-------------------------------  -----  ---------  --------  ----------  --------------  -------------------
/opt/airflow/dags/retraining.py                           1           0  2.90s           2026-02-08T18:30:18
================================================================================
[2026-02-08T18:31:04.822+0000] {manager.py:878} INFO - 
================================================================================
DAG File Processing Stats

File Path                        PID    Runtime      # DAGs    # Errors  Last Runtime    Last Run
-------------------------------  -----  ---------  --------  ----------  --------------  -------------------
/opt/airflow/dags/retraining.py                           1           0  3.88s           2026-02-08T18:30:52
================================================================================
[2026-02-08T18:31:35.416+0000] {manager.py:878} INFO - 
================================================================================
DAG File Processing Stats

File Path                        PID    Runtime      # DAGs    # Errors  Last Runtime    Last Run
-------------------------------  -----  ---------  --------  ----------  --------------  -------------------
/opt/airflow/dags/retraining.py                           1           0  2.66s           2026-02-08T18:31:25
================================================================================
[2026-02-08T18:32:05.984+0000] {manager.py:878} INFO - 
================================================================================
DAG File Processing Stats

File Path                        PID    Runtime      # DAGs    # Errors  Last Runtime    Last Run
-------------------------------  -----  ---------  --------  ----------  --------------  -------------------
/opt/airflow/dags/retraining.py                           1           0  3.23s           2026-02-08T18:31:59
================================================================================
[2026-02-08T18:32:36.409+0000] {manager.py:878} INFO - 
================================================================================
DAG File Processing Stats

File Path                        PID    Runtime      # DAGs    # Errors  Last Runtime    Last Run
-------------------------------  -----  ---------  --------  ----------  --------------  -------------------
/opt/airflow/dags/retraining.py                           1           0  2.67s           2026-02-08T18:32:31
================================================================================
[2026-02-08T18:33:06.654+0000] {manager.py:878} INFO - 
================================================================================
DAG File Processing Stats

File Path                        PID    Runtime      # DAGs    # Errors  Last Runtime    Last Run
-------------------------------  -----  ---------  --------  ----------  --------------  -------------------
/opt/airflow/dags/retraining.py                           1           0  2.75s           2026-02-08T18:33:04
================================================================================
[2026-02-08T18:33:36.934+0000] {manager.py:878} INFO - 
================================================================================
DAG File Processing Stats

File Path                          PID  Runtime      # DAGs    # Errors  Last Runtime    Last Run
-------------------------------  -----  ---------  --------  ----------  --------------  -------------------
/opt/airflow/dags/retraining.py   1427  1.74s             1           0  2.75s           2026-02-08T18:33:04
================================================================================
[2026-02-08T18:34:07.474+0000] {manager.py:878} INFO - 
================================================================================
DAG File Processing Stats

File Path                        PID    Runtime      # DAGs    # Errors  Last Runtime    Last Run
-------------------------------  -----  ---------  --------  ----------  --------------  -------------------
/opt/airflow/dags/retraining.py                           1           0  3.04s           2026-02-08T18:33:38
================================================================================
[2026-02-08T18:34:37.480+0000] {manager.py:878} INFO - 
================================================================================
DAG File Processing Stats

File Path                        PID    Runtime      # DAGs    # Errors  Last Runtime    Last Run
-------------------------------  -----  ---------  --------  ----------  --------------  -------------------
/opt/airflow/dags/retraining.py                           1           0  2.72s           2026-02-08T18:34:11
================================================================================
[2026-02-08T18:34:43.543+0000] {manager.py:737} INFO - Searching for files in /opt/airflow/dags
[2026-02-08T18:34:43.580+0000] {manager.py:740} INFO - There are 1 files in /opt/airflow/dags
[2026-02-08T18:35:07.816+0000] {manager.py:878} INFO - 
================================================================================
DAG File Processing Stats

File Path                        PID    Runtime      # DAGs    # Errors  Last Runtime    Last Run
-------------------------------  -----  ---------  --------  ----------  --------------  -------------------
/opt/airflow/dags/retraining.py                           1           0  3.23s           2026-02-08T18:34:44
================================================================================
[2026-02-08T18:35:38.220+0000] {manager.py:878} INFO - 
================================================================================
DAG File Processing Stats

File Path                        PID    Runtime      # DAGs    # Errors  Last Runtime    Last Run
-------------------------------  -----  ---------  --------  ----------  --------------  -------------------
/opt/airflow/dags/retraining.py                           1           0  2.57s           2026-02-08T18:35:17
================================================================================
[2026-02-08T18:36:08.471+0000] {manager.py:878} INFO - 
================================================================================
DAG File Processing Stats

File Path                        PID    Runtime      # DAGs    # Errors  Last Runtime    Last Run
-------------------------------  -----  ---------  --------  ----------  --------------  -------------------
/opt/airflow/dags/retraining.py                           1           0  2.84s           2026-02-08T18:35:50
================================================================================
[2026-02-08T18:36:38.800+0000] {manager.py:878} INFO - 
================================================================================
DAG File Processing Stats

File Path                        PID    Runtime      # DAGs    # Errors  Last Runtime    Last Run
-------------------------------  -----  ---------  --------  ----------  --------------  -------------------
/opt/airflow/dags/retraining.py                           1           0  3.13s           2026-02-08T18:36:23
================================================================================
[2026-02-08T18:37:09.121+0000] {manager.py:878} INFO - 
================================================================================
DAG File Processing Stats

File Path                        PID    Runtime      # DAGs    # Errors  Last Runtime    Last Run
-------------------------------  -----  ---------  --------  ----------  --------------  -------------------
/opt/airflow/dags/retraining.py                           1           0  2.69s           2026-02-08T18:36:56
================================================================================
[2026-02-08T18:37:39.368+0000] {manager.py:878} INFO - 
================================================================================
DAG File Processing Stats

File Path                        PID    Runtime      # DAGs    # Errors  Last Runtime    Last Run
-------------------------------  -----  ---------  --------  ----------  --------------  -------------------
/opt/airflow/dags/retraining.py                           1           0  3.72s           2026-02-08T18:37:30
================================================================================
[2026-02-08T18:38:09.644+0000] {manager.py:878} INFO - 
================================================================================
DAG File Processing Stats

File Path                        PID    Runtime      # DAGs    # Errors  Last Runtime    Last Run
-------------------------------  -----  ---------  --------  ----------  --------------  -------------------
/opt/airflow/dags/retraining.py                           1           0  2.73s           2026-02-08T18:38:03
================================================================================
[2026-02-08T18:38:39.943+0000] {manager.py:878} INFO - 
================================================================================
DAG File Processing Stats

File Path                        PID    Runtime      # DAGs    # Errors  Last Runtime    Last Run
-------------------------------  -----  ---------  --------  ----------  --------------  -------------------
/opt/airflow/dags/retraining.py                           1           0  3.24s           2026-02-08T18:38:37
================================================================================
[2026-02-08T18:39:09.982+0000] {manager.py:878} INFO - 
================================================================================
DAG File Processing Stats

File Path                        PID    Runtime      # DAGs    # Errors  Last Runtime    Last Run
-------------------------------  -----  ---------  --------  ----------  --------------  -------------------
/opt/airflow/dags/retraining.py                           1           0  2.75s           2026-02-08T18:39:09
================================================================================
[2026-02-08T18:39:40.257+0000] {manager.py:878} INFO - 
================================================================================
DAG File Processing Stats

File Path                          PID  Runtime      # DAGs    # Errors  Last Runtime    Last Run
-------------------------------  -----  ---------  --------  ----------  --------------  -------------------
/opt/airflow/dags/retraining.py   1631  0.00s             1           0  2.75s           2026-02-08T18:39:09
================================================================================
[2026-02-08T18:39:43.596+0000] {manager.py:737} INFO - Searching for files in /opt/airflow/dags
[2026-02-08T18:39:43.641+0000] {manager.py:740} INFO - There are 1 files in /opt/airflow/dags
[2026-02-08T18:40:10.748+0000] {manager.py:878} INFO - 
================================================================================
DAG File Processing Stats

File Path                        PID    Runtime      # DAGs    # Errors  Last Runtime    Last Run
-------------------------------  -----  ---------  --------  ----------  --------------  -------------------
/opt/airflow/dags/retraining.py                           1           0  3.34s           2026-02-08T18:39:43
================================================================================
[2026-02-08T18:40:41.141+0000] {manager.py:878} INFO - 
================================================================================
DAG File Processing Stats

File Path                        PID    Runtime      # DAGs    # Errors  Last Runtime    Last Run
-------------------------------  -----  ---------  --------  ----------  --------------  -------------------
/opt/airflow/dags/retraining.py                           1           0  2.70s           2026-02-08T18:40:16
================================================================================
[2026-02-08T18:41:11.998+0000] {manager.py:878} INFO - 
================================================================================
DAG File Processing Stats

File Path                        PID    Runtime      # DAGs    # Errors  Last Runtime    Last Run
-------------------------------  -----  ---------  --------  ----------  --------------  -------------------
/opt/airflow/dags/retraining.py                           1           0  3.09s           2026-02-08T18:40:49
================================================================================
[2026-02-08T18:41:42.249+0000] {manager.py:878} INFO - 
================================================================================
DAG File Processing Stats

File Path                        PID    Runtime      # DAGs    # Errors  Last Runtime    Last Run
-------------------------------  -----  ---------  --------  ----------  --------------  -------------------
/opt/airflow/dags/retraining.py                           1           0  2.66s           2026-02-08T18:41:22
================================================================================
[2026-02-08T18:42:13.154+0000] {manager.py:878} INFO - 
================================================================================
DAG File Processing Stats

File Path                        PID    Runtime      # DAGs    # Errors  Last Runtime    Last Run
-------------------------------  -----  ---------  --------  ----------  --------------  -------------------
/opt/airflow/dags/retraining.py                           1           0  3.08s           2026-02-08T18:41:56
================================================================================
[2026-02-08T18:42:43.406+0000] {manager.py:878} INFO - 
================================================================================
DAG File Processing Stats

File Path                        PID    Runtime      # DAGs    # Errors  Last Runtime    Last Run
-------------------------------  -----  ---------  --------  ----------  --------------  -------------------
/opt/airflow/dags/retraining.py                           1           0  2.57s           2026-02-08T18:42:28
================================================================================
[2026-02-08T18:43:13.550+0000] {manager.py:878} INFO - 
================================================================================
DAG File Processing Stats

File Path                        PID    Runtime      # DAGs    # Errors  Last Runtime    Last Run
-------------------------------  -----  ---------  --------  ----------  --------------  -------------------
/opt/airflow/dags/retraining.py                           1           0  3.37s           2026-02-08T18:43:02
================================================================================
[2026-02-08T18:43:43.764+0000] {manager.py:878} INFO - 
================================================================================
DAG File Processing Stats

File Path                        PID    Runtime      # DAGs    # Errors  Last Runtime    Last Run
-------------------------------  -----  ---------  --------  ----------  --------------  -------------------
/opt/airflow/dags/retraining.py                           1           0  2.62s           2026-02-08T18:43:35
================================================================================
[2026-02-08T18:44:14.664+0000] {manager.py:878} INFO - 
================================================================================
DAG File Processing Stats

File Path                        PID    Runtime      # DAGs    # Errors  Last Runtime    Last Run
-------------------------------  -----  ---------  --------  ----------  --------------  -------------------
/opt/airflow/dags/retraining.py                           1           0  3.11s           2026-02-08T18:44:08
================================================================================
[2026-02-08T18:44:43.714+0000] {manager.py:737} INFO - Searching for files in /opt/airflow/dags
[2026-02-08T18:44:43.751+0000] {manager.py:740} INFO - There are 1 files in /opt/airflow/dags
[2026-02-08T18:44:44.773+0000] {manager.py:878} INFO - 
================================================================================
DAG File Processing Stats

File Path                        PID    Runtime      # DAGs    # Errors  Last Runtime    Last Run
-------------------------------  -----  ---------  --------  ----------  --------------  -------------------
/opt/airflow/dags/retraining.py                           1           0  2.80s           2026-02-08T18:44:41
================================================================================
[2026-02-08T18:45:15.057+0000] {manager.py:878} INFO - 
================================================================================
DAG File Processing Stats

File Path                          PID  Runtime      # DAGs    # Errors  Last Runtime    Last Run
-------------------------------  -----  ---------  --------  ----------  --------------  -------------------
/opt/airflow/dags/retraining.py   1808  3.02s             1           0  2.80s           2026-02-08T18:44:41
================================================================================
[2026-02-08T18:45:45.315+0000] {manager.py:878} INFO - 
================================================================================
DAG File Processing Stats

File Path                          PID  Runtime      # DAGs    # Errors  Last Runtime    Last Run
-------------------------------  -----  ---------  --------  ----------  --------------  -------------------
/opt/airflow/dags/retraining.py   1825  0.01s             1           0  3.12s           2026-02-08T18:45:15
================================================================================
[2026-02-08T18:46:15.600+0000] {manager.py:878} INFO - 
================================================================================
DAG File Processing Stats

File Path                        PID    Runtime      # DAGs    # Errors  Last Runtime    Last Run
-------------------------------  -----  ---------  --------  ----------  --------------  -------------------
/opt/airflow/dags/retraining.py                           1           0  2.71s           2026-02-08T18:45:48
================================================================================
[2026-02-08T18:46:45.757+0000] {manager.py:878} INFO - 
================================================================================
DAG File Processing Stats

File Path                        PID    Runtime      # DAGs    # Errors  Last Runtime    Last Run
-------------------------------  -----  ---------  --------  ----------  --------------  -------------------
/opt/airflow/dags/retraining.py                           1           0  3.29s           2026-02-08T18:46:21
================================================================================
[2026-02-08T18:47:15.762+0000] {manager.py:878} INFO - 
================================================================================
DAG File Processing Stats

File Path                        PID    Runtime      # DAGs    # Errors  Last Runtime    Last Run
-------------------------------  -----  ---------  --------  ----------  --------------  -------------------
/opt/airflow/dags/retraining.py                           1           0  2.84s           2026-02-08T18:46:54
================================================================================
[2026-02-08T18:47:46.086+0000] {manager.py:878} INFO - 
================================================================================
DAG File Processing Stats

File Path                        PID    Runtime      # DAGs    # Errors  Last Runtime    Last Run
-------------------------------  -----  ---------  --------  ----------  --------------  -------------------
/opt/airflow/dags/retraining.py                           1           0  4.02s           2026-02-08T18:47:28
================================================================================
[2026-02-08T18:48:16.339+0000] {manager.py:878} INFO - 
================================================================================
DAG File Processing Stats

File Path                        PID    Runtime      # DAGs    # Errors  Last Runtime    Last Run
-------------------------------  -----  ---------  --------  ----------  --------------  -------------------
/opt/airflow/dags/retraining.py                           1           0  2.73s           2026-02-08T18:48:01
================================================================================
[2026-02-08T18:48:46.526+0000] {manager.py:878} INFO - 
================================================================================
DAG File Processing Stats

File Path                        PID    Runtime      # DAGs    # Errors  Last Runtime    Last Run
-------------------------------  -----  ---------  --------  ----------  --------------  -------------------
/opt/airflow/dags/retraining.py                           1           0  3.25s           2026-02-08T18:48:35
================================================================================
[2026-02-08T18:49:16.775+0000] {manager.py:878} INFO - 
================================================================================
DAG File Processing Stats

File Path                        PID    Runtime      # DAGs    # Errors  Last Runtime    Last Run
-------------------------------  -----  ---------  --------  ----------  --------------  -------------------
/opt/airflow/dags/retraining.py                           1           0  2.83s           2026-02-08T18:49:08
================================================================================
[2026-02-08T18:49:44.675+0000] {manager.py:737} INFO - Searching for files in /opt/airflow/dags
[2026-02-08T18:49:44.705+0000] {manager.py:740} INFO - There are 1 files in /opt/airflow/dags
[2026-02-08T18:49:47.739+0000] {manager.py:878} INFO - 
================================================================================
DAG File Processing Stats

File Path                        PID    Runtime      # DAGs    # Errors  Last Runtime    Last Run
-------------------------------  -----  ---------  --------  ----------  --------------  -------------------
/opt/airflow/dags/retraining.py                           1           0  3.04s           2026-02-08T18:49:41
================================================================================
[2026-02-08T18:50:18.012+0000] {manager.py:878} INFO - 
================================================================================
DAG File Processing Stats

File Path                        PID    Runtime      # DAGs    # Errors  Last Runtime    Last Run
-------------------------------  -----  ---------  --------  ----------  --------------  -------------------
/opt/airflow/dags/retraining.py                           1           0  3.64s           2026-02-08T18:50:15
================================================================================
[2026-02-08T18:50:48.334+0000] {manager.py:878} INFO - 
================================================================================
DAG File Processing Stats

File Path                          PID  Runtime      # DAGs    # Errors  Last Runtime    Last Run
-------------------------------  -----  ---------  --------  ----------  --------------  -------------------
/opt/airflow/dags/retraining.py   1984  2.47s             1           0  3.64s           2026-02-08T18:50:15
================================================================================
[2026-02-08T18:51:18.620+0000] {manager.py:878} INFO - 
================================================================================
DAG File Processing Stats

File Path                          PID  Runtime      # DAGs    # Errors  Last Runtime    Last Run
-------------------------------  -----  ---------  --------  ----------  --------------  -------------------
/opt/airflow/dags/retraining.py   2002  0.01s             1           0  2.60s           2026-02-08T18:50:48
================================================================================
[2026-02-08T18:51:48.941+0000] {manager.py:878} INFO - 
================================================================================
DAG File Processing Stats

File Path                        PID    Runtime      # DAGs    # Errors  Last Runtime    Last Run
-------------------------------  -----  ---------  --------  ----------  --------------  -------------------
/opt/airflow/dags/retraining.py                           1           0  3.42s           2026-02-08T18:51:22
================================================================================
[2026-02-08T18:52:19.186+0000] {manager.py:878} INFO - 
================================================================================
DAG File Processing Stats

File Path                        PID    Runtime      # DAGs    # Errors  Last Runtime    Last Run
-------------------------------  -----  ---------  --------  ----------  --------------  -------------------
/opt/airflow/dags/retraining.py                           1           0  2.70s           2026-02-08T18:51:54
================================================================================
[2026-02-08T18:52:49.776+0000] {manager.py:878} INFO - 
================================================================================
DAG File Processing Stats

File Path                        PID    Runtime      # DAGs    # Errors  Last Runtime    Last Run
-------------------------------  -----  ---------  --------  ----------  --------------  -------------------
/opt/airflow/dags/retraining.py                           1           0  3.68s           2026-02-08T18:52:28
================================================================================
[2026-02-08T18:53:20.360+0000] {manager.py:878} INFO - 
================================================================================
DAG File Processing Stats

File Path                        PID    Runtime      # DAGs    # Errors  Last Runtime    Last Run
-------------------------------  -----  ---------  --------  ----------  --------------  -------------------
/opt/airflow/dags/retraining.py                           1           0  3.17s           2026-02-08T18:53:02
================================================================================
[2026-02-08T18:53:50.692+0000] {manager.py:878} INFO - 
================================================================================
DAG File Processing Stats

File Path                        PID    Runtime      # DAGs    # Errors  Last Runtime    Last Run
-------------------------------  -----  ---------  --------  ----------  --------------  -------------------
/opt/airflow/dags/retraining.py                           1           0  2.69s           2026-02-08T18:53:35
================================================================================
[2026-02-08T18:54:21.525+0000] {manager.py:878} INFO - 
================================================================================
DAG File Processing Stats

File Path                        PID    Runtime      # DAGs    # Errors  Last Runtime    Last Run
-------------------------------  -----  ---------  --------  ----------  --------------  -------------------
/opt/airflow/dags/retraining.py                           1           0  3.10s           2026-02-08T18:54:08
================================================================================
[2026-02-08T18:54:44.781+0000] {manager.py:737} INFO - Searching for files in /opt/airflow/dags
[2026-02-08T18:54:44.863+0000] {manager.py:740} INFO - There are 1 files in /opt/airflow/dags
[2026-02-08T18:54:51.655+0000] {manager.py:878} INFO - 
================================================================================
DAG File Processing Stats

File Path                        PID    Runtime      # DAGs    # Errors  Last Runtime    Last Run
-------------------------------  -----  ---------  --------  ----------  --------------  -------------------
/opt/airflow/dags/retraining.py                           1           0  2.84s           2026-02-08T18:54:41
================================================================================
[2026-02-08T18:55:21.690+0000] {manager.py:878} INFO - 
================================================================================
DAG File Processing Stats

File Path                        PID    Runtime      # DAGs    # Errors  Last Runtime    Last Run
-------------------------------  -----  ---------  --------  ----------  --------------  -------------------
/opt/airflow/dags/retraining.py                           1           0  2.79s           2026-02-08T18:55:14
================================================================================
[2026-02-08T18:55:51.932+0000] {manager.py:878} INFO - 
================================================================================
DAG File Processing Stats

File Path                        PID    Runtime      # DAGs    # Errors  Last Runtime    Last Run
-------------------------------  -----  ---------  --------  ----------  --------------  -------------------
/opt/airflow/dags/retraining.py                           1           0  3.09s           2026-02-08T18:55:47
================================================================================
[2026-02-08T18:56:22.229+0000] {manager.py:878} INFO - 
================================================================================
DAG File Processing Stats

File Path                        PID    Runtime      # DAGs    # Errors  Last Runtime    Last Run
-------------------------------  -----  ---------  --------  ----------  --------------  -------------------
/opt/airflow/dags/retraining.py                           1           0  2.66s           2026-02-08T18:56:20
================================================================================
[2026-02-08T18:56:52.462+0000] {manager.py:878} INFO - 
================================================================================
DAG File Processing Stats

File Path                          PID  Runtime      # DAGs    # Errors  Last Runtime    Last Run
-------------------------------  -----  ---------  --------  ----------  --------------  -------------------
/opt/airflow/dags/retraining.py   2181  1.31s             1           0  2.66s           2026-02-08T18:56:20
================================================================================
[2026-02-08T18:57:22.475+0000] {manager.py:878} INFO - 
================================================================================
DAG File Processing Stats

File Path                        PID    Runtime      # DAGs    # Errors  Last Runtime    Last Run
-------------------------------  -----  ---------  --------  ----------  --------------  -------------------
/opt/airflow/dags/retraining.py                           1           0  3.13s           2026-02-08T18:56:54
================================================================================
[2026-02-08T18:57:52.613+0000] {manager.py:878} INFO - 
================================================================================
DAG File Processing Stats

File Path                        PID    Runtime      # DAGs    # Errors  Last Runtime    Last Run
-------------------------------  -----  ---------  --------  ----------  --------------  -------------------
/opt/airflow/dags/retraining.py                           1           0  3.07s           2026-02-08T18:57:27
================================================================================
[2026-02-08T18:58:22.912+0000] {manager.py:878} INFO - 
================================================================================
DAG File Processing Stats

File Path                        PID    Runtime      # DAGs    # Errors  Last Runtime    Last Run
-------------------------------  -----  ---------  --------  ----------  --------------  -------------------
/opt/airflow/dags/retraining.py                           1           0  2.69s           2026-02-08T18:58:00
================================================================================
[2026-02-08T18:58:53.172+0000] {manager.py:878} INFO - 
================================================================================
DAG File Processing Stats

File Path                        PID    Runtime      # DAGs    # Errors  Last Runtime    Last Run
-------------------------------  -----  ---------  --------  ----------  --------------  -------------------
/opt/airflow/dags/retraining.py                           1           0  3.37s           2026-02-08T18:58:34
================================================================================
[2026-02-08T18:59:23.469+0000] {manager.py:878} INFO - 
================================================================================
DAG File Processing Stats

File Path                        PID    Runtime      # DAGs    # Errors  Last Runtime    Last Run
-------------------------------  -----  ---------  --------  ----------  --------------  -------------------
/opt/airflow/dags/retraining.py                           1           0  3.05s           2026-02-08T18:59:07
================================================================================
[2026-02-08T18:59:45.347+0000] {manager.py:737} INFO - Searching for files in /opt/airflow/dags
[2026-02-08T18:59:45.382+0000] {manager.py:740} INFO - There are 1 files in /opt/airflow/dags
[2026-02-08T18:59:53.732+0000] {manager.py:878} INFO - 
================================================================================
DAG File Processing Stats

File Path                        PID    Runtime      # DAGs    # Errors  Last Runtime    Last Run
-------------------------------  -----  ---------  --------  ----------  --------------  -------------------
/opt/airflow/dags/retraining.py                           1           0  2.70s           2026-02-08T18:59:40
================================================================================
[2026-02-08T19:00:23.985+0000] {manager.py:878} INFO - 
================================================================================
DAG File Processing Stats

File Path                        PID    Runtime      # DAGs    # Errors  Last Runtime    Last Run
-------------------------------  -----  ---------  --------  ----------  --------------  -------------------
/opt/airflow/dags/retraining.py                           1           0  3.31s           2026-02-08T19:00:13
================================================================================
[2026-02-08T19:00:54.282+0000] {manager.py:878} INFO - 
================================================================================
DAG File Processing Stats

File Path                        PID    Runtime      # DAGs    # Errors  Last Runtime    Last Run
-------------------------------  -----  ---------  --------  ----------  --------------  -------------------
/opt/airflow/dags/retraining.py                           1           0  2.66s           2026-02-08T19:00:46
================================================================================
[2026-02-08T19:01:24.520+0000] {manager.py:878} INFO - 
================================================================================
DAG File Processing Stats

File Path                        PID    Runtime      # DAGs    # Errors  Last Runtime    Last Run
-------------------------------  -----  ---------  --------  ----------  --------------  -------------------
/opt/airflow/dags/retraining.py                           1           0  2.62s           2026-02-08T19:01:19
================================================================================
[2026-02-08T19:01:55.087+0000] {manager.py:878} INFO - 
================================================================================
DAG File Processing Stats

File Path                        PID    Runtime      # DAGs    # Errors  Last Runtime    Last Run
-------------------------------  -----  ---------  --------  ----------  --------------  -------------------
/opt/airflow/dags/retraining.py                           1           0  3.31s           2026-02-08T19:01:53
================================================================================
[2026-02-08T19:02:25.345+0000] {manager.py:878} INFO - 
================================================================================
DAG File Processing Stats

File Path                          PID  Runtime      # DAGs    # Errors  Last Runtime    Last Run
-------------------------------  -----  ---------  --------  ----------  --------------  -------------------
/opt/airflow/dags/retraining.py   2357  1.75s             1           0  3.31s           2026-02-08T19:01:53
================================================================================
[2026-02-08T19:02:55.613+0000] {manager.py:878} INFO - 
================================================================================
DAG File Processing Stats

File Path                        PID    Runtime      # DAGs    # Errors  Last Runtime    Last Run
-------------------------------  -----  ---------  --------  ----------  --------------  -------------------
/opt/airflow/dags/retraining.py                           1           0  2.80s           2026-02-08T19:02:26
================================================================================
[2026-02-08T19:03:25.925+0000] {manager.py:878} INFO - 
================================================================================
DAG File Processing Stats

File Path                        PID    Runtime      # DAGs    # Errors  Last Runtime    Last Run
-------------------------------  -----  ---------  --------  ----------  --------------  -------------------
/opt/airflow/dags/retraining.py                           1           0  3.10s           2026-02-08T19:02:59
================================================================================
[2026-02-08T19:03:56.262+0000] {manager.py:878} INFO - 
================================================================================
DAG File Processing Stats

File Path                        PID    Runtime      # DAGs    # Errors  Last Runtime    Last Run
-------------------------------  -----  ---------  --------  ----------  --------------  -------------------
/opt/airflow/dags/retraining.py                           1           0  3.24s           2026-02-08T19:03:33
================================================================================
[2026-02-08T19:04:26.500+0000] {manager.py:878} INFO - 
================================================================================
DAG File Processing Stats

File Path                        PID    Runtime      # DAGs    # Errors  Last Runtime    Last Run
-------------------------------  -----  ---------  --------  ----------  --------------  -------------------
/opt/airflow/dags/retraining.py                           1           0  3.06s           2026-02-08T19:04:06
================================================================================
[2026-02-08T19:04:45.716+0000] {manager.py:737} INFO - Searching for files in /opt/airflow/dags
[2026-02-08T19:04:45.761+0000] {manager.py:740} INFO - There are 1 files in /opt/airflow/dags
[2026-02-08T19:04:56.851+0000] {manager.py:878} INFO - 
================================================================================
DAG File Processing Stats

File Path                        PID    Runtime      # DAGs    # Errors  Last Runtime    Last Run
-------------------------------  -----  ---------  --------  ----------  --------------  -------------------
/opt/airflow/dags/retraining.py                           1           0  2.62s           2026-02-08T19:04:39
================================================================================
[2026-02-08T19:05:26.885+0000] {manager.py:878} INFO - 
================================================================================
DAG File Processing Stats

File Path                        PID    Runtime      # DAGs    # Errors  Last Runtime    Last Run
-------------------------------  -----  ---------  --------  ----------  --------------  -------------------
/opt/airflow/dags/retraining.py                           1           0  3.28s           2026-02-08T19:05:12
================================================================================
[2026-02-08T19:05:56.892+0000] {manager.py:878} INFO - 
================================================================================
DAG File Processing Stats

File Path                        PID    Runtime      # DAGs    # Errors  Last Runtime    Last Run
-------------------------------  -----  ---------  --------  ----------  --------------  -------------------
/opt/airflow/dags/retraining.py                           1           0  3.00s           2026-02-08T19:05:46
================================================================================
[2026-02-08T19:06:27.310+0000] {manager.py:878} INFO - 
================================================================================
DAG File Processing Stats

File Path                        PID    Runtime      # DAGs    # Errors  Last Runtime    Last Run
-------------------------------  -----  ---------  --------  ----------  --------------  -------------------
/opt/airflow/dags/retraining.py                           1           0  2.67s           2026-02-08T19:06:18
================================================================================
[2026-02-08T19:06:57.543+0000] {manager.py:878} INFO - 
================================================================================
DAG File Processing Stats

File Path                        PID    Runtime      # DAGs    # Errors  Last Runtime    Last Run
-------------------------------  -----  ---------  --------  ----------  --------------  -------------------
/opt/airflow/dags/retraining.py                           1           0  3.65s           2026-02-08T19:06:52
================================================================================
[2026-02-08T19:07:27.947+0000] {manager.py:878} INFO - 
================================================================================
DAG File Processing Stats

File Path                        PID    Runtime      # DAGs    # Errors  Last Runtime    Last Run
-------------------------------  -----  ---------  --------  ----------  --------------  -------------------
/opt/airflow/dags/retraining.py                           1           0  3.38s           2026-02-08T19:07:26
================================================================================
[2026-02-08T19:07:58.273+0000] {manager.py:878} INFO - 
================================================================================
DAG File Processing Stats

File Path                          PID  Runtime      # DAGs    # Errors  Last Runtime    Last Run
-------------------------------  -----  ---------  --------  ----------  --------------  -------------------
/opt/airflow/dags/retraining.py   2533  2.02s             1           0  3.38s           2026-02-08T19:07:26
================================================================================
[2026-02-08T19:08:28.711+0000] {manager.py:878} INFO - 
================================================================================
DAG File Processing Stats

File Path                        PID    Runtime      # DAGs    # Errors  Last Runtime    Last Run
-------------------------------  -----  ---------  --------  ----------  --------------  -------------------
/opt/airflow/dags/retraining.py                           1           0  2.60s           2026-02-08T19:07:58
================================================================================
[2026-02-08T19:08:58.952+0000] {manager.py:878} INFO - 
================================================================================
DAG File Processing Stats

File Path                        PID    Runtime      # DAGs    # Errors  Last Runtime    Last Run
-------------------------------  -----  ---------  --------  ----------  --------------  -------------------
/opt/airflow/dags/retraining.py                           1           0  2.65s           2026-02-08T19:08:31
================================================================================
[2026-02-08T19:09:29.195+0000] {manager.py:878} INFO - 
================================================================================
DAG File Processing Stats

File Path                        PID    Runtime      # DAGs    # Errors  Last Runtime    Last Run
-------------------------------  -----  ---------  --------  ----------  --------------  -------------------
/opt/airflow/dags/retraining.py                           1           0  3.24s           2026-02-08T19:09:05
================================================================================
[2026-02-08T19:09:46.218+0000] {manager.py:737} INFO - Searching for files in /opt/airflow/dags
[2026-02-08T19:09:46.254+0000] {manager.py:740} INFO - There are 1 files in /opt/airflow/dags
[2026-02-08T19:09:59.366+0000] {manager.py:878} INFO - 
================================================================================
DAG File Processing Stats

File Path                        PID    Runtime      # DAGs    # Errors  Last Runtime    Last Run
-------------------------------  -----  ---------  --------  ----------  --------------  -------------------
/opt/airflow/dags/retraining.py                           1           0  2.88s           2026-02-08T19:09:38
================================================================================
[2026-02-08T19:10:29.871+0000] {manager.py:878} INFO - 
================================================================================
DAG File Processing Stats

File Path                        PID    Runtime      # DAGs    # Errors  Last Runtime    Last Run
-------------------------------  -----  ---------  --------  ----------  --------------  -------------------
/opt/airflow/dags/retraining.py                           1           0  2.61s           2026-02-08T19:10:11
================================================================================
[2026-02-08T19:11:00.005+0000] {manager.py:878} INFO - 
================================================================================
DAG File Processing Stats

File Path                        PID    Runtime      # DAGs    # Errors  Last Runtime    Last Run
-------------------------------  -----  ---------  --------  ----------  --------------  -------------------
/opt/airflow/dags/retraining.py                           1           0  3.56s           2026-02-08T19:10:44
================================================================================
[2026-02-08T19:11:30.247+0000] {manager.py:878} INFO - 
================================================================================
DAG File Processing Stats

File Path                        PID    Runtime      # DAGs    # Errors  Last Runtime    Last Run
-------------------------------  -----  ---------  --------  ----------  --------------  -------------------
/opt/airflow/dags/retraining.py                           1           0  3.11s           2026-02-08T19:11:18
================================================================================
[2026-02-08T19:12:00.564+0000] {manager.py:878} INFO - 
================================================================================
DAG File Processing Stats

File Path                        PID    Runtime      # DAGs    # Errors  Last Runtime    Last Run
-------------------------------  -----  ---------  --------  ----------  --------------  -------------------
/opt/airflow/dags/retraining.py                           1           0  2.68s           2026-02-08T19:11:51
================================================================================
[2026-02-08T19:12:30.778+0000] {manager.py:878} INFO - 
================================================================================
DAG File Processing Stats

File Path                        PID    Runtime      # DAGs    # Errors  Last Runtime    Last Run
-------------------------------  -----  ---------  --------  ----------  --------------  -------------------
/opt/airflow/dags/retraining.py                           1           0  2.60s           2026-02-08T19:12:23
================================================================================
[2026-02-08T19:13:01.259+0000] {manager.py:878} INFO - 
================================================================================
DAG File Processing Stats

File Path                        PID    Runtime      # DAGs    # Errors  Last Runtime    Last Run
-------------------------------  -----  ---------  --------  ----------  --------------  -------------------
/opt/airflow/dags/retraining.py                           1           0  3.06s           2026-02-08T19:12:57
================================================================================
[2026-02-08T19:13:31.466+0000] {manager.py:878} INFO - 
================================================================================
DAG File Processing Stats

File Path                        PID    Runtime      # DAGs    # Errors  Last Runtime    Last Run
-------------------------------  -----  ---------  --------  ----------  --------------  -------------------
/opt/airflow/dags/retraining.py                           1           0  2.97s           2026-02-08T19:13:30
================================================================================
[2026-02-08T19:14:01.734+0000] {manager.py:878} INFO - 
================================================================================
DAG File Processing Stats

File Path                          PID  Runtime      # DAGs    # Errors  Last Runtime    Last Run
-------------------------------  -----  ---------  --------  ----------  --------------  -------------------
/opt/airflow/dags/retraining.py   2727  1.01s             1           0  2.97s           2026-02-08T19:13:30
================================================================================
[2026-02-08T19:14:31.765+0000] {manager.py:878} INFO - 
================================================================================
DAG File Processing Stats

File Path                        PID    Runtime      # DAGs    # Errors  Last Runtime    Last Run
-------------------------------  -----  ---------  --------  ----------  --------------  -------------------
/opt/airflow/dags/retraining.py                           1           0  2.78s           2026-02-08T19:14:03
================================================================================
[2026-02-08T19:14:46.806+0000] {manager.py:737} INFO - Searching for files in /opt/airflow/dags
[2026-02-08T19:14:46.837+0000] {manager.py:740} INFO - There are 1 files in /opt/airflow/dags
[2026-02-08T19:15:02.019+0000] {manager.py:878} INFO - 
================================================================================
DAG File Processing Stats

File Path                        PID    Runtime      # DAGs    # Errors  Last Runtime    Last Run
-------------------------------  -----  ---------  --------  ----------  --------------  -------------------
/opt/airflow/dags/retraining.py                           1           0  2.92s           2026-02-08T19:14:36
================================================================================
[2026-02-08T19:15:32.314+0000] {manager.py:878} INFO - 
================================================================================
DAG File Processing Stats

File Path                        PID    Runtime      # DAGs    # Errors  Last Runtime    Last Run
-------------------------------  -----  ---------  --------  ----------  --------------  -------------------
/opt/airflow/dags/retraining.py                           1           0  3.20s           2026-02-08T19:15:10
================================================================================
[2026-02-08T19:16:02.632+0000] {manager.py:878} INFO - 
================================================================================
DAG File Processing Stats

File Path                        PID    Runtime      # DAGs    # Errors  Last Runtime    Last Run
-------------------------------  -----  ---------  --------  ----------  --------------  -------------------
/opt/airflow/dags/retraining.py                           1           0  3.30s           2026-02-08T19:15:43
================================================================================
[2026-02-08T19:16:33.056+0000] {manager.py:878} INFO - 
================================================================================
DAG File Processing Stats

File Path                        PID    Runtime      # DAGs    # Errors  Last Runtime    Last Run
-------------------------------  -----  ---------  --------  ----------  --------------  -------------------
/opt/airflow/dags/retraining.py                           1           0  2.60s           2026-02-08T19:16:16
================================================================================
[2026-02-08T19:17:03.688+0000] {manager.py:878} INFO - 
================================================================================
DAG File Processing Stats

File Path                        PID    Runtime      # DAGs    # Errors  Last Runtime    Last Run
-------------------------------  -----  ---------  --------  ----------  --------------  -------------------
/opt/airflow/dags/retraining.py                           1           0  3.27s           2026-02-08T19:16:49
================================================================================
[2026-02-08T19:17:34.177+0000] {manager.py:878} INFO - 
================================================================================
DAG File Processing Stats

File Path                        PID    Runtime      # DAGs    # Errors  Last Runtime    Last Run
-------------------------------  -----  ---------  --------  ----------  --------------  -------------------
/opt/airflow/dags/retraining.py                           1           0  3.31s           2026-02-08T19:17:23
================================================================================
[2026-02-08T19:18:04.712+0000] {manager.py:878} INFO - 
================================================================================
DAG File Processing Stats

File Path                        PID    Runtime      # DAGs    # Errors  Last Runtime    Last Run
-------------------------------  -----  ---------  --------  ----------  --------------  -------------------
/opt/airflow/dags/retraining.py                           1           0  3.21s           2026-02-08T19:17:56
================================================================================
[2026-02-08T19:18:35.174+0000] {manager.py:878} INFO - 
================================================================================
DAG File Processing Stats

File Path                        PID    Runtime      # DAGs    # Errors  Last Runtime    Last Run
-------------------------------  -----  ---------  --------  ----------  --------------  -------------------
/opt/airflow/dags/retraining.py                           1           0  2.52s           2026-02-08T19:18:29
================================================================================
[2026-02-08T19:19:05.323+0000] {manager.py:878} INFO - 
================================================================================
DAG File Processing Stats

File Path                        PID    Runtime      # DAGs    # Errors  Last Runtime    Last Run
-------------------------------  -----  ---------  --------  ----------  --------------  -------------------
/opt/airflow/dags/retraining.py                           1           0  2.63s           2026-02-08T19:19:02
================================================================================
[2026-02-08T19:19:35.585+0000] {manager.py:878} INFO - 
================================================================================
DAG File Processing Stats

File Path                          PID  Runtime      # DAGs    # Errors  Last Runtime    Last Run
-------------------------------  -----  ---------  --------  ----------  --------------  -------------------
/opt/airflow/dags/retraining.py   2904  3.02s             1           0  2.63s           2026-02-08T19:19:02
================================================================================
[2026-02-08T19:19:47.678+0000] {manager.py:737} INFO - Searching for files in /opt/airflow/dags
[2026-02-08T19:19:47.765+0000] {manager.py:740} INFO - There are 1 files in /opt/airflow/dags
[2026-02-08T19:20:05.974+0000] {manager.py:878} INFO - 
================================================================================
DAG File Processing Stats

File Path                          PID  Runtime      # DAGs    # Errors  Last Runtime    Last Run
-------------------------------  -----  ---------  --------  ----------  --------------  -------------------
/opt/airflow/dags/retraining.py   2921  0.00s             1           0  3.06s           2026-02-08T19:19:35
================================================================================
[2026-02-08T19:20:36.215+0000] {manager.py:878} INFO - 
================================================================================
DAG File Processing Stats

File Path                        PID    Runtime      # DAGs    # Errors  Last Runtime    Last Run
-------------------------------  -----  ---------  --------  ----------  --------------  -------------------
/opt/airflow/dags/retraining.py                           1           0  3.26s           2026-02-08T19:20:09
================================================================================
[2026-02-08T19:21:06.288+0000] {manager.py:878} INFO - 
================================================================================
DAG File Processing Stats

File Path                        PID    Runtime      # DAGs    # Errors  Last Runtime    Last Run
-------------------------------  -----  ---------  --------  ----------  --------------  -------------------
/opt/airflow/dags/retraining.py                           1           0  2.83s           2026-02-08T19:20:42
================================================================================
[2026-02-08T19:21:36.579+0000] {manager.py:878} INFO - 
================================================================================
DAG File Processing Stats

File Path                        PID    Runtime      # DAGs    # Errors  Last Runtime    Last Run
-------------------------------  -----  ---------  --------  ----------  --------------  -------------------
/opt/airflow/dags/retraining.py                           1           0  3.05s           2026-02-08T19:21:15
================================================================================
[2026-02-08T19:22:06.824+0000] {manager.py:878} INFO - 
================================================================================
DAG File Processing Stats

File Path                        PID    Runtime      # DAGs    # Errors  Last Runtime    Last Run
-------------------------------  -----  ---------  --------  ----------  --------------  -------------------
/opt/airflow/dags/retraining.py                           1           0  3.70s           2026-02-08T19:21:49
================================================================================
[2026-02-08T19:22:36.910+0000] {manager.py:878} INFO - 
================================================================================
DAG File Processing Stats

File Path                        PID    Runtime      # DAGs    # Errors  Last Runtime    Last Run
-------------------------------  -----  ---------  --------  ----------  --------------  -------------------
/opt/airflow/dags/retraining.py                           1           0  3.21s           2026-02-08T19:22:22
================================================================================
[2026-02-08T19:23:07.433+0000] {manager.py:878} INFO - 
================================================================================
DAG File Processing Stats

File Path                        PID    Runtime      # DAGs    # Errors  Last Runtime    Last Run
-------------------------------  -----  ---------  --------  ----------  --------------  -------------------
/opt/airflow/dags/retraining.py                           1           0  7.27s           2026-02-08T19:23:00
================================================================================
[2026-02-08T19:23:37.529+0000] {manager.py:878} INFO - 
================================================================================
DAG File Processing Stats

File Path                        PID    Runtime      # DAGs    # Errors  Last Runtime    Last Run
-------------------------------  -----  ---------  --------  ----------  --------------  -------------------
/opt/airflow/dags/retraining.py                           1           0  5.70s           2026-02-08T19:23:36
================================================================================
[2026-02-08T19:24:07.818+0000] {manager.py:878} INFO - 
================================================================================
DAG File Processing Stats

File Path                          PID  Runtime      # DAGs    # Errors  Last Runtime    Last Run
-------------------------------  -----  ---------  --------  ----------  --------------  -------------------
/opt/airflow/dags/retraining.py   3046  1.02s             1           0  5.70s           2026-02-08T19:23:36
================================================================================
[2026-02-08T19:24:38.117+0000] {manager.py:878} INFO - 
================================================================================
DAG File Processing Stats

File Path                        PID    Runtime      # DAGs    # Errors  Last Runtime    Last Run
-------------------------------  -----  ---------  --------  ----------  --------------  -------------------
/opt/airflow/dags/retraining.py                           1           0  5.11s           2026-02-08T19:24:11
================================================================================
[2026-02-08T19:24:48.202+0000] {manager.py:737} INFO - Searching for files in /opt/airflow/dags
[2026-02-08T19:24:48.256+0000] {manager.py:740} INFO - There are 1 files in /opt/airflow/dags
[2026-02-08T19:25:08.427+0000] {manager.py:878} INFO - 
================================================================================
DAG File Processing Stats

File Path                        PID    Runtime      # DAGs    # Errors  Last Runtime    Last Run
-------------------------------  -----  ---------  --------  ----------  --------------  -------------------
/opt/airflow/dags/retraining.py                           1           0  5.02s           2026-02-08T19:24:47
================================================================================
[2026-02-08T19:25:38.635+0000] {manager.py:878} INFO - 
================================================================================
DAG File Processing Stats

File Path                        PID    Runtime      # DAGs    # Errors  Last Runtime    Last Run
-------------------------------  -----  ---------  --------  ----------  --------------  -------------------
/opt/airflow/dags/retraining.py                           1           0  4.94s           2026-02-08T19:25:22
================================================================================
[2026-02-08T19:26:09.004+0000] {manager.py:878} INFO - 
================================================================================
DAG File Processing Stats

File Path                        PID    Runtime      # DAGs    # Errors  Last Runtime    Last Run
-------------------------------  -----  ---------  --------  ----------  --------------  -------------------
/opt/airflow/dags/retraining.py                           1           0  4.46s           2026-02-08T19:25:57
================================================================================
[2026-02-08T19:26:39.642+0000] {manager.py:878} INFO - 
================================================================================
DAG File Processing Stats

File Path                        PID    Runtime      # DAGs    # Errors  Last Runtime    Last Run
-------------------------------  -----  ---------  --------  ----------  --------------  -------------------
/opt/airflow/dags/retraining.py                           1           0  5.26s           2026-02-08T19:26:32
================================================================================
[2026-02-08T19:27:10.141+0000] {manager.py:878} INFO - 
================================================================================
DAG File Processing Stats

File Path                        PID    Runtime      # DAGs    # Errors  Last Runtime    Last Run
-------------------------------  -----  ---------  --------  ----------  --------------  -------------------
/opt/airflow/dags/retraining.py                           1           0  4.75s           2026-02-08T19:27:07
================================================================================
[2026-02-08T19:27:40.451+0000] {manager.py:878} INFO - 
================================================================================
DAG File Processing Stats

File Path                          PID  Runtime      # DAGs    # Errors  Last Runtime    Last Run
-------------------------------  -----  ---------  --------  ----------  --------------  -------------------
/opt/airflow/dags/retraining.py   3153  2.55s             1           0  4.75s           2026-02-08T19:27:07
================================================================================
[2026-02-08T19:28:10.708+0000] {manager.py:878} INFO - 
================================================================================
DAG File Processing Stats

File Path                        PID    Runtime      # DAGs    # Errors  Last Runtime    Last Run
-------------------------------  -----  ---------  --------  ----------  --------------  -------------------
/opt/airflow/dags/retraining.py                           1           0  4.47s           2026-02-08T19:27:42
================================================================================
[2026-02-08T19:28:41.166+0000] {manager.py:878} INFO - 
================================================================================
DAG File Processing Stats

File Path                        PID    Runtime      # DAGs    # Errors  Last Runtime    Last Run
-------------------------------  -----  ---------  --------  ----------  --------------  -------------------
/opt/airflow/dags/retraining.py                           1           0  8.12s           2026-02-08T19:28:20
================================================================================
[2026-02-08T19:29:11.588+0000] {manager.py:878} INFO - 
================================================================================
DAG File Processing Stats

File Path                        PID    Runtime      # DAGs    # Errors  Last Runtime    Last Run
-------------------------------  -----  ---------  --------  ----------  --------------  -------------------
/opt/airflow/dags/retraining.py                           1           0  7.11s           2026-02-08T19:28:58
================================================================================
[2026-02-08T19:29:41.938+0000] {manager.py:878} INFO - 
================================================================================
DAG File Processing Stats

File Path                        PID    Runtime      # DAGs    # Errors  Last Runtime    Last Run
-------------------------------  -----  ---------  --------  ----------  --------------  -------------------
/opt/airflow/dags/retraining.py                           1           0  7.22s           2026-02-08T19:29:35
================================================================================
[2026-02-08T19:29:49.004+0000] {manager.py:737} INFO - Searching for files in /opt/airflow/dags
[2026-02-08T19:29:49.062+0000] {manager.py:740} INFO - There are 1 files in /opt/airflow/dags
[2026-02-08T19:30:12.280+0000] {manager.py:878} INFO - 
================================================================================
DAG File Processing Stats

File Path                        PID    Runtime      # DAGs    # Errors  Last Runtime    Last Run
-------------------------------  -----  ---------  --------  ----------  --------------  -------------------
/opt/airflow/dags/retraining.py                           1           0  6.01s           2026-02-08T19:30:12
================================================================================
[2026-02-08T19:30:42.608+0000] {manager.py:878} INFO - 
================================================================================
DAG File Processing Stats

File Path                          PID  Runtime      # DAGs    # Errors  Last Runtime    Last Run
-------------------------------  -----  ---------  --------  ----------  --------------  -------------------
/opt/airflow/dags/retraining.py   3247  0.01s             1           0  6.01s           2026-02-08T19:30:12
================================================================================
[2026-02-08T19:31:12.930+0000] {manager.py:878} INFO - 
================================================================================
DAG File Processing Stats

File Path                        PID    Runtime      # DAGs    # Errors  Last Runtime    Last Run
-------------------------------  -----  ---------  --------  ----------  --------------  -------------------
/opt/airflow/dags/retraining.py                           1           0  6.48s           2026-02-08T19:30:49
================================================================================
[2026-02-08T19:31:43.261+0000] {manager.py:878} INFO - 
================================================================================
DAG File Processing Stats

File Path                        PID    Runtime      # DAGs    # Errors  Last Runtime    Last Run
-------------------------------  -----  ---------  --------  ----------  --------------  -------------------
/opt/airflow/dags/retraining.py                           1           0  5.71s           2026-02-08T19:31:25
================================================================================
[2026-02-08T19:32:13.554+0000] {manager.py:878} INFO - 
================================================================================
DAG File Processing Stats

File Path                        PID    Runtime      # DAGs    # Errors  Last Runtime    Last Run
-------------------------------  -----  ---------  --------  ----------  --------------  -------------------
/opt/airflow/dags/retraining.py                           1           0  5.76s           2026-02-08T19:32:01
================================================================================
[2026-02-08T19:32:43.967+0000] {manager.py:878} INFO - 
================================================================================
DAG File Processing Stats

File Path                        PID    Runtime      # DAGs    # Errors  Last Runtime    Last Run
-------------------------------  -----  ---------  --------  ----------  --------------  -------------------
/opt/airflow/dags/retraining.py                           1           0  6.30s           2026-02-08T19:32:37
================================================================================
[2026-02-08T19:33:14.265+0000] {manager.py:878} INFO - 
================================================================================
DAG File Processing Stats

File Path                        PID    Runtime      # DAGs    # Errors  Last Runtime    Last Run
-------------------------------  -----  ---------  --------  ----------  --------------  -------------------
/opt/airflow/dags/retraining.py                           1           0  3.68s           2026-02-08T19:33:11
================================================================================
[2026-02-08T19:33:44.480+0000] {manager.py:878} INFO - 
================================================================================
DAG File Processing Stats

File Path                          PID  Runtime      # DAGs    # Errors  Last Runtime    Last Run
-------------------------------  -----  ---------  --------  ----------  --------------  -------------------
/opt/airflow/dags/retraining.py   3339  2.41s             1           0  3.68s           2026-02-08T19:33:11
================================================================================
[2026-02-08T19:34:14.663+0000] {manager.py:878} INFO - 
================================================================================
DAG File Processing Stats

File Path                        PID    Runtime      # DAGs    # Errors  Last Runtime    Last Run
-------------------------------  -----  ---------  --------  ----------  --------------  -------------------
/opt/airflow/dags/retraining.py                           1           0  3.36s           2026-02-08T19:33:45
================================================================================
[2026-02-08T19:34:44.859+0000] {manager.py:878} INFO - 
================================================================================
DAG File Processing Stats

File Path                        PID    Runtime      # DAGs    # Errors  Last Runtime    Last Run
-------------------------------  -----  ---------  --------  ----------  --------------  -------------------
/opt/airflow/dags/retraining.py                           1           0  3.99s           2026-02-08T19:34:19
================================================================================
[2026-02-08T19:34:49.650+0000] {manager.py:737} INFO - Searching for files in /opt/airflow/dags
[2026-02-08T19:34:49.696+0000] {manager.py:740} INFO - There are 1 files in /opt/airflow/dags
[2026-02-08T19:35:15.079+0000] {manager.py:878} INFO - 
================================================================================
DAG File Processing Stats

File Path                        PID    Runtime      # DAGs    # Errors  Last Runtime    Last Run
-------------------------------  -----  ---------  --------  ----------  --------------  -------------------
/opt/airflow/dags/retraining.py                           1           0  3.59s           2026-02-08T19:34:53
================================================================================
[2026-02-08T19:35:45.315+0000] {manager.py:878} INFO - 
================================================================================
DAG File Processing Stats

File Path                        PID    Runtime      # DAGs    # Errors  Last Runtime    Last Run
-------------------------------  -----  ---------  --------  ----------  --------------  -------------------
/opt/airflow/dags/retraining.py                           1           0  2.91s           2026-02-08T19:35:26
================================================================================
[2026-02-08T19:36:15.544+0000] {manager.py:878} INFO - 
================================================================================
DAG File Processing Stats

File Path                        PID    Runtime      # DAGs    # Errors  Last Runtime    Last Run
-------------------------------  -----  ---------  --------  ----------  --------------  -------------------
/opt/airflow/dags/retraining.py                           1           0  2.93s           2026-02-08T19:35:59
================================================================================
[2026-02-08T19:36:45.780+0000] {manager.py:878} INFO - 
================================================================================
DAG File Processing Stats

File Path                        PID    Runtime      # DAGs    # Errors  Last Runtime    Last Run
-------------------------------  -----  ---------  --------  ----------  --------------  -------------------
/opt/airflow/dags/retraining.py                           1           0  2.76s           2026-02-08T19:36:32
================================================================================
[2026-02-08T19:37:15.849+0000] {manager.py:878} INFO - 
================================================================================
DAG File Processing Stats

File Path                        PID    Runtime      # DAGs    # Errors  Last Runtime    Last Run
-------------------------------  -----  ---------  --------  ----------  --------------  -------------------
/opt/airflow/dags/retraining.py                           1           0  2.80s           2026-02-08T19:37:05
================================================================================
[2026-02-08T19:37:46.311+0000] {manager.py:878} INFO - 
================================================================================
DAG File Processing Stats

File Path                        PID    Runtime      # DAGs    # Errors  Last Runtime    Last Run
-------------------------------  -----  ---------  --------  ----------  --------------  -------------------
/opt/airflow/dags/retraining.py                           1           0  3.28s           2026-02-08T19:37:39
================================================================================
[2026-02-08T19:38:16.593+0000] {manager.py:878} INFO - 
================================================================================
DAG File Processing Stats

File Path                        PID    Runtime      # DAGs    # Errors  Last Runtime    Last Run
-------------------------------  -----  ---------  --------  ----------  --------------  -------------------
/opt/airflow/dags/retraining.py                           1           0  4.55s           2026-02-08T19:38:14
================================================================================
[2026-02-08T19:38:46.828+0000] {manager.py:878} INFO - 
================================================================================
DAG File Processing Stats

File Path                          PID  Runtime      # DAGs    # Errors  Last Runtime    Last Run
-------------------------------  -----  ---------  --------  ----------  --------------  -------------------
/opt/airflow/dags/retraining.py   3499  2.54s             1           0  4.55s           2026-02-08T19:38:14
================================================================================
[2026-02-08T19:39:17.300+0000] {manager.py:878} INFO - 
================================================================================
DAG File Processing Stats

File Path                        PID    Runtime      # DAGs    # Errors  Last Runtime    Last Run
-------------------------------  -----  ---------  --------  ----------  --------------  -------------------
/opt/airflow/dags/retraining.py                           1           0  3.87s           2026-02-08T19:38:48
================================================================================
[2026-02-08T19:39:47.778+0000] {manager.py:878} INFO - 
================================================================================
DAG File Processing Stats

File Path                        PID    Runtime      # DAGs    # Errors  Last Runtime    Last Run
-------------------------------  -----  ---------  --------  ----------  --------------  -------------------
/opt/airflow/dags/retraining.py                           1           0  3.37s           2026-02-08T19:39:21
================================================================================
[2026-02-08T19:39:49.789+0000] {manager.py:737} INFO - Searching for files in /opt/airflow/dags
[2026-02-08T19:39:49.838+0000] {manager.py:740} INFO - There are 1 files in /opt/airflow/dags
[2026-02-08T19:40:18.048+0000] {manager.py:878} INFO - 
================================================================================
DAG File Processing Stats

File Path                        PID    Runtime      # DAGs    # Errors  Last Runtime    Last Run
-------------------------------  -----  ---------  --------  ----------  --------------  -------------------
/opt/airflow/dags/retraining.py                           1           0  5.93s           2026-02-08T19:39:57
================================================================================
[2026-02-08T19:40:48.372+0000] {manager.py:878} INFO - 
================================================================================
DAG File Processing Stats

File Path                        PID    Runtime      # DAGs    # Errors  Last Runtime    Last Run
-------------------------------  -----  ---------  --------  ----------  --------------  -------------------
/opt/airflow/dags/retraining.py                           1           0  5.69s           2026-02-08T19:40:33
================================================================================
[2026-02-08T19:41:18.475+0000] {manager.py:878} INFO - 
================================================================================
DAG File Processing Stats

File Path                        PID    Runtime      # DAGs    # Errors  Last Runtime    Last Run
-------------------------------  -----  ---------  --------  ----------  --------------  -------------------
/opt/airflow/dags/retraining.py                           1           0  3.23s           2026-02-08T19:41:07
================================================================================
[2026-02-08T19:41:48.810+0000] {manager.py:878} INFO - 
================================================================================
DAG File Processing Stats

File Path                        PID    Runtime      # DAGs    # Errors  Last Runtime    Last Run
-------------------------------  -----  ---------  --------  ----------  --------------  -------------------
/opt/airflow/dags/retraining.py                           1           0  4.52s           2026-02-08T19:41:41
================================================================================
[2026-02-08T19:42:19.280+0000] {manager.py:878} INFO - 
================================================================================
DAG File Processing Stats

File Path                        PID    Runtime      # DAGs    # Errors  Last Runtime    Last Run
-------------------------------  -----  ---------  --------  ----------  --------------  -------------------
/opt/airflow/dags/retraining.py                           1           0  4.74s           2026-02-08T19:42:16
================================================================================
[2026-02-08T19:42:49.532+0000] {manager.py:878} INFO - 
================================================================================
DAG File Processing Stats

File Path                          PID  Runtime      # DAGs    # Errors  Last Runtime    Last Run
-------------------------------  -----  ---------  --------  ----------  --------------  -------------------
/opt/airflow/dags/retraining.py   3624  2.49s             1           0  4.74s           2026-02-08T19:42:16
================================================================================
[2026-02-08T19:43:19.765+0000] {manager.py:878} INFO - 
================================================================================
DAG File Processing Stats

File Path                        PID    Runtime      # DAGs    # Errors  Last Runtime    Last Run
-------------------------------  -----  ---------  --------  ----------  --------------  -------------------
/opt/airflow/dags/retraining.py                           1           0  2.78s           2026-02-08T19:42:49
================================================================================
[2026-02-08T19:43:50.324+0000] {manager.py:878} INFO - 
================================================================================
DAG File Processing Stats

File Path                        PID    Runtime      # DAGs    # Errors  Last Runtime    Last Run
-------------------------------  -----  ---------  --------  ----------  --------------  -------------------
/opt/airflow/dags/retraining.py                           1           0  3.36s           2026-02-08T19:43:23
================================================================================
[2026-02-08T19:44:20.566+0000] {manager.py:878} INFO - 
================================================================================
DAG File Processing Stats

File Path                        PID    Runtime      # DAGs    # Errors  Last Runtime    Last Run
-------------------------------  -----  ---------  --------  ----------  --------------  -------------------
/opt/airflow/dags/retraining.py                           1           0  2.83s           2026-02-08T19:43:56
================================================================================
[2026-02-08T19:44:49.859+0000] {manager.py:737} INFO - Searching for files in /opt/airflow/dags
[2026-02-08T19:44:49.915+0000] {manager.py:740} INFO - There are 1 files in /opt/airflow/dags
[2026-02-08T19:44:50.987+0000] {manager.py:878} INFO - 
================================================================================
DAG File Processing Stats

File Path                        PID    Runtime      # DAGs    # Errors  Last Runtime    Last Run
-------------------------------  -----  ---------  --------  ----------  --------------  -------------------
/opt/airflow/dags/retraining.py                           1           0  3.18s           2026-02-08T19:44:29
================================================================================
[2026-02-08T19:45:21.248+0000] {manager.py:878} INFO - 
================================================================================
DAG File Processing Stats

File Path                        PID    Runtime      # DAGs    # Errors  Last Runtime    Last Run
-------------------------------  -----  ---------  --------  ----------  --------------  -------------------
/opt/airflow/dags/retraining.py                           1           0  3.08s           2026-02-08T19:45:03
================================================================================
[2026-02-08T19:45:51.342+0000] {manager.py:878} INFO - 
================================================================================
DAG File Processing Stats

File Path                        PID    Runtime      # DAGs    # Errors  Last Runtime    Last Run
-------------------------------  -----  ---------  --------  ----------  --------------  -------------------
/opt/airflow/dags/retraining.py                           1           0  2.83s           2026-02-08T19:45:36
================================================================================
[2026-02-08T19:46:21.733+0000] {manager.py:878} INFO - 
================================================================================
DAG File Processing Stats

File Path                        PID    Runtime      # DAGs    # Errors  Last Runtime    Last Run
-------------------------------  -----  ---------  --------  ----------  --------------  -------------------
/opt/airflow/dags/retraining.py                           1           0  2.61s           2026-02-08T19:46:09
================================================================================
[2026-02-08T19:46:51.948+0000] {manager.py:878} INFO - 
================================================================================
DAG File Processing Stats

File Path                        PID    Runtime      # DAGs    # Errors  Last Runtime    Last Run
-------------------------------  -----  ---------  --------  ----------  --------------  -------------------
/opt/airflow/dags/retraining.py                           1           0  2.67s           2026-02-08T19:46:41
================================================================================
[2026-02-08T19:47:22.251+0000] {manager.py:878} INFO - 
================================================================================
DAG File Processing Stats

File Path                        PID    Runtime      # DAGs    # Errors  Last Runtime    Last Run
-------------------------------  -----  ---------  --------  ----------  --------------  -------------------
/opt/airflow/dags/retraining.py                           1           0  3.56s           2026-02-08T19:47:15
================================================================================
[2026-02-08T19:47:52.473+0000] {manager.py:878} INFO - 
================================================================================
DAG File Processing Stats

File Path                        PID    Runtime      # DAGs    # Errors  Last Runtime    Last Run
-------------------------------  -----  ---------  --------  ----------  --------------  -------------------
/opt/airflow/dags/retraining.py                           1           0  3.86s           2026-02-08T19:47:49
================================================================================
[2026-02-08T19:48:22.724+0000] {manager.py:878} INFO - 
================================================================================
DAG File Processing Stats

File Path                          PID  Runtime      # DAGs    # Errors  Last Runtime    Last Run
-------------------------------  -----  ---------  --------  ----------  --------------  -------------------
/opt/airflow/dags/retraining.py   3800  2.70s             1           0  3.86s           2026-02-08T19:47:49
================================================================================
[2026-02-08T19:48:52.736+0000] {manager.py:878} INFO - 
================================================================================
DAG File Processing Stats

File Path                        PID    Runtime      # DAGs    # Errors  Last Runtime    Last Run
-------------------------------  -----  ---------  --------  ----------  --------------  -------------------
/opt/airflow/dags/retraining.py                           1           0  7.52s           2026-02-08T19:48:27
================================================================================
[2026-02-08T19:49:23.020+0000] {manager.py:878} INFO - 
================================================================================
DAG File Processing Stats

File Path                        PID    Runtime      # DAGs    # Errors  Last Runtime    Last Run
-------------------------------  -----  ---------  --------  ----------  --------------  -------------------
/opt/airflow/dags/retraining.py                           1           0  4.33s           2026-02-08T19:49:02
================================================================================
[2026-02-08T19:49:50.612+0000] {manager.py:737} INFO - Searching for files in /opt/airflow/dags
[2026-02-08T19:49:50.647+0000] {manager.py:740} INFO - There are 1 files in /opt/airflow/dags
[2026-02-08T19:49:53.694+0000] {manager.py:878} INFO - 
================================================================================
DAG File Processing Stats

File Path                        PID    Runtime      # DAGs    # Errors  Last Runtime    Last Run
-------------------------------  -----  ---------  --------  ----------  --------------  -------------------
/opt/airflow/dags/retraining.py                           1           0  8.18s           2026-02-08T19:49:40
================================================================================
[2026-02-08T19:50:24.018+0000] {manager.py:878} INFO - 
================================================================================
DAG File Processing Stats

File Path                        PID    Runtime      # DAGs    # Errors  Last Runtime    Last Run
-------------------------------  -----  ---------  --------  ----------  --------------  -------------------
/opt/airflow/dags/retraining.py                           1           0  6.18s           2026-02-08T19:50:17
================================================================================
[2026-02-08T19:50:54.314+0000] {manager.py:878} INFO - 
================================================================================
DAG File Processing Stats

File Path                        PID    Runtime      # DAGs    # Errors  Last Runtime    Last Run
-------------------------------  -----  ---------  --------  ----------  --------------  -------------------
/opt/airflow/dags/retraining.py                           1           0  6.43s           2026-02-08T19:50:53
================================================================================
[2026-02-08T19:51:24.539+0000] {manager.py:878} INFO - 
================================================================================
DAG File Processing Stats

File Path                          PID  Runtime      # DAGs    # Errors  Last Runtime    Last Run
-------------------------------  -----  ---------  --------  ----------  --------------  -------------------
/opt/airflow/dags/retraining.py   3897  0.68s             1           0  6.43s           2026-02-08T19:50:53
================================================================================
[2026-02-08T19:51:54.781+0000] {manager.py:878} INFO - 
================================================================================
DAG File Processing Stats

File Path                        PID    Runtime      # DAGs    # Errors  Last Runtime    Last Run
-------------------------------  -----  ---------  --------  ----------  --------------  -------------------
/opt/airflow/dags/retraining.py                           1           0  5.13s           2026-02-08T19:51:28
================================================================================
[2026-02-08T19:52:24.845+0000] {manager.py:878} INFO - 
================================================================================
DAG File Processing Stats

File Path                        PID    Runtime      # DAGs    # Errors  Last Runtime    Last Run
-------------------------------  -----  ---------  --------  ----------  --------------  -------------------
/opt/airflow/dags/retraining.py                           1           0  3.40s           2026-02-08T19:52:02
================================================================================
[2026-02-08T19:52:55.113+0000] {manager.py:878} INFO - 
================================================================================
DAG File Processing Stats

File Path                        PID    Runtime      # DAGs    # Errors  Last Runtime    Last Run
-------------------------------  -----  ---------  --------  ----------  --------------  -------------------
/opt/airflow/dags/retraining.py                           1           0  3.59s           2026-02-08T19:52:36
================================================================================
[2026-02-08T19:53:25.124+0000] {manager.py:878} INFO - 
================================================================================
DAG File Processing Stats

File Path                        PID    Runtime      # DAGs    # Errors  Last Runtime    Last Run
-------------------------------  -----  ---------  --------  ----------  --------------  -------------------
/opt/airflow/dags/retraining.py                           1           0  4.29s           2026-02-08T19:53:11
================================================================================
[2026-02-08T19:53:55.138+0000] {manager.py:878} INFO - 
================================================================================
DAG File Processing Stats

File Path                        PID    Runtime      # DAGs    # Errors  Last Runtime    Last Run
-------------------------------  -----  ---------  --------  ----------  --------------  -------------------
/opt/airflow/dags/retraining.py                           1           0  4.00s           2026-02-08T19:53:45
================================================================================
[2026-02-08T19:54:25.513+0000] {manager.py:878} INFO - 
================================================================================
DAG File Processing Stats

File Path                        PID    Runtime      # DAGs    # Errors  Last Runtime    Last Run
-------------------------------  -----  ---------  --------  ----------  --------------  -------------------
/opt/airflow/dags/retraining.py                           1           0  3.38s           2026-02-08T19:54:18
================================================================================
[2026-02-08T19:54:50.679+0000] {manager.py:737} INFO - Searching for files in /opt/airflow/dags
[2026-02-08T19:54:50.725+0000] {manager.py:740} INFO - There are 1 files in /opt/airflow/dags
[2026-02-08T19:54:55.973+0000] {manager.py:878} INFO - 
================================================================================
DAG File Processing Stats

File Path                        PID    Runtime      # DAGs    # Errors  Last Runtime    Last Run
-------------------------------  -----  ---------  --------  ----------  --------------  -------------------
/opt/airflow/dags/retraining.py                           1           0  3.09s           2026-02-08T19:54:51
================================================================================
[2026-02-08T19:55:26.305+0000] {manager.py:878} INFO - 
================================================================================
DAG File Processing Stats

File Path                        PID    Runtime      # DAGs    # Errors  Last Runtime    Last Run
-------------------------------  -----  ---------  --------  ----------  --------------  -------------------
/opt/airflow/dags/retraining.py                           1           0  3.53s           2026-02-08T19:55:25
================================================================================
[2026-02-08T19:55:56.542+0000] {manager.py:878} INFO - 
================================================================================
DAG File Processing Stats

File Path                          PID  Runtime      # DAGs    # Errors  Last Runtime    Last Run
-------------------------------  -----  ---------  --------  ----------  --------------  -------------------
/opt/airflow/dags/retraining.py   4039  0.57s             1           0  3.53s           2026-02-08T19:55:25
================================================================================
[2026-02-08T19:56:27.297+0000] {manager.py:878} INFO - 
================================================================================
DAG File Processing Stats

File Path                        PID    Runtime      # DAGs    # Errors  Last Runtime    Last Run
-------------------------------  -----  ---------  --------  ----------  --------------  -------------------
/opt/airflow/dags/retraining.py                           1           0  6.67s           2026-02-08T19:56:02
================================================================================
[2026-02-08T19:56:58.092+0000] {manager.py:878} INFO - 
================================================================================
DAG File Processing Stats

File Path                        PID    Runtime      # DAGs    # Errors  Last Runtime    Last Run
-------------------------------  -----  ---------  --------  ----------  --------------  -------------------
/opt/airflow/dags/retraining.py                           1           0  11.46s          2026-02-08T19:56:44
================================================================================
[2026-02-08T19:57:28.966+0000] {manager.py:878} INFO - 
================================================================================
DAG File Processing Stats

File Path                          PID  Runtime      # DAGs    # Errors  Last Runtime    Last Run
-------------------------------  -----  ---------  --------  ----------  --------------  -------------------
/opt/airflow/dags/retraining.py   4073  13.42s            1           0  11.46s          2026-02-08T19:56:44
================================================================================
[2026-02-08T19:57:59.088+0000] {manager.py:878} INFO - 
================================================================================
DAG File Processing Stats

File Path                        PID    Runtime      # DAGs    # Errors  Last Runtime    Last Run
-------------------------------  -----  ---------  --------  ----------  --------------  -------------------
/opt/airflow/dags/retraining.py                           1           0  16.92s          2026-02-08T19:57:32
================================================================================
[2026-02-08T19:58:29.316+0000] {manager.py:878} INFO - 
================================================================================
DAG File Processing Stats

File Path                        PID    Runtime      # DAGs    # Errors  Last Runtime    Last Run
-------------------------------  -----  ---------  --------  ----------  --------------  -------------------
/opt/airflow/dags/retraining.py                           1           0  3.33s           2026-02-08T19:58:06
================================================================================
[2026-02-08T19:58:59.867+0000] {manager.py:878} INFO - 
================================================================================
DAG File Processing Stats

File Path                        PID    Runtime      # DAGs    # Errors  Last Runtime    Last Run
-------------------------------  -----  ---------  --------  ----------  --------------  -------------------
/opt/airflow/dags/retraining.py                           1           0  4.15s           2026-02-08T19:58:40
================================================================================
[2026-02-08T19:59:30.312+0000] {manager.py:878} INFO - 
================================================================================
DAG File Processing Stats

File Path                        PID    Runtime      # DAGs    # Errors  Last Runtime    Last Run
-------------------------------  -----  ---------  --------  ----------  --------------  -------------------
/opt/airflow/dags/retraining.py                           1           0  4.23s           2026-02-08T19:59:15
================================================================================
[2026-02-08T19:59:51.616+0000] {manager.py:737} INFO - Searching for files in /opt/airflow/dags
[2026-02-08T19:59:51.704+0000] {manager.py:740} INFO - There are 1 files in /opt/airflow/dags
[2026-02-08T20:00:00.842+0000] {manager.py:878} INFO - 
================================================================================
DAG File Processing Stats

File Path                        PID    Runtime      # DAGs    # Errors  Last Runtime    Last Run
-------------------------------  -----  ---------  --------  ----------  --------------  -------------------
/opt/airflow/dags/retraining.py                           1           0  10.73s          2026-02-08T19:59:56
================================================================================
[2026-02-08T20:00:31.181+0000] {manager.py:878} INFO - 
================================================================================
DAG File Processing Stats

File Path                          PID  Runtime      # DAGs    # Errors  Last Runtime    Last Run
-------------------------------  -----  ---------  --------  ----------  --------------  -------------------
/opt/airflow/dags/retraining.py   4167  4.65s             1           0  10.73s          2026-02-08T19:59:56
================================================================================
[2026-02-08T20:01:01.445+0000] {manager.py:878} INFO - 
================================================================================
DAG File Processing Stats

File Path                        PID    Runtime      # DAGs    # Errors  Last Runtime    Last Run
-------------------------------  -----  ---------  --------  ----------  --------------  -------------------
/opt/airflow/dags/retraining.py                           1           0  7.71s           2026-02-08T20:00:34
================================================================================
[2026-02-08T20:01:31.699+0000] {manager.py:878} INFO - 
================================================================================
DAG File Processing Stats

File Path                        PID    Runtime      # DAGs    # Errors  Last Runtime    Last Run
-------------------------------  -----  ---------  --------  ----------  --------------  -------------------
/opt/airflow/dags/retraining.py                           1           0  3.35s           2026-02-08T20:01:07
================================================================================
[2026-02-08T20:02:01.914+0000] {manager.py:878} INFO - 
================================================================================
DAG File Processing Stats

File Path                        PID    Runtime      # DAGs    # Errors  Last Runtime    Last Run
-------------------------------  -----  ---------  --------  ----------  --------------  -------------------
/opt/airflow/dags/retraining.py                           1           0  4.04s           2026-02-08T20:01:42
================================================================================
[2026-02-08T20:02:32.164+0000] {manager.py:878} INFO - 
================================================================================
DAG File Processing Stats

File Path                        PID    Runtime      # DAGs    # Errors  Last Runtime    Last Run
-------------------------------  -----  ---------  --------  ----------  --------------  -------------------
/opt/airflow/dags/retraining.py                           1           0  2.71s           2026-02-08T20:02:15
================================================================================
[2026-02-08T20:03:02.440+0000] {manager.py:878} INFO - 
================================================================================
DAG File Processing Stats

File Path                        PID    Runtime      # DAGs    # Errors  Last Runtime    Last Run
-------------------------------  -----  ---------  --------  ----------  --------------  -------------------
/opt/airflow/dags/retraining.py                           1           0  2.70s           2026-02-08T20:02:47
================================================================================
[2026-02-08T20:03:32.667+0000] {manager.py:878} INFO - 
================================================================================
DAG File Processing Stats

File Path                        PID    Runtime      # DAGs    # Errors  Last Runtime    Last Run
-------------------------------  -----  ---------  --------  ----------  --------------  -------------------
/opt/airflow/dags/retraining.py                           1           0  3.29s           2026-02-08T20:03:21
================================================================================
[2026-02-08T20:04:02.971+0000] {manager.py:878} INFO - 
================================================================================
DAG File Processing Stats

File Path                        PID    Runtime      # DAGs    # Errors  Last Runtime    Last Run
-------------------------------  -----  ---------  --------  ----------  --------------  -------------------
/opt/airflow/dags/retraining.py                           1           0  3.09s           2026-02-08T20:03:54
================================================================================
[2026-02-08T20:04:33.224+0000] {manager.py:878} INFO - 
================================================================================
DAG File Processing Stats

File Path                        PID    Runtime      # DAGs    # Errors  Last Runtime    Last Run
-------------------------------  -----  ---------  --------  ----------  --------------  -------------------
/opt/airflow/dags/retraining.py                           1           0  3.21s           2026-02-08T20:04:28
================================================================================
[2026-02-08T20:04:52.360+0000] {manager.py:737} INFO - Searching for files in /opt/airflow/dags
[2026-02-08T20:04:52.418+0000] {manager.py:740} INFO - There are 1 files in /opt/airflow/dags
[2026-02-08T20:05:03.607+0000] {manager.py:878} INFO - 
================================================================================
DAG File Processing Stats

File Path                        PID    Runtime      # DAGs    # Errors  Last Runtime    Last Run
-------------------------------  -----  ---------  --------  ----------  --------------  -------------------
/opt/airflow/dags/retraining.py                           1           0  4.45s           2026-02-08T20:05:02
================================================================================
[2026-02-08T20:05:33.911+0000] {manager.py:878} INFO - 
================================================================================
DAG File Processing Stats

File Path                          PID  Runtime      # DAGs    # Errors  Last Runtime    Last Run
-------------------------------  -----  ---------  --------  ----------  --------------  -------------------
/opt/airflow/dags/retraining.py   4335  0.59s             1           0  4.45s           2026-02-08T20:05:02
================================================================================
[2026-02-08T20:06:04.706+0000] {manager.py:878} INFO - 
================================================================================
DAG File Processing Stats

File Path                        PID    Runtime      # DAGs    # Errors  Last Runtime    Last Run
-------------------------------  -----  ---------  --------  ----------  --------------  -------------------
/opt/airflow/dags/retraining.py                           1           0  3.28s           2026-02-08T20:05:36
================================================================================
[2026-02-08T20:06:35.106+0000] {manager.py:878} INFO - 
================================================================================
DAG File Processing Stats

File Path                        PID    Runtime      # DAGs    # Errors  Last Runtime    Last Run
-------------------------------  -----  ---------  --------  ----------  --------------  -------------------
/opt/airflow/dags/retraining.py                           1           0  8.54s           2026-02-08T20:06:15
================================================================================
[2026-02-08T20:07:05.320+0000] {manager.py:878} INFO - 
================================================================================
DAG File Processing Stats

File Path                        PID    Runtime      # DAGs    # Errors  Last Runtime    Last Run
-------------------------------  -----  ---------  --------  ----------  --------------  -------------------
/opt/airflow/dags/retraining.py                           1           0  3.56s           2026-02-08T20:06:49
================================================================================
[2026-02-08T20:07:35.642+0000] {manager.py:878} INFO - 
================================================================================
DAG File Processing Stats

File Path                        PID    Runtime      # DAGs    # Errors  Last Runtime    Last Run
-------------------------------  -----  ---------  --------  ----------  --------------  -------------------
/opt/airflow/dags/retraining.py                           1           0  3.54s           2026-02-08T20:07:22
================================================================================
[2026-02-08T20:08:05.689+0000] {manager.py:878} INFO - 
================================================================================
DAG File Processing Stats

File Path                        PID    Runtime      # DAGs    # Errors  Last Runtime    Last Run
-------------------------------  -----  ---------  --------  ----------  --------------  -------------------
/opt/airflow/dags/retraining.py                           1           0  5.25s           2026-02-08T20:07:58
================================================================================
[2026-02-08T20:08:35.803+0000] {manager.py:878} INFO - 
================================================================================
DAG File Processing Stats

File Path                        PID    Runtime      # DAGs    # Errors  Last Runtime    Last Run
-------------------------------  -----  ---------  --------  ----------  --------------  -------------------
/opt/airflow/dags/retraining.py                           1           0  3.07s           2026-02-08T20:08:31
================================================================================
[2026-02-08T20:09:05.948+0000] {manager.py:878} INFO - 
================================================================================
DAG File Processing Stats

File Path                        PID    Runtime      # DAGs    # Errors  Last Runtime    Last Run
-------------------------------  -----  ---------  --------  ----------  --------------  -------------------
/opt/airflow/dags/retraining.py                           1           0  2.88s           2026-02-08T20:09:04
================================================================================
[2026-02-08T20:09:36.164+0000] {manager.py:878} INFO - 
================================================================================
DAG File Processing Stats

File Path                          PID  Runtime      # DAGs    # Errors  Last Runtime    Last Run
-------------------------------  -----  ---------  --------  ----------  --------------  -------------------
/opt/airflow/dags/retraining.py   4460  1.01s             1           0  2.88s           2026-02-08T20:09:04
================================================================================
[2026-02-08T20:09:52.387+0000] {manager.py:737} INFO - Searching for files in /opt/airflow/dags
[2026-02-08T20:09:52.419+0000] {manager.py:740} INFO - There are 1 files in /opt/airflow/dags
[2026-02-08T20:10:06.551+0000] {manager.py:878} INFO - 
================================================================================
DAG File Processing Stats

File Path                        PID    Runtime      # DAGs    # Errors  Last Runtime    Last Run
-------------------------------  -----  ---------  --------  ----------  --------------  -------------------
/opt/airflow/dags/retraining.py                           1           0  3.28s           2026-02-08T20:09:38
================================================================================
[2026-02-08T20:10:36.821+0000] {manager.py:878} INFO - 
================================================================================
DAG File Processing Stats

File Path                        PID    Runtime      # DAGs    # Errors  Last Runtime    Last Run
-------------------------------  -----  ---------  --------  ----------  --------------  -------------------
/opt/airflow/dags/retraining.py                           1           0  4.93s           2026-02-08T20:10:13
================================================================================
[2026-02-08T20:11:07.089+0000] {manager.py:878} INFO - 
================================================================================
DAG File Processing Stats

File Path                        PID    Runtime      # DAGs    # Errors  Last Runtime    Last Run
-------------------------------  -----  ---------  --------  ----------  --------------  -------------------
/opt/airflow/dags/retraining.py                           1           0  4.70s           2026-02-08T20:10:48
================================================================================
[2026-02-08T20:11:37.330+0000] {manager.py:878} INFO - 
================================================================================
DAG File Processing Stats

File Path                        PID    Runtime      # DAGs    # Errors  Last Runtime    Last Run
-------------------------------  -----  ---------  --------  ----------  --------------  -------------------
/opt/airflow/dags/retraining.py                           1           0  3.81s           2026-02-08T20:11:22
================================================================================
[2026-02-08T20:12:07.534+0000] {manager.py:878} INFO - 
================================================================================
DAG File Processing Stats

File Path                        PID    Runtime      # DAGs    # Errors  Last Runtime    Last Run
-------------------------------  -----  ---------  --------  ----------  --------------  -------------------
/opt/airflow/dags/retraining.py                           1           0  3.99s           2026-02-08T20:11:56
================================================================================
[2026-02-08T20:12:38.265+0000] {manager.py:878} INFO - 
================================================================================
DAG File Processing Stats

File Path                        PID    Runtime      # DAGs    # Errors  Last Runtime    Last Run
-------------------------------  -----  ---------  --------  ----------  --------------  -------------------
/opt/airflow/dags/retraining.py                           1           0  3.22s           2026-02-08T20:12:30
================================================================================
[2026-02-08T20:13:08.711+0000] {manager.py:878} INFO - 
================================================================================
DAG File Processing Stats

File Path                        PID    Runtime      # DAGs    # Errors  Last Runtime    Last Run
-------------------------------  -----  ---------  --------  ----------  --------------  -------------------
/opt/airflow/dags/retraining.py                           1           0  4.25s           2026-02-08T20:13:04
================================================================================
[2026-02-08T20:13:38.989+0000] {manager.py:878} INFO - 
================================================================================
DAG File Processing Stats

File Path                          PID  Runtime      # DAGs    # Errors  Last Runtime    Last Run
-------------------------------  -----  ---------  --------  ----------  --------------  -------------------
/opt/airflow/dags/retraining.py   4586  4.05s             1           0  4.25s           2026-02-08T20:13:04
================================================================================
[2026-02-08T20:14:09.249+0000] {manager.py:878} INFO - 
================================================================================
DAG File Processing Stats

File Path                          PID  Runtime      # DAGs    # Errors  Last Runtime    Last Run
-------------------------------  -----  ---------  --------  ----------  --------------  -------------------
/opt/airflow/dags/retraining.py   4603  0.01s             1           0  4.13s           2026-02-08T20:13:39
================================================================================
[2026-02-08T20:14:39.604+0000] {manager.py:878} INFO - 
================================================================================
DAG File Processing Stats

File Path                        PID    Runtime      # DAGs    # Errors  Last Runtime    Last Run
-------------------------------  -----  ---------  --------  ----------  --------------  -------------------
/opt/airflow/dags/retraining.py                           1           0  3.48s           2026-02-08T20:14:12
================================================================================
[2026-02-08T20:14:52.476+0000] {manager.py:737} INFO - Searching for files in /opt/airflow/dags
[2026-02-08T20:14:52.521+0000] {manager.py:740} INFO - There are 1 files in /opt/airflow/dags
[2026-02-08T20:15:09.672+0000] {manager.py:878} INFO - 
================================================================================
DAG File Processing Stats

File Path                        PID    Runtime      # DAGs    # Errors  Last Runtime    Last Run
-------------------------------  -----  ---------  --------  ----------  --------------  -------------------
/opt/airflow/dags/retraining.py                           1           0  3.42s           2026-02-08T20:14:46
================================================================================
[2026-02-08T20:15:40.443+0000] {manager.py:878} INFO - 
================================================================================
DAG File Processing Stats

File Path                        PID    Runtime      # DAGs    # Errors  Last Runtime    Last Run
-------------------------------  -----  ---------  --------  ----------  --------------  -------------------
/opt/airflow/dags/retraining.py                           1           0  3.56s           2026-02-08T20:15:20
================================================================================
[2026-02-08T20:16:10.455+0000] {manager.py:878} INFO - 
================================================================================
DAG File Processing Stats

File Path                        PID    Runtime      # DAGs    # Errors  Last Runtime    Last Run
-------------------------------  -----  ---------  --------  ----------  --------------  -------------------
/opt/airflow/dags/retraining.py                           1           0  4.81s           2026-02-08T20:15:55
================================================================================
[2026-02-08T20:16:40.943+0000] {manager.py:878} INFO - 
================================================================================
DAG File Processing Stats

File Path                        PID    Runtime      # DAGs    # Errors  Last Runtime    Last Run
-------------------------------  -----  ---------  --------  ----------  --------------  -------------------
/opt/airflow/dags/retraining.py                           1           0  4.36s           2026-02-08T20:16:29
================================================================================
[2026-02-08T20:17:11.229+0000] {manager.py:878} INFO - 
================================================================================
DAG File Processing Stats

File Path                        PID    Runtime      # DAGs    # Errors  Last Runtime    Last Run
-------------------------------  -----  ---------  --------  ----------  --------------  -------------------
/opt/airflow/dags/retraining.py                           1           0  3.36s           2026-02-08T20:17:03
================================================================================
[2026-02-08T20:17:41.998+0000] {manager.py:878} INFO - 
================================================================================
DAG File Processing Stats

File Path                          PID  Runtime      # DAGs    # Errors  Last Runtime    Last Run
-------------------------------  -----  ---------  --------  ----------  --------------  -------------------
/opt/airflow/dags/retraining.py   4711  8.25s             1           0  3.36s           2026-02-08T20:17:03
================================================================================
[2026-02-08T20:18:12.300+0000] {manager.py:878} INFO - 
================================================================================
DAG File Processing Stats

File Path                          PID  Runtime      # DAGs    # Errors  Last Runtime    Last Run
-------------------------------  -----  ---------  --------  ----------  --------------  -------------------
/opt/airflow/dags/retraining.py   4728  0.01s             1           0  8.30s           2026-02-08T20:17:42
================================================================================
[2026-02-08T20:18:42.517+0000] {manager.py:878} INFO - 
================================================================================
DAG File Processing Stats

File Path                        PID    Runtime      # DAGs    # Errors  Last Runtime    Last Run
-------------------------------  -----  ---------  --------  ----------  --------------  -------------------
/opt/airflow/dags/retraining.py                           1           0  4.25s           2026-02-08T20:18:16
================================================================================
[2026-02-08T20:19:13.260+0000] {manager.py:878} INFO - 
================================================================================
DAG File Processing Stats

File Path                        PID    Runtime      # DAGs    # Errors  Last Runtime    Last Run
-------------------------------  -----  ---------  --------  ----------  --------------  -------------------
/opt/airflow/dags/retraining.py                           1           0  3.58s           2026-02-08T20:18:50
================================================================================
[2026-02-08T20:19:43.640+0000] {manager.py:878} INFO - 
================================================================================
DAG File Processing Stats

File Path                        PID    Runtime      # DAGs    # Errors  Last Runtime    Last Run
-------------------------------  -----  ---------  --------  ----------  --------------  -------------------
/opt/airflow/dags/retraining.py                           1           0  3.73s           2026-02-08T20:19:24
================================================================================
[2026-02-08T20:19:52.705+0000] {manager.py:737} INFO - Searching for files in /opt/airflow/dags
[2026-02-08T20:19:52.753+0000] {manager.py:740} INFO - There are 1 files in /opt/airflow/dags
[2026-02-08T20:20:13.947+0000] {manager.py:878} INFO - 
================================================================================
DAG File Processing Stats

File Path                        PID    Runtime      # DAGs    # Errors  Last Runtime    Last Run
-------------------------------  -----  ---------  --------  ----------  --------------  -------------------
/opt/airflow/dags/retraining.py                           1           0  5.52s           2026-02-08T20:19:59
================================================================================
[2026-02-08T20:20:44.187+0000] {manager.py:878} INFO - 
================================================================================
DAG File Processing Stats

File Path                        PID    Runtime      # DAGs    # Errors  Last Runtime    Last Run
-------------------------------  -----  ---------  --------  ----------  --------------  -------------------
/opt/airflow/dags/retraining.py                           1           0  4.76s           2026-02-08T20:20:34
================================================================================
[2026-02-08T20:21:14.401+0000] {manager.py:878} INFO - 
================================================================================
DAG File Processing Stats

File Path                          PID  Runtime      # DAGs    # Errors  Last Runtime    Last Run
-------------------------------  -----  ---------  --------  ----------  --------------  -------------------
/opt/airflow/dags/retraining.py   4820  9.25s             1           0  4.76s           2026-02-08T20:20:34
================================================================================
[2026-02-08T20:21:44.858+0000] {manager.py:878} INFO - 
================================================================================
DAG File Processing Stats

File Path                        PID    Runtime      # DAGs    # Errors  Last Runtime    Last Run
-------------------------------  -----  ---------  --------  ----------  --------------  -------------------
/opt/airflow/dags/retraining.py                           1           0  10.73s          2026-02-08T20:21:15
================================================================================
[2026-02-08T20:22:15.060+0000] {manager.py:878} INFO - 
================================================================================
DAG File Processing Stats

File Path                        PID    Runtime      # DAGs    # Errors  Last Runtime    Last Run
-------------------------------  -----  ---------  --------  ----------  --------------  -------------------
/opt/airflow/dags/retraining.py                           1           0  5.65s           2026-02-08T20:21:51
================================================================================
[2026-02-08T20:22:45.102+0000] {manager.py:878} INFO - 
================================================================================
DAG File Processing Stats

File Path                        PID    Runtime      # DAGs    # Errors  Last Runtime    Last Run
-------------------------------  -----  ---------  --------  ----------  --------------  -------------------
/opt/airflow/dags/retraining.py                           1           0  2.80s           2026-02-08T20:22:24
================================================================================
[2026-02-08T20:23:15.192+0000] {manager.py:878} INFO - 
================================================================================
DAG File Processing Stats

File Path                        PID    Runtime      # DAGs    # Errors  Last Runtime    Last Run
-------------------------------  -----  ---------  --------  ----------  --------------  -------------------
/opt/airflow/dags/retraining.py                           1           0  2.84s           2026-02-08T20:22:58
================================================================================
[2026-02-08T20:23:45.194+0000] {manager.py:878} INFO - 
================================================================================
DAG File Processing Stats

File Path                        PID    Runtime      # DAGs    # Errors  Last Runtime    Last Run
-------------------------------  -----  ---------  --------  ----------  --------------  -------------------
/opt/airflow/dags/retraining.py                           1           0  2.97s           2026-02-08T20:23:31
================================================================================
[2026-02-08T20:24:15.643+0000] {manager.py:878} INFO - 
================================================================================
DAG File Processing Stats

File Path                        PID    Runtime      # DAGs    # Errors  Last Runtime    Last Run
-------------------------------  -----  ---------  --------  ----------  --------------  -------------------
/opt/airflow/dags/retraining.py                           1           0  3.31s           2026-02-08T20:24:04
================================================================================
[2026-02-08T20:24:45.901+0000] {manager.py:878} INFO - 
================================================================================
DAG File Processing Stats

File Path                        PID    Runtime      # DAGs    # Errors  Last Runtime    Last Run
-------------------------------  -----  ---------  --------  ----------  --------------  -------------------
/opt/airflow/dags/retraining.py                           1           0  3.04s           2026-02-08T20:24:37
================================================================================
[2026-02-08T20:24:52.952+0000] {manager.py:737} INFO - Searching for files in /opt/airflow/dags
[2026-02-08T20:24:53.018+0000] {manager.py:740} INFO - There are 1 files in /opt/airflow/dags
[2026-02-08T20:25:03.824+0000] {manager.py:452} INFO - Exiting gracefully upon receiving signal 15
