[2026-02-08T17:49:41.294+0000] {processor.py:161} INFO - Started process (PID=36) to work on /opt/airflow/dags/retraining.py
[2026-02-08T17:49:41.296+0000] {processor.py:830} INFO - Processing file /opt/airflow/dags/retraining.py for tasks to queue
[2026-02-08T17:49:41.300+0000] {logging_mixin.py:188} INFO - [2026-02-08T17:49:41.299+0000] {dagbag.py:540} INFO - Filling up the DagBag from /opt/airflow/dags/retraining.py
[2026-02-08T17:49:51.968+0000] {logging_mixin.py:188} INFO - Added path to: /opt/airflow/src/utils
[2026-02-08T17:49:51.996+0000] {processor.py:840} INFO - DAG(s) 'ml_retraining_pipeline' retrieved from /opt/airflow/dags/retraining.py
[2026-02-08T17:49:52.544+0000] {logging_mixin.py:188} INFO - [2026-02-08T17:49:52.543+0000] {dag.py:3096} INFO - Sync 1 DAGs
[2026-02-08T17:49:52.561+0000] {logging_mixin.py:188} INFO - [2026-02-08T17:49:52.561+0000] {dag.py:3954} INFO - Setting next_dagrun for ml_retraining_pipeline to None, run_after=None
[2026-02-08T17:49:52.593+0000] {processor.py:183} INFO - Processing /opt/airflow/dags/retraining.py took 11.330 seconds
[2026-02-08T17:50:22.759+0000] {processor.py:161} INFO - Started process (PID=53) to work on /opt/airflow/dags/retraining.py
[2026-02-08T17:50:22.761+0000] {processor.py:830} INFO - Processing file /opt/airflow/dags/retraining.py for tasks to queue
[2026-02-08T17:50:22.765+0000] {logging_mixin.py:188} INFO - [2026-02-08T17:50:22.764+0000] {dagbag.py:540} INFO - Filling up the DagBag from /opt/airflow/dags/retraining.py
[2026-02-08T17:50:26.763+0000] {logging_mixin.py:188} INFO - Added path to: /opt/airflow/src/utils
[2026-02-08T17:50:26.774+0000] {processor.py:840} INFO - DAG(s) 'ml_retraining_pipeline' retrieved from /opt/airflow/dags/retraining.py
[2026-02-08T17:50:26.805+0000] {logging_mixin.py:188} INFO - [2026-02-08T17:50:26.805+0000] {dag.py:3096} INFO - Sync 1 DAGs
[2026-02-08T17:50:26.819+0000] {logging_mixin.py:188} INFO - [2026-02-08T17:50:26.818+0000] {dag.py:3954} INFO - Setting next_dagrun for ml_retraining_pipeline to None, run_after=None
[2026-02-08T17:50:26.845+0000] {processor.py:183} INFO - Processing /opt/airflow/dags/retraining.py took 4.095 seconds
[2026-02-08T17:50:57.104+0000] {processor.py:161} INFO - Started process (PID=71) to work on /opt/airflow/dags/retraining.py
[2026-02-08T17:50:57.105+0000] {processor.py:830} INFO - Processing file /opt/airflow/dags/retraining.py for tasks to queue
[2026-02-08T17:50:57.109+0000] {logging_mixin.py:188} INFO - [2026-02-08T17:50:57.109+0000] {dagbag.py:540} INFO - Filling up the DagBag from /opt/airflow/dags/retraining.py
[2026-02-08T17:50:59.708+0000] {logging_mixin.py:188} INFO - Added path to: /opt/airflow/src/utils
[2026-02-08T17:50:59.717+0000] {processor.py:840} INFO - DAG(s) 'ml_retraining_pipeline' retrieved from /opt/airflow/dags/retraining.py
[2026-02-08T17:50:59.748+0000] {logging_mixin.py:188} INFO - [2026-02-08T17:50:59.747+0000] {dag.py:3096} INFO - Sync 1 DAGs
[2026-02-08T17:50:59.762+0000] {logging_mixin.py:188} INFO - [2026-02-08T17:50:59.762+0000] {dag.py:3954} INFO - Setting next_dagrun for ml_retraining_pipeline to None, run_after=None
[2026-02-08T17:50:59.791+0000] {processor.py:183} INFO - Processing /opt/airflow/dags/retraining.py took 2.696 seconds
[2026-02-08T17:51:30.165+0000] {processor.py:161} INFO - Started process (PID=94) to work on /opt/airflow/dags/retraining.py
[2026-02-08T17:51:30.167+0000] {processor.py:830} INFO - Processing file /opt/airflow/dags/retraining.py for tasks to queue
[2026-02-08T17:51:30.171+0000] {logging_mixin.py:188} INFO - [2026-02-08T17:51:30.170+0000] {dagbag.py:540} INFO - Filling up the DagBag from /opt/airflow/dags/retraining.py
[2026-02-08T17:51:32.878+0000] {logging_mixin.py:188} INFO - Added path to: /opt/airflow/src/utils
[2026-02-08T17:51:32.888+0000] {processor.py:840} INFO - DAG(s) 'ml_retraining_pipeline' retrieved from /opt/airflow/dags/retraining.py
[2026-02-08T17:51:32.918+0000] {logging_mixin.py:188} INFO - [2026-02-08T17:51:32.918+0000] {dag.py:3096} INFO - Sync 1 DAGs
[2026-02-08T17:51:32.942+0000] {logging_mixin.py:188} INFO - [2026-02-08T17:51:32.942+0000] {dag.py:3954} INFO - Setting next_dagrun for ml_retraining_pipeline to None, run_after=None
[2026-02-08T17:51:32.970+0000] {processor.py:183} INFO - Processing /opt/airflow/dags/retraining.py took 2.822 seconds
[2026-02-08T17:52:03.410+0000] {processor.py:161} INFO - Started process (PID=111) to work on /opt/airflow/dags/retraining.py
[2026-02-08T17:52:03.412+0000] {processor.py:830} INFO - Processing file /opt/airflow/dags/retraining.py for tasks to queue
[2026-02-08T17:52:03.415+0000] {logging_mixin.py:188} INFO - [2026-02-08T17:52:03.414+0000] {dagbag.py:540} INFO - Filling up the DagBag from /opt/airflow/dags/retraining.py
[2026-02-08T17:52:05.918+0000] {logging_mixin.py:188} INFO - Added path to: /opt/airflow/src/utils
[2026-02-08T17:52:05.926+0000] {processor.py:840} INFO - DAG(s) 'ml_retraining_pipeline' retrieved from /opt/airflow/dags/retraining.py
[2026-02-08T17:52:05.954+0000] {logging_mixin.py:188} INFO - [2026-02-08T17:52:05.953+0000] {dag.py:3096} INFO - Sync 1 DAGs
[2026-02-08T17:52:05.966+0000] {logging_mixin.py:188} INFO - [2026-02-08T17:52:05.965+0000] {dag.py:3954} INFO - Setting next_dagrun for ml_retraining_pipeline to None, run_after=None
[2026-02-08T17:52:05.998+0000] {processor.py:183} INFO - Processing /opt/airflow/dags/retraining.py took 2.596 seconds
[2026-02-08T17:52:36.380+0000] {processor.py:161} INFO - Started process (PID=128) to work on /opt/airflow/dags/retraining.py
[2026-02-08T17:52:36.381+0000] {processor.py:830} INFO - Processing file /opt/airflow/dags/retraining.py for tasks to queue
[2026-02-08T17:52:36.384+0000] {logging_mixin.py:188} INFO - [2026-02-08T17:52:36.383+0000] {dagbag.py:540} INFO - Filling up the DagBag from /opt/airflow/dags/retraining.py
[2026-02-08T17:52:39.018+0000] {logging_mixin.py:188} INFO - Added path to: /opt/airflow/src/utils
[2026-02-08T17:52:39.026+0000] {processor.py:840} INFO - DAG(s) 'ml_retraining_pipeline' retrieved from /opt/airflow/dags/retraining.py
[2026-02-08T17:52:39.052+0000] {logging_mixin.py:188} INFO - [2026-02-08T17:52:39.052+0000] {dag.py:3096} INFO - Sync 1 DAGs
[2026-02-08T17:52:39.063+0000] {logging_mixin.py:188} INFO - [2026-02-08T17:52:39.062+0000] {dag.py:3954} INFO - Setting next_dagrun for ml_retraining_pipeline to None, run_after=None
[2026-02-08T17:52:39.084+0000] {processor.py:183} INFO - Processing /opt/airflow/dags/retraining.py took 2.714 seconds
[2026-02-08T17:53:09.340+0000] {processor.py:161} INFO - Started process (PID=145) to work on /opt/airflow/dags/retraining.py
[2026-02-08T17:53:09.342+0000] {processor.py:830} INFO - Processing file /opt/airflow/dags/retraining.py for tasks to queue
[2026-02-08T17:53:09.345+0000] {logging_mixin.py:188} INFO - [2026-02-08T17:53:09.345+0000] {dagbag.py:540} INFO - Filling up the DagBag from /opt/airflow/dags/retraining.py
[2026-02-08T17:53:11.860+0000] {logging_mixin.py:188} INFO - Added path to: /opt/airflow/src/utils
[2026-02-08T17:53:11.869+0000] {processor.py:840} INFO - DAG(s) 'ml_retraining_pipeline' retrieved from /opt/airflow/dags/retraining.py
[2026-02-08T17:53:11.898+0000] {logging_mixin.py:188} INFO - [2026-02-08T17:53:11.897+0000] {dag.py:3096} INFO - Sync 1 DAGs
[2026-02-08T17:53:11.909+0000] {logging_mixin.py:188} INFO - [2026-02-08T17:53:11.909+0000] {dag.py:3954} INFO - Setting next_dagrun for ml_retraining_pipeline to None, run_after=None
[2026-02-08T17:53:11.934+0000] {processor.py:183} INFO - Processing /opt/airflow/dags/retraining.py took 2.602 seconds
[2026-02-08T17:53:42.328+0000] {processor.py:161} INFO - Started process (PID=162) to work on /opt/airflow/dags/retraining.py
[2026-02-08T17:53:42.329+0000] {processor.py:830} INFO - Processing file /opt/airflow/dags/retraining.py for tasks to queue
[2026-02-08T17:53:42.332+0000] {logging_mixin.py:188} INFO - [2026-02-08T17:53:42.332+0000] {dagbag.py:540} INFO - Filling up the DagBag from /opt/airflow/dags/retraining.py
[2026-02-08T17:53:44.851+0000] {logging_mixin.py:188} INFO - Added path to: /opt/airflow/src/utils
[2026-02-08T17:53:44.857+0000] {processor.py:840} INFO - DAG(s) 'ml_retraining_pipeline' retrieved from /opt/airflow/dags/retraining.py
[2026-02-08T17:53:44.885+0000] {logging_mixin.py:188} INFO - [2026-02-08T17:53:44.885+0000] {dag.py:3096} INFO - Sync 1 DAGs
[2026-02-08T17:53:44.896+0000] {logging_mixin.py:188} INFO - [2026-02-08T17:53:44.896+0000] {dag.py:3954} INFO - Setting next_dagrun for ml_retraining_pipeline to None, run_after=None
[2026-02-08T17:53:44.918+0000] {processor.py:183} INFO - Processing /opt/airflow/dags/retraining.py took 2.598 seconds
[2026-02-08T17:54:15.125+0000] {processor.py:161} INFO - Started process (PID=178) to work on /opt/airflow/dags/retraining.py
[2026-02-08T17:54:15.127+0000] {processor.py:830} INFO - Processing file /opt/airflow/dags/retraining.py for tasks to queue
[2026-02-08T17:54:15.129+0000] {logging_mixin.py:188} INFO - [2026-02-08T17:54:15.129+0000] {dagbag.py:540} INFO - Filling up the DagBag from /opt/airflow/dags/retraining.py
[2026-02-08T17:54:17.774+0000] {logging_mixin.py:188} INFO - Added path to: /opt/airflow/src/utils
[2026-02-08T17:54:17.780+0000] {processor.py:840} INFO - DAG(s) 'ml_retraining_pipeline' retrieved from /opt/airflow/dags/retraining.py
[2026-02-08T17:54:17.806+0000] {logging_mixin.py:188} INFO - [2026-02-08T17:54:17.806+0000] {dag.py:3096} INFO - Sync 1 DAGs
[2026-02-08T17:54:17.824+0000] {logging_mixin.py:188} INFO - [2026-02-08T17:54:17.824+0000] {dag.py:3954} INFO - Setting next_dagrun for ml_retraining_pipeline to None, run_after=None
[2026-02-08T17:54:17.848+0000] {processor.py:183} INFO - Processing /opt/airflow/dags/retraining.py took 2.734 seconds
[2026-02-08T17:54:48.271+0000] {processor.py:161} INFO - Started process (PID=195) to work on /opt/airflow/dags/retraining.py
[2026-02-08T17:54:48.273+0000] {processor.py:830} INFO - Processing file /opt/airflow/dags/retraining.py for tasks to queue
[2026-02-08T17:54:48.278+0000] {logging_mixin.py:188} INFO - [2026-02-08T17:54:48.277+0000] {dagbag.py:540} INFO - Filling up the DagBag from /opt/airflow/dags/retraining.py
[2026-02-08T17:54:51.360+0000] {logging_mixin.py:188} INFO - Added path to: /opt/airflow/src/utils
[2026-02-08T17:54:51.368+0000] {processor.py:840} INFO - DAG(s) 'ml_retraining_pipeline' retrieved from /opt/airflow/dags/retraining.py
[2026-02-08T17:54:51.402+0000] {logging_mixin.py:188} INFO - [2026-02-08T17:54:51.401+0000] {dag.py:3096} INFO - Sync 1 DAGs
[2026-02-08T17:54:51.414+0000] {logging_mixin.py:188} INFO - [2026-02-08T17:54:51.413+0000] {dag.py:3954} INFO - Setting next_dagrun for ml_retraining_pipeline to None, run_after=None
[2026-02-08T17:54:51.443+0000] {processor.py:183} INFO - Processing /opt/airflow/dags/retraining.py took 3.199 seconds
[2026-02-08T17:55:21.610+0000] {processor.py:161} INFO - Started process (PID=212) to work on /opt/airflow/dags/retraining.py
[2026-02-08T17:55:21.612+0000] {processor.py:830} INFO - Processing file /opt/airflow/dags/retraining.py for tasks to queue
[2026-02-08T17:55:21.614+0000] {logging_mixin.py:188} INFO - [2026-02-08T17:55:21.614+0000] {dagbag.py:540} INFO - Filling up the DagBag from /opt/airflow/dags/retraining.py
[2026-02-08T17:55:24.408+0000] {logging_mixin.py:188} INFO - Added path to: /opt/airflow/src/utils
[2026-02-08T17:55:24.425+0000] {processor.py:840} INFO - DAG(s) 'ml_retraining_pipeline' retrieved from /opt/airflow/dags/retraining.py
[2026-02-08T17:55:24.461+0000] {logging_mixin.py:188} INFO - [2026-02-08T17:55:24.460+0000] {dag.py:3096} INFO - Sync 1 DAGs
[2026-02-08T17:55:24.472+0000] {logging_mixin.py:188} INFO - [2026-02-08T17:55:24.472+0000] {dag.py:3954} INFO - Setting next_dagrun for ml_retraining_pipeline to None, run_after=None
[2026-02-08T17:55:24.496+0000] {processor.py:183} INFO - Processing /opt/airflow/dags/retraining.py took 2.895 seconds
[2026-02-08T17:55:54.909+0000] {processor.py:161} INFO - Started process (PID=230) to work on /opt/airflow/dags/retraining.py
[2026-02-08T17:55:54.911+0000] {processor.py:830} INFO - Processing file /opt/airflow/dags/retraining.py for tasks to queue
[2026-02-08T17:55:54.914+0000] {logging_mixin.py:188} INFO - [2026-02-08T17:55:54.914+0000] {dagbag.py:540} INFO - Filling up the DagBag from /opt/airflow/dags/retraining.py
[2026-02-08T17:55:57.824+0000] {logging_mixin.py:188} INFO - Added path to: /opt/airflow/src/utils
[2026-02-08T17:55:57.833+0000] {processor.py:840} INFO - DAG(s) 'ml_retraining_pipeline' retrieved from /opt/airflow/dags/retraining.py
[2026-02-08T17:55:57.860+0000] {logging_mixin.py:188} INFO - [2026-02-08T17:55:57.859+0000] {dag.py:3096} INFO - Sync 1 DAGs
[2026-02-08T17:55:57.872+0000] {logging_mixin.py:188} INFO - [2026-02-08T17:55:57.871+0000] {dag.py:3954} INFO - Setting next_dagrun for ml_retraining_pipeline to None, run_after=None
[2026-02-08T17:55:57.895+0000] {processor.py:183} INFO - Processing /opt/airflow/dags/retraining.py took 2.995 seconds
[2026-02-08T17:56:28.217+0000] {processor.py:161} INFO - Started process (PID=247) to work on /opt/airflow/dags/retraining.py
[2026-02-08T17:56:28.218+0000] {processor.py:830} INFO - Processing file /opt/airflow/dags/retraining.py for tasks to queue
[2026-02-08T17:56:28.222+0000] {logging_mixin.py:188} INFO - [2026-02-08T17:56:28.222+0000] {dagbag.py:540} INFO - Filling up the DagBag from /opt/airflow/dags/retraining.py
[2026-02-08T17:56:30.884+0000] {logging_mixin.py:188} INFO - Added path to: /opt/airflow/src/utils
[2026-02-08T17:56:30.893+0000] {processor.py:840} INFO - DAG(s) 'ml_retraining_pipeline' retrieved from /opt/airflow/dags/retraining.py
[2026-02-08T17:56:30.922+0000] {logging_mixin.py:188} INFO - [2026-02-08T17:56:30.921+0000] {dag.py:3096} INFO - Sync 1 DAGs
[2026-02-08T17:56:30.935+0000] {logging_mixin.py:188} INFO - [2026-02-08T17:56:30.934+0000] {dag.py:3954} INFO - Setting next_dagrun for ml_retraining_pipeline to None, run_after=None
[2026-02-08T17:56:30.957+0000] {processor.py:183} INFO - Processing /opt/airflow/dags/retraining.py took 2.750 seconds
[2026-02-08T17:57:01.294+0000] {processor.py:161} INFO - Started process (PID=270) to work on /opt/airflow/dags/retraining.py
[2026-02-08T17:57:01.295+0000] {processor.py:830} INFO - Processing file /opt/airflow/dags/retraining.py for tasks to queue
[2026-02-08T17:57:01.298+0000] {logging_mixin.py:188} INFO - [2026-02-08T17:57:01.298+0000] {dagbag.py:540} INFO - Filling up the DagBag from /opt/airflow/dags/retraining.py
[2026-02-08T17:57:03.917+0000] {logging_mixin.py:188} INFO - Added path to: /opt/airflow/src/utils
[2026-02-08T17:57:03.925+0000] {processor.py:840} INFO - DAG(s) 'ml_retraining_pipeline' retrieved from /opt/airflow/dags/retraining.py
[2026-02-08T17:57:03.955+0000] {logging_mixin.py:188} INFO - [2026-02-08T17:57:03.954+0000] {dag.py:3096} INFO - Sync 1 DAGs
[2026-02-08T17:57:03.971+0000] {logging_mixin.py:188} INFO - [2026-02-08T17:57:03.970+0000] {dag.py:3954} INFO - Setting next_dagrun for ml_retraining_pipeline to None, run_after=None
[2026-02-08T17:57:03.996+0000] {processor.py:183} INFO - Processing /opt/airflow/dags/retraining.py took 2.711 seconds
[2026-02-08T17:57:34.339+0000] {processor.py:161} INFO - Started process (PID=288) to work on /opt/airflow/dags/retraining.py
[2026-02-08T17:57:34.340+0000] {processor.py:830} INFO - Processing file /opt/airflow/dags/retraining.py for tasks to queue
[2026-02-08T17:57:34.344+0000] {logging_mixin.py:188} INFO - [2026-02-08T17:57:34.344+0000] {dagbag.py:540} INFO - Filling up the DagBag from /opt/airflow/dags/retraining.py
[2026-02-08T17:57:36.918+0000] {logging_mixin.py:188} INFO - Added path to: /opt/airflow/src/utils
[2026-02-08T17:57:36.932+0000] {processor.py:840} INFO - DAG(s) 'ml_retraining_pipeline' retrieved from /opt/airflow/dags/retraining.py
[2026-02-08T17:57:36.980+0000] {logging_mixin.py:188} INFO - [2026-02-08T17:57:36.979+0000] {dag.py:3096} INFO - Sync 1 DAGs
[2026-02-08T17:57:37.005+0000] {logging_mixin.py:188} INFO - [2026-02-08T17:57:37.005+0000] {dag.py:3954} INFO - Setting next_dagrun for ml_retraining_pipeline to None, run_after=None
[2026-02-08T17:57:37.039+0000] {processor.py:183} INFO - Processing /opt/airflow/dags/retraining.py took 2.710 seconds
[2026-02-08T17:58:07.364+0000] {processor.py:161} INFO - Started process (PID=305) to work on /opt/airflow/dags/retraining.py
[2026-02-08T17:58:07.366+0000] {processor.py:830} INFO - Processing file /opt/airflow/dags/retraining.py for tasks to queue
[2026-02-08T17:58:07.372+0000] {logging_mixin.py:188} INFO - [2026-02-08T17:58:07.371+0000] {dagbag.py:540} INFO - Filling up the DagBag from /opt/airflow/dags/retraining.py
[2026-02-08T17:58:10.267+0000] {logging_mixin.py:188} INFO - Added path to: /opt/airflow/src/utils
[2026-02-08T17:58:10.277+0000] {processor.py:840} INFO - DAG(s) 'ml_retraining_pipeline' retrieved from /opt/airflow/dags/retraining.py
[2026-02-08T17:58:10.321+0000] {logging_mixin.py:188} INFO - [2026-02-08T17:58:10.320+0000] {dag.py:3096} INFO - Sync 1 DAGs
[2026-02-08T17:58:10.350+0000] {logging_mixin.py:188} INFO - [2026-02-08T17:58:10.350+0000] {dag.py:3954} INFO - Setting next_dagrun for ml_retraining_pipeline to None, run_after=None
[2026-02-08T17:58:10.389+0000] {processor.py:183} INFO - Processing /opt/airflow/dags/retraining.py took 3.039 seconds
[2026-02-08T17:58:40.660+0000] {processor.py:161} INFO - Started process (PID=322) to work on /opt/airflow/dags/retraining.py
[2026-02-08T17:58:40.667+0000] {processor.py:830} INFO - Processing file /opt/airflow/dags/retraining.py for tasks to queue
[2026-02-08T17:58:40.672+0000] {logging_mixin.py:188} INFO - [2026-02-08T17:58:40.671+0000] {dagbag.py:540} INFO - Filling up the DagBag from /opt/airflow/dags/retraining.py
[2026-02-08T17:58:43.305+0000] {logging_mixin.py:188} INFO - Added path to: /opt/airflow/src/utils
[2026-02-08T17:58:43.314+0000] {processor.py:840} INFO - DAG(s) 'ml_retraining_pipeline' retrieved from /opt/airflow/dags/retraining.py
[2026-02-08T17:58:43.342+0000] {logging_mixin.py:188} INFO - [2026-02-08T17:58:43.342+0000] {dag.py:3096} INFO - Sync 1 DAGs
[2026-02-08T17:58:43.354+0000] {logging_mixin.py:188} INFO - [2026-02-08T17:58:43.354+0000] {dag.py:3954} INFO - Setting next_dagrun for ml_retraining_pipeline to None, run_after=None
[2026-02-08T17:58:43.379+0000] {processor.py:183} INFO - Processing /opt/airflow/dags/retraining.py took 2.741 seconds
[2026-02-08T17:59:13.734+0000] {processor.py:161} INFO - Started process (PID=339) to work on /opt/airflow/dags/retraining.py
[2026-02-08T17:59:13.736+0000] {processor.py:830} INFO - Processing file /opt/airflow/dags/retraining.py for tasks to queue
[2026-02-08T17:59:13.739+0000] {logging_mixin.py:188} INFO - [2026-02-08T17:59:13.739+0000] {dagbag.py:540} INFO - Filling up the DagBag from /opt/airflow/dags/retraining.py
[2026-02-08T17:59:16.227+0000] {logging_mixin.py:188} INFO - Added path to: /opt/airflow/src/utils
[2026-02-08T17:59:16.235+0000] {processor.py:840} INFO - DAG(s) 'ml_retraining_pipeline' retrieved from /opt/airflow/dags/retraining.py
[2026-02-08T17:59:16.261+0000] {logging_mixin.py:188} INFO - [2026-02-08T17:59:16.260+0000] {dag.py:3096} INFO - Sync 1 DAGs
[2026-02-08T17:59:16.274+0000] {logging_mixin.py:188} INFO - [2026-02-08T17:59:16.273+0000] {dag.py:3954} INFO - Setting next_dagrun for ml_retraining_pipeline to None, run_after=None
[2026-02-08T17:59:16.299+0000] {processor.py:183} INFO - Processing /opt/airflow/dags/retraining.py took 2.574 seconds
[2026-02-08T17:59:46.612+0000] {processor.py:161} INFO - Started process (PID=356) to work on /opt/airflow/dags/retraining.py
[2026-02-08T17:59:46.614+0000] {processor.py:830} INFO - Processing file /opt/airflow/dags/retraining.py for tasks to queue
[2026-02-08T17:59:46.617+0000] {logging_mixin.py:188} INFO - [2026-02-08T17:59:46.616+0000] {dagbag.py:540} INFO - Filling up the DagBag from /opt/airflow/dags/retraining.py
[2026-02-08T17:59:49.383+0000] {logging_mixin.py:188} INFO - Added path to: /opt/airflow/src/utils
[2026-02-08T17:59:49.395+0000] {processor.py:840} INFO - DAG(s) 'ml_retraining_pipeline' retrieved from /opt/airflow/dags/retraining.py
[2026-02-08T17:59:49.430+0000] {logging_mixin.py:188} INFO - [2026-02-08T17:59:49.429+0000] {dag.py:3096} INFO - Sync 1 DAGs
[2026-02-08T17:59:49.448+0000] {logging_mixin.py:188} INFO - [2026-02-08T17:59:49.448+0000] {dag.py:3954} INFO - Setting next_dagrun for ml_retraining_pipeline to None, run_after=None
[2026-02-08T17:59:49.474+0000] {processor.py:183} INFO - Processing /opt/airflow/dags/retraining.py took 2.873 seconds
[2026-02-08T18:00:19.677+0000] {processor.py:161} INFO - Started process (PID=373) to work on /opt/airflow/dags/retraining.py
[2026-02-08T18:00:19.678+0000] {processor.py:830} INFO - Processing file /opt/airflow/dags/retraining.py for tasks to queue
[2026-02-08T18:00:19.682+0000] {logging_mixin.py:188} INFO - [2026-02-08T18:00:19.681+0000] {dagbag.py:540} INFO - Filling up the DagBag from /opt/airflow/dags/retraining.py
[2026-02-08T18:00:22.305+0000] {logging_mixin.py:188} INFO - Added path to: /opt/airflow/src/utils
[2026-02-08T18:00:22.315+0000] {processor.py:840} INFO - DAG(s) 'ml_retraining_pipeline' retrieved from /opt/airflow/dags/retraining.py
[2026-02-08T18:00:22.348+0000] {logging_mixin.py:188} INFO - [2026-02-08T18:00:22.348+0000] {dag.py:3096} INFO - Sync 1 DAGs
[2026-02-08T18:00:22.367+0000] {logging_mixin.py:188} INFO - [2026-02-08T18:00:22.367+0000] {dag.py:3954} INFO - Setting next_dagrun for ml_retraining_pipeline to None, run_after=None
[2026-02-08T18:00:22.397+0000] {processor.py:183} INFO - Processing /opt/airflow/dags/retraining.py took 2.728 seconds
[2026-02-08T18:00:52.732+0000] {processor.py:161} INFO - Started process (PID=390) to work on /opt/airflow/dags/retraining.py
[2026-02-08T18:00:52.734+0000] {processor.py:830} INFO - Processing file /opt/airflow/dags/retraining.py for tasks to queue
[2026-02-08T18:00:52.739+0000] {logging_mixin.py:188} INFO - [2026-02-08T18:00:52.739+0000] {dagbag.py:540} INFO - Filling up the DagBag from /opt/airflow/dags/retraining.py
[2026-02-08T18:00:55.551+0000] {logging_mixin.py:188} INFO - Added path to: /opt/airflow/src/utils
[2026-02-08T18:00:55.560+0000] {processor.py:840} INFO - DAG(s) 'ml_retraining_pipeline' retrieved from /opt/airflow/dags/retraining.py
[2026-02-08T18:00:55.587+0000] {logging_mixin.py:188} INFO - [2026-02-08T18:00:55.586+0000] {dag.py:3096} INFO - Sync 1 DAGs
[2026-02-08T18:00:55.598+0000] {logging_mixin.py:188} INFO - [2026-02-08T18:00:55.597+0000] {dag.py:3954} INFO - Setting next_dagrun for ml_retraining_pipeline to None, run_after=None
[2026-02-08T18:00:55.619+0000] {processor.py:183} INFO - Processing /opt/airflow/dags/retraining.py took 2.900 seconds
[2026-02-08T18:01:25.960+0000] {processor.py:161} INFO - Started process (PID=407) to work on /opt/airflow/dags/retraining.py
[2026-02-08T18:01:25.962+0000] {processor.py:830} INFO - Processing file /opt/airflow/dags/retraining.py for tasks to queue
[2026-02-08T18:01:25.964+0000] {logging_mixin.py:188} INFO - [2026-02-08T18:01:25.964+0000] {dagbag.py:540} INFO - Filling up the DagBag from /opt/airflow/dags/retraining.py
[2026-02-08T18:01:28.684+0000] {logging_mixin.py:188} INFO - Added path to: /opt/airflow/src/utils
[2026-02-08T18:01:28.693+0000] {processor.py:840} INFO - DAG(s) 'ml_retraining_pipeline' retrieved from /opt/airflow/dags/retraining.py
[2026-02-08T18:01:28.722+0000] {logging_mixin.py:188} INFO - [2026-02-08T18:01:28.722+0000] {dag.py:3096} INFO - Sync 1 DAGs
[2026-02-08T18:01:28.736+0000] {logging_mixin.py:188} INFO - [2026-02-08T18:01:28.735+0000] {dag.py:3954} INFO - Setting next_dagrun for ml_retraining_pipeline to None, run_after=None
[2026-02-08T18:01:28.760+0000] {processor.py:183} INFO - Processing /opt/airflow/dags/retraining.py took 2.809 seconds
[2026-02-08T18:01:59.153+0000] {processor.py:161} INFO - Started process (PID=424) to work on /opt/airflow/dags/retraining.py
[2026-02-08T18:01:59.154+0000] {processor.py:830} INFO - Processing file /opt/airflow/dags/retraining.py for tasks to queue
[2026-02-08T18:01:59.157+0000] {logging_mixin.py:188} INFO - [2026-02-08T18:01:59.156+0000] {dagbag.py:540} INFO - Filling up the DagBag from /opt/airflow/dags/retraining.py
[2026-02-08T18:02:01.802+0000] {logging_mixin.py:188} INFO - Added path to: /opt/airflow/src/utils
[2026-02-08T18:02:01.811+0000] {processor.py:840} INFO - DAG(s) 'ml_retraining_pipeline' retrieved from /opt/airflow/dags/retraining.py
[2026-02-08T18:02:01.839+0000] {logging_mixin.py:188} INFO - [2026-02-08T18:02:01.838+0000] {dag.py:3096} INFO - Sync 1 DAGs
[2026-02-08T18:02:01.850+0000] {logging_mixin.py:188} INFO - [2026-02-08T18:02:01.850+0000] {dag.py:3954} INFO - Setting next_dagrun for ml_retraining_pipeline to None, run_after=None
[2026-02-08T18:02:01.876+0000] {processor.py:183} INFO - Processing /opt/airflow/dags/retraining.py took 2.733 seconds
[2026-02-08T18:02:32.270+0000] {processor.py:161} INFO - Started process (PID=447) to work on /opt/airflow/dags/retraining.py
[2026-02-08T18:02:32.272+0000] {processor.py:830} INFO - Processing file /opt/airflow/dags/retraining.py for tasks to queue
[2026-02-08T18:02:32.276+0000] {logging_mixin.py:188} INFO - [2026-02-08T18:02:32.275+0000] {dagbag.py:540} INFO - Filling up the DagBag from /opt/airflow/dags/retraining.py
[2026-02-08T18:02:34.737+0000] {logging_mixin.py:188} INFO - Added path to: /opt/airflow/src/utils
[2026-02-08T18:02:34.746+0000] {processor.py:840} INFO - DAG(s) 'ml_retraining_pipeline' retrieved from /opt/airflow/dags/retraining.py
[2026-02-08T18:02:34.774+0000] {logging_mixin.py:188} INFO - [2026-02-08T18:02:34.774+0000] {dag.py:3096} INFO - Sync 1 DAGs
[2026-02-08T18:02:34.785+0000] {logging_mixin.py:188} INFO - [2026-02-08T18:02:34.785+0000] {dag.py:3954} INFO - Setting next_dagrun for ml_retraining_pipeline to None, run_after=None
[2026-02-08T18:02:34.809+0000] {processor.py:183} INFO - Processing /opt/airflow/dags/retraining.py took 2.550 seconds
[2026-02-08T18:03:05.163+0000] {processor.py:161} INFO - Started process (PID=464) to work on /opt/airflow/dags/retraining.py
[2026-02-08T18:03:05.165+0000] {processor.py:830} INFO - Processing file /opt/airflow/dags/retraining.py for tasks to queue
[2026-02-08T18:03:05.167+0000] {logging_mixin.py:188} INFO - [2026-02-08T18:03:05.167+0000] {dagbag.py:540} INFO - Filling up the DagBag from /opt/airflow/dags/retraining.py
[2026-02-08T18:03:07.730+0000] {logging_mixin.py:188} INFO - Added path to: /opt/airflow/src/utils
[2026-02-08T18:03:07.738+0000] {processor.py:840} INFO - DAG(s) 'ml_retraining_pipeline' retrieved from /opt/airflow/dags/retraining.py
[2026-02-08T18:03:07.765+0000] {logging_mixin.py:188} INFO - [2026-02-08T18:03:07.764+0000] {dag.py:3096} INFO - Sync 1 DAGs
[2026-02-08T18:03:07.777+0000] {logging_mixin.py:188} INFO - [2026-02-08T18:03:07.777+0000] {dag.py:3954} INFO - Setting next_dagrun for ml_retraining_pipeline to None, run_after=None
[2026-02-08T18:03:07.802+0000] {processor.py:183} INFO - Processing /opt/airflow/dags/retraining.py took 2.648 seconds
[2026-02-08T18:03:38.184+0000] {processor.py:161} INFO - Started process (PID=481) to work on /opt/airflow/dags/retraining.py
[2026-02-08T18:03:38.185+0000] {processor.py:830} INFO - Processing file /opt/airflow/dags/retraining.py for tasks to queue
[2026-02-08T18:03:38.188+0000] {logging_mixin.py:188} INFO - [2026-02-08T18:03:38.187+0000] {dagbag.py:540} INFO - Filling up the DagBag from /opt/airflow/dags/retraining.py
[2026-02-08T18:03:40.851+0000] {logging_mixin.py:188} INFO - Added path to: /opt/airflow/src/utils
[2026-02-08T18:03:40.858+0000] {processor.py:840} INFO - DAG(s) 'ml_retraining_pipeline' retrieved from /opt/airflow/dags/retraining.py
[2026-02-08T18:03:40.886+0000] {logging_mixin.py:188} INFO - [2026-02-08T18:03:40.885+0000] {dag.py:3096} INFO - Sync 1 DAGs
[2026-02-08T18:03:40.901+0000] {logging_mixin.py:188} INFO - [2026-02-08T18:03:40.901+0000] {dag.py:3954} INFO - Setting next_dagrun for ml_retraining_pipeline to None, run_after=None
[2026-02-08T18:03:40.928+0000] {processor.py:183} INFO - Processing /opt/airflow/dags/retraining.py took 2.752 seconds
[2026-02-08T18:04:11.330+0000] {processor.py:161} INFO - Started process (PID=498) to work on /opt/airflow/dags/retraining.py
[2026-02-08T18:04:11.332+0000] {processor.py:830} INFO - Processing file /opt/airflow/dags/retraining.py for tasks to queue
[2026-02-08T18:04:11.335+0000] {logging_mixin.py:188} INFO - [2026-02-08T18:04:11.334+0000] {dagbag.py:540} INFO - Filling up the DagBag from /opt/airflow/dags/retraining.py
[2026-02-08T18:04:15.078+0000] {logging_mixin.py:188} INFO - Added path to: /opt/airflow/src/utils
[2026-02-08T18:04:15.092+0000] {processor.py:840} INFO - DAG(s) 'ml_retraining_pipeline' retrieved from /opt/airflow/dags/retraining.py
[2026-02-08T18:04:15.173+0000] {logging_mixin.py:188} INFO - [2026-02-08T18:04:15.172+0000] {dag.py:3096} INFO - Sync 1 DAGs
[2026-02-08T18:04:15.200+0000] {logging_mixin.py:188} INFO - [2026-02-08T18:04:15.199+0000] {dag.py:3954} INFO - Setting next_dagrun for ml_retraining_pipeline to None, run_after=None
[2026-02-08T18:04:15.265+0000] {processor.py:183} INFO - Processing /opt/airflow/dags/retraining.py took 3.945 seconds
[2026-02-08T18:04:45.644+0000] {processor.py:161} INFO - Started process (PID=515) to work on /opt/airflow/dags/retraining.py
[2026-02-08T18:04:45.645+0000] {processor.py:830} INFO - Processing file /opt/airflow/dags/retraining.py for tasks to queue
[2026-02-08T18:04:45.649+0000] {logging_mixin.py:188} INFO - [2026-02-08T18:04:45.648+0000] {dagbag.py:540} INFO - Filling up the DagBag from /opt/airflow/dags/retraining.py
[2026-02-08T18:04:48.317+0000] {logging_mixin.py:188} INFO - Added path to: /opt/airflow/src/utils
[2026-02-08T18:04:48.333+0000] {processor.py:840} INFO - DAG(s) 'ml_retraining_pipeline' retrieved from /opt/airflow/dags/retraining.py
[2026-02-08T18:04:48.366+0000] {logging_mixin.py:188} INFO - [2026-02-08T18:04:48.366+0000] {dag.py:3096} INFO - Sync 1 DAGs
[2026-02-08T18:04:48.379+0000] {logging_mixin.py:188} INFO - [2026-02-08T18:04:48.379+0000] {dag.py:3954} INFO - Setting next_dagrun for ml_retraining_pipeline to None, run_after=None
[2026-02-08T18:04:48.412+0000] {processor.py:183} INFO - Processing /opt/airflow/dags/retraining.py took 2.780 seconds
[2026-02-08T18:05:18.803+0000] {processor.py:161} INFO - Started process (PID=532) to work on /opt/airflow/dags/retraining.py
[2026-02-08T18:05:18.806+0000] {processor.py:830} INFO - Processing file /opt/airflow/dags/retraining.py for tasks to queue
[2026-02-08T18:05:18.811+0000] {logging_mixin.py:188} INFO - [2026-02-08T18:05:18.810+0000] {dagbag.py:540} INFO - Filling up the DagBag from /opt/airflow/dags/retraining.py
[2026-02-08T18:05:23.981+0000] {logging_mixin.py:188} INFO - Added path to: /opt/airflow/src/utils
[2026-02-08T18:05:23.994+0000] {processor.py:840} INFO - DAG(s) 'ml_retraining_pipeline' retrieved from /opt/airflow/dags/retraining.py
[2026-02-08T18:05:24.063+0000] {logging_mixin.py:188} INFO - [2026-02-08T18:05:24.062+0000] {dag.py:3096} INFO - Sync 1 DAGs
[2026-02-08T18:05:24.091+0000] {logging_mixin.py:188} INFO - [2026-02-08T18:05:24.091+0000] {dag.py:3954} INFO - Setting next_dagrun for ml_retraining_pipeline to None, run_after=None
[2026-02-08T18:05:24.128+0000] {processor.py:183} INFO - Processing /opt/airflow/dags/retraining.py took 5.340 seconds
[2026-02-08T18:05:54.519+0000] {processor.py:161} INFO - Started process (PID=550) to work on /opt/airflow/dags/retraining.py
[2026-02-08T18:05:54.522+0000] {processor.py:830} INFO - Processing file /opt/airflow/dags/retraining.py for tasks to queue
[2026-02-08T18:05:54.525+0000] {logging_mixin.py:188} INFO - [2026-02-08T18:05:54.525+0000] {dagbag.py:540} INFO - Filling up the DagBag from /opt/airflow/dags/retraining.py
[2026-02-08T18:05:59.994+0000] {logging_mixin.py:188} INFO - Added path to: /opt/airflow/src/utils
[2026-02-08T18:06:00.048+0000] {processor.py:840} INFO - DAG(s) 'ml_retraining_pipeline' retrieved from /opt/airflow/dags/retraining.py
[2026-02-08T18:06:00.151+0000] {logging_mixin.py:188} INFO - [2026-02-08T18:06:00.150+0000] {dag.py:3096} INFO - Sync 1 DAGs
[2026-02-08T18:06:00.198+0000] {logging_mixin.py:188} INFO - [2026-02-08T18:06:00.196+0000] {dag.py:3954} INFO - Setting next_dagrun for ml_retraining_pipeline to None, run_after=None
[2026-02-08T18:06:00.283+0000] {processor.py:183} INFO - Processing /opt/airflow/dags/retraining.py took 5.775 seconds
[2026-02-08T18:06:30.448+0000] {processor.py:161} INFO - Started process (PID=567) to work on /opt/airflow/dags/retraining.py
[2026-02-08T18:06:30.450+0000] {processor.py:830} INFO - Processing file /opt/airflow/dags/retraining.py for tasks to queue
[2026-02-08T18:06:30.455+0000] {logging_mixin.py:188} INFO - [2026-02-08T18:06:30.454+0000] {dagbag.py:540} INFO - Filling up the DagBag from /opt/airflow/dags/retraining.py
[2026-02-08T18:06:34.007+0000] {logging_mixin.py:188} INFO - Added path to: /opt/airflow/src/utils
[2026-02-08T18:06:34.026+0000] {processor.py:840} INFO - DAG(s) 'ml_retraining_pipeline' retrieved from /opt/airflow/dags/retraining.py
[2026-02-08T18:06:34.081+0000] {logging_mixin.py:188} INFO - [2026-02-08T18:06:34.081+0000] {dag.py:3096} INFO - Sync 1 DAGs
[2026-02-08T18:06:34.112+0000] {logging_mixin.py:188} INFO - [2026-02-08T18:06:34.111+0000] {dag.py:3954} INFO - Setting next_dagrun for ml_retraining_pipeline to None, run_after=None
[2026-02-08T18:06:34.160+0000] {processor.py:183} INFO - Processing /opt/airflow/dags/retraining.py took 3.727 seconds
[2026-02-08T18:07:04.581+0000] {processor.py:161} INFO - Started process (PID=590) to work on /opt/airflow/dags/retraining.py
[2026-02-08T18:07:04.583+0000] {processor.py:830} INFO - Processing file /opt/airflow/dags/retraining.py for tasks to queue
[2026-02-08T18:07:04.587+0000] {logging_mixin.py:188} INFO - [2026-02-08T18:07:04.586+0000] {dagbag.py:540} INFO - Filling up the DagBag from /opt/airflow/dags/retraining.py
[2026-02-08T18:07:08.683+0000] {logging_mixin.py:188} INFO - Added path to: /opt/airflow/src/utils
[2026-02-08T18:07:08.698+0000] {processor.py:840} INFO - DAG(s) 'ml_retraining_pipeline' retrieved from /opt/airflow/dags/retraining.py
[2026-02-08T18:07:08.747+0000] {logging_mixin.py:188} INFO - [2026-02-08T18:07:08.747+0000] {dag.py:3096} INFO - Sync 1 DAGs
[2026-02-08T18:07:08.770+0000] {logging_mixin.py:188} INFO - [2026-02-08T18:07:08.770+0000] {dag.py:3954} INFO - Setting next_dagrun for ml_retraining_pipeline to None, run_after=None
[2026-02-08T18:07:08.834+0000] {processor.py:183} INFO - Processing /opt/airflow/dags/retraining.py took 4.266 seconds
[2026-02-08T18:07:39.197+0000] {processor.py:161} INFO - Started process (PID=607) to work on /opt/airflow/dags/retraining.py
[2026-02-08T18:07:39.200+0000] {processor.py:830} INFO - Processing file /opt/airflow/dags/retraining.py for tasks to queue
[2026-02-08T18:07:39.204+0000] {logging_mixin.py:188} INFO - [2026-02-08T18:07:39.204+0000] {dagbag.py:540} INFO - Filling up the DagBag from /opt/airflow/dags/retraining.py
[2026-02-08T18:07:43.864+0000] {logging_mixin.py:188} INFO - Added path to: /opt/airflow/src/utils
[2026-02-08T18:07:43.886+0000] {processor.py:840} INFO - DAG(s) 'ml_retraining_pipeline' retrieved from /opt/airflow/dags/retraining.py
[2026-02-08T18:07:43.938+0000] {logging_mixin.py:188} INFO - [2026-02-08T18:07:43.937+0000] {dag.py:3096} INFO - Sync 1 DAGs
[2026-02-08T18:07:43.965+0000] {logging_mixin.py:188} INFO - [2026-02-08T18:07:43.965+0000] {dag.py:3954} INFO - Setting next_dagrun for ml_retraining_pipeline to None, run_after=None
[2026-02-08T18:07:44.000+0000] {processor.py:183} INFO - Processing /opt/airflow/dags/retraining.py took 4.819 seconds
[2026-02-08T18:08:14.226+0000] {processor.py:161} INFO - Started process (PID=624) to work on /opt/airflow/dags/retraining.py
[2026-02-08T18:08:14.228+0000] {processor.py:830} INFO - Processing file /opt/airflow/dags/retraining.py for tasks to queue
[2026-02-08T18:08:14.233+0000] {logging_mixin.py:188} INFO - [2026-02-08T18:08:14.232+0000] {dagbag.py:540} INFO - Filling up the DagBag from /opt/airflow/dags/retraining.py
[2026-02-08T18:08:18.085+0000] {logging_mixin.py:188} INFO - Added path to: /opt/airflow/src/utils
[2026-02-08T18:08:18.100+0000] {processor.py:840} INFO - DAG(s) 'ml_retraining_pipeline' retrieved from /opt/airflow/dags/retraining.py
[2026-02-08T18:08:18.157+0000] {logging_mixin.py:188} INFO - [2026-02-08T18:08:18.156+0000] {dag.py:3096} INFO - Sync 1 DAGs
[2026-02-08T18:08:18.179+0000] {logging_mixin.py:188} INFO - [2026-02-08T18:08:18.179+0000] {dag.py:3954} INFO - Setting next_dagrun for ml_retraining_pipeline to None, run_after=None
[2026-02-08T18:08:18.221+0000] {processor.py:183} INFO - Processing /opt/airflow/dags/retraining.py took 4.010 seconds
[2026-02-08T18:08:48.532+0000] {processor.py:161} INFO - Started process (PID=642) to work on /opt/airflow/dags/retraining.py
[2026-02-08T18:08:48.533+0000] {processor.py:830} INFO - Processing file /opt/airflow/dags/retraining.py for tasks to queue
[2026-02-08T18:08:48.539+0000] {logging_mixin.py:188} INFO - [2026-02-08T18:08:48.538+0000] {dagbag.py:540} INFO - Filling up the DagBag from /opt/airflow/dags/retraining.py
[2026-02-08T18:08:53.236+0000] {logging_mixin.py:188} INFO - Added path to: /opt/airflow/src/utils
[2026-02-08T18:08:53.260+0000] {processor.py:840} INFO - DAG(s) 'ml_retraining_pipeline' retrieved from /opt/airflow/dags/retraining.py
[2026-02-08T18:08:53.330+0000] {logging_mixin.py:188} INFO - [2026-02-08T18:08:53.329+0000] {dag.py:3096} INFO - Sync 1 DAGs
[2026-02-08T18:08:53.382+0000] {logging_mixin.py:188} INFO - [2026-02-08T18:08:53.371+0000] {dag.py:3954} INFO - Setting next_dagrun for ml_retraining_pipeline to None, run_after=None
[2026-02-08T18:08:53.441+0000] {processor.py:183} INFO - Processing /opt/airflow/dags/retraining.py took 4.919 seconds
[2026-02-08T18:09:23.820+0000] {processor.py:161} INFO - Started process (PID=659) to work on /opt/airflow/dags/retraining.py
[2026-02-08T18:09:23.822+0000] {processor.py:830} INFO - Processing file /opt/airflow/dags/retraining.py for tasks to queue
[2026-02-08T18:09:23.825+0000] {logging_mixin.py:188} INFO - [2026-02-08T18:09:23.824+0000] {dagbag.py:540} INFO - Filling up the DagBag from /opt/airflow/dags/retraining.py
[2026-02-08T18:09:27.214+0000] {logging_mixin.py:188} INFO - Added path to: /opt/airflow/src/utils
[2026-02-08T18:09:27.223+0000] {processor.py:840} INFO - DAG(s) 'ml_retraining_pipeline' retrieved from /opt/airflow/dags/retraining.py
[2026-02-08T18:09:27.261+0000] {logging_mixin.py:188} INFO - [2026-02-08T18:09:27.261+0000] {dag.py:3096} INFO - Sync 1 DAGs
[2026-02-08T18:09:27.278+0000] {logging_mixin.py:188} INFO - [2026-02-08T18:09:27.278+0000] {dag.py:3954} INFO - Setting next_dagrun for ml_retraining_pipeline to None, run_after=None
[2026-02-08T18:09:27.305+0000] {processor.py:183} INFO - Processing /opt/airflow/dags/retraining.py took 3.494 seconds
[2026-02-08T18:09:57.770+0000] {processor.py:161} INFO - Started process (PID=676) to work on /opt/airflow/dags/retraining.py
[2026-02-08T18:09:57.773+0000] {processor.py:830} INFO - Processing file /opt/airflow/dags/retraining.py for tasks to queue
[2026-02-08T18:09:57.788+0000] {logging_mixin.py:188} INFO - [2026-02-08T18:09:57.783+0000] {dagbag.py:540} INFO - Filling up the DagBag from /opt/airflow/dags/retraining.py
[2026-02-08T18:10:02.961+0000] {logging_mixin.py:188} INFO - Added path to: /opt/airflow/src/utils
[2026-02-08T18:10:02.972+0000] {processor.py:840} INFO - DAG(s) 'ml_retraining_pipeline' retrieved from /opt/airflow/dags/retraining.py
[2026-02-08T18:10:03.006+0000] {logging_mixin.py:188} INFO - [2026-02-08T18:10:03.005+0000] {dag.py:3096} INFO - Sync 1 DAGs
[2026-02-08T18:10:03.019+0000] {logging_mixin.py:188} INFO - [2026-02-08T18:10:03.019+0000] {dag.py:3954} INFO - Setting next_dagrun for ml_retraining_pipeline to None, run_after=None
[2026-02-08T18:10:03.042+0000] {processor.py:183} INFO - Processing /opt/airflow/dags/retraining.py took 5.307 seconds
[2026-02-08T18:10:33.350+0000] {processor.py:161} INFO - Started process (PID=699) to work on /opt/airflow/dags/retraining.py
[2026-02-08T18:10:33.355+0000] {processor.py:830} INFO - Processing file /opt/airflow/dags/retraining.py for tasks to queue
[2026-02-08T18:10:33.371+0000] {logging_mixin.py:188} INFO - [2026-02-08T18:10:33.370+0000] {dagbag.py:540} INFO - Filling up the DagBag from /opt/airflow/dags/retraining.py
[2026-02-08T18:10:42.980+0000] {logging_mixin.py:188} INFO - Added path to: /opt/airflow/src/utils
[2026-02-08T18:10:43.046+0000] {processor.py:840} INFO - DAG(s) 'ml_retraining_pipeline' retrieved from /opt/airflow/dags/retraining.py
[2026-02-08T18:10:43.206+0000] {logging_mixin.py:188} INFO - [2026-02-08T18:10:43.196+0000] {dag.py:3096} INFO - Sync 1 DAGs
[2026-02-08T18:10:43.306+0000] {logging_mixin.py:188} INFO - [2026-02-08T18:10:43.304+0000] {dag.py:3954} INFO - Setting next_dagrun for ml_retraining_pipeline to None, run_after=None
[2026-02-08T18:10:43.441+0000] {processor.py:183} INFO - Processing /opt/airflow/dags/retraining.py took 10.134 seconds
[2026-02-08T18:11:13.634+0000] {processor.py:161} INFO - Started process (PID=716) to work on /opt/airflow/dags/retraining.py
[2026-02-08T18:11:13.636+0000] {processor.py:830} INFO - Processing file /opt/airflow/dags/retraining.py for tasks to queue
[2026-02-08T18:11:13.640+0000] {logging_mixin.py:188} INFO - [2026-02-08T18:11:13.639+0000] {dagbag.py:540} INFO - Filling up the DagBag from /opt/airflow/dags/retraining.py
[2026-02-08T18:11:16.438+0000] {logging_mixin.py:188} INFO - Added path to: /opt/airflow/src/utils
[2026-02-08T18:11:16.446+0000] {processor.py:840} INFO - DAG(s) 'ml_retraining_pipeline' retrieved from /opt/airflow/dags/retraining.py
[2026-02-08T18:11:16.471+0000] {logging_mixin.py:188} INFO - [2026-02-08T18:11:16.470+0000] {dag.py:3096} INFO - Sync 1 DAGs
[2026-02-08T18:11:16.484+0000] {logging_mixin.py:188} INFO - [2026-02-08T18:11:16.484+0000] {dag.py:3954} INFO - Setting next_dagrun for ml_retraining_pipeline to None, run_after=None
[2026-02-08T18:11:16.511+0000] {processor.py:183} INFO - Processing /opt/airflow/dags/retraining.py took 2.887 seconds
[2026-02-08T18:11:47.147+0000] {processor.py:161} INFO - Started process (PID=733) to work on /opt/airflow/dags/retraining.py
[2026-02-08T18:11:47.150+0000] {processor.py:830} INFO - Processing file /opt/airflow/dags/retraining.py for tasks to queue
[2026-02-08T18:11:47.156+0000] {logging_mixin.py:188} INFO - [2026-02-08T18:11:47.154+0000] {dagbag.py:540} INFO - Filling up the DagBag from /opt/airflow/dags/retraining.py
[2026-02-08T18:11:51.291+0000] {logging_mixin.py:188} INFO - Added path to: /opt/airflow/src/utils
[2026-02-08T18:11:51.300+0000] {processor.py:840} INFO - DAG(s) 'ml_retraining_pipeline' retrieved from /opt/airflow/dags/retraining.py
[2026-02-08T18:11:51.337+0000] {logging_mixin.py:188} INFO - [2026-02-08T18:11:51.336+0000] {dag.py:3096} INFO - Sync 1 DAGs
[2026-02-08T18:11:51.354+0000] {logging_mixin.py:188} INFO - [2026-02-08T18:11:51.354+0000] {dag.py:3954} INFO - Setting next_dagrun for ml_retraining_pipeline to None, run_after=None
[2026-02-08T18:11:51.390+0000] {processor.py:183} INFO - Processing /opt/airflow/dags/retraining.py took 4.270 seconds
[2026-02-08T18:12:21.540+0000] {processor.py:161} INFO - Started process (PID=750) to work on /opt/airflow/dags/retraining.py
[2026-02-08T18:12:21.541+0000] {processor.py:830} INFO - Processing file /opt/airflow/dags/retraining.py for tasks to queue
[2026-02-08T18:12:21.545+0000] {logging_mixin.py:188} INFO - [2026-02-08T18:12:21.544+0000] {dagbag.py:540} INFO - Filling up the DagBag from /opt/airflow/dags/retraining.py
[2026-02-08T18:12:24.945+0000] {logging_mixin.py:188} INFO - Added path to: /opt/airflow/src/utils
[2026-02-08T18:12:24.956+0000] {processor.py:840} INFO - DAG(s) 'ml_retraining_pipeline' retrieved from /opt/airflow/dags/retraining.py
[2026-02-08T18:12:24.986+0000] {logging_mixin.py:188} INFO - [2026-02-08T18:12:24.985+0000] {dag.py:3096} INFO - Sync 1 DAGs
[2026-02-08T18:12:25.002+0000] {logging_mixin.py:188} INFO - [2026-02-08T18:12:25.002+0000] {dag.py:3954} INFO - Setting next_dagrun for ml_retraining_pipeline to None, run_after=None
[2026-02-08T18:12:25.031+0000] {processor.py:183} INFO - Processing /opt/airflow/dags/retraining.py took 3.503 seconds
[2026-02-08T18:12:55.395+0000] {processor.py:161} INFO - Started process (PID=768) to work on /opt/airflow/dags/retraining.py
[2026-02-08T18:12:55.396+0000] {processor.py:830} INFO - Processing file /opt/airflow/dags/retraining.py for tasks to queue
[2026-02-08T18:12:55.400+0000] {logging_mixin.py:188} INFO - [2026-02-08T18:12:55.399+0000] {dagbag.py:540} INFO - Filling up the DagBag from /opt/airflow/dags/retraining.py
[2026-02-08T18:12:59.069+0000] {logging_mixin.py:188} INFO - Added path to: /opt/airflow/src/utils
[2026-02-08T18:12:59.078+0000] {processor.py:840} INFO - DAG(s) 'ml_retraining_pipeline' retrieved from /opt/airflow/dags/retraining.py
[2026-02-08T18:12:59.117+0000] {logging_mixin.py:188} INFO - [2026-02-08T18:12:59.115+0000] {dag.py:3096} INFO - Sync 1 DAGs
[2026-02-08T18:12:59.132+0000] {logging_mixin.py:188} INFO - [2026-02-08T18:12:59.132+0000] {dag.py:3954} INFO - Setting next_dagrun for ml_retraining_pipeline to None, run_after=None
[2026-02-08T18:12:59.157+0000] {processor.py:183} INFO - Processing /opt/airflow/dags/retraining.py took 3.777 seconds
[2026-02-08T18:13:29.299+0000] {processor.py:161} INFO - Started process (PID=786) to work on /opt/airflow/dags/retraining.py
[2026-02-08T18:13:29.301+0000] {processor.py:830} INFO - Processing file /opt/airflow/dags/retraining.py for tasks to queue
[2026-02-08T18:13:29.312+0000] {logging_mixin.py:188} INFO - [2026-02-08T18:13:29.311+0000] {dagbag.py:540} INFO - Filling up the DagBag from /opt/airflow/dags/retraining.py
[2026-02-08T18:13:33.451+0000] {logging_mixin.py:188} INFO - Added path to: /opt/airflow/src/utils
[2026-02-08T18:13:33.463+0000] {processor.py:840} INFO - DAG(s) 'ml_retraining_pipeline' retrieved from /opt/airflow/dags/retraining.py
[2026-02-08T18:13:33.495+0000] {logging_mixin.py:188} INFO - [2026-02-08T18:13:33.495+0000] {dag.py:3096} INFO - Sync 1 DAGs
[2026-02-08T18:13:33.510+0000] {logging_mixin.py:188} INFO - [2026-02-08T18:13:33.510+0000] {dag.py:3954} INFO - Setting next_dagrun for ml_retraining_pipeline to None, run_after=None
[2026-02-08T18:13:33.541+0000] {processor.py:183} INFO - Processing /opt/airflow/dags/retraining.py took 4.263 seconds
[2026-02-08T18:14:03.931+0000] {processor.py:161} INFO - Started process (PID=810) to work on /opt/airflow/dags/retraining.py
[2026-02-08T18:14:03.932+0000] {processor.py:830} INFO - Processing file /opt/airflow/dags/retraining.py for tasks to queue
[2026-02-08T18:14:03.938+0000] {logging_mixin.py:188} INFO - [2026-02-08T18:14:03.937+0000] {dagbag.py:540} INFO - Filling up the DagBag from /opt/airflow/dags/retraining.py
[2026-02-08T18:14:08.368+0000] {logging_mixin.py:188} INFO - Added path to: /opt/airflow/src/utils
[2026-02-08T18:14:08.376+0000] {processor.py:840} INFO - DAG(s) 'ml_retraining_pipeline' retrieved from /opt/airflow/dags/retraining.py
[2026-02-08T18:14:08.407+0000] {logging_mixin.py:188} INFO - [2026-02-08T18:14:08.407+0000] {dag.py:3096} INFO - Sync 1 DAGs
[2026-02-08T18:14:08.423+0000] {logging_mixin.py:188} INFO - [2026-02-08T18:14:08.423+0000] {dag.py:3954} INFO - Setting next_dagrun for ml_retraining_pipeline to None, run_after=None
[2026-02-08T18:14:08.454+0000] {processor.py:183} INFO - Processing /opt/airflow/dags/retraining.py took 4.535 seconds
[2026-02-08T18:14:38.792+0000] {processor.py:161} INFO - Started process (PID=827) to work on /opt/airflow/dags/retraining.py
[2026-02-08T18:14:38.794+0000] {processor.py:830} INFO - Processing file /opt/airflow/dags/retraining.py for tasks to queue
[2026-02-08T18:14:38.797+0000] {logging_mixin.py:188} INFO - [2026-02-08T18:14:38.796+0000] {dagbag.py:540} INFO - Filling up the DagBag from /opt/airflow/dags/retraining.py
[2026-02-08T18:14:42.263+0000] {logging_mixin.py:188} INFO - Added path to: /opt/airflow/src/utils
[2026-02-08T18:14:42.278+0000] {processor.py:840} INFO - DAG(s) 'ml_retraining_pipeline' retrieved from /opt/airflow/dags/retraining.py
[2026-02-08T18:14:42.315+0000] {logging_mixin.py:188} INFO - [2026-02-08T18:14:42.314+0000] {dag.py:3096} INFO - Sync 1 DAGs
[2026-02-08T18:14:42.330+0000] {logging_mixin.py:188} INFO - [2026-02-08T18:14:42.329+0000] {dag.py:3954} INFO - Setting next_dagrun for ml_retraining_pipeline to None, run_after=None
[2026-02-08T18:14:42.355+0000] {processor.py:183} INFO - Processing /opt/airflow/dags/retraining.py took 3.577 seconds
[2026-02-08T18:15:12.599+0000] {processor.py:161} INFO - Started process (PID=845) to work on /opt/airflow/dags/retraining.py
[2026-02-08T18:15:12.602+0000] {processor.py:830} INFO - Processing file /opt/airflow/dags/retraining.py for tasks to queue
[2026-02-08T18:15:12.607+0000] {logging_mixin.py:188} INFO - [2026-02-08T18:15:12.607+0000] {dagbag.py:540} INFO - Filling up the DagBag from /opt/airflow/dags/retraining.py
[2026-02-08T18:15:16.740+0000] {logging_mixin.py:188} INFO - Added path to: /opt/airflow/src/utils
[2026-02-08T18:15:16.748+0000] {processor.py:840} INFO - DAG(s) 'ml_retraining_pipeline' retrieved from /opt/airflow/dags/retraining.py
[2026-02-08T18:15:16.785+0000] {logging_mixin.py:188} INFO - [2026-02-08T18:15:16.784+0000] {dag.py:3096} INFO - Sync 1 DAGs
[2026-02-08T18:15:16.799+0000] {logging_mixin.py:188} INFO - [2026-02-08T18:15:16.799+0000] {dag.py:3954} INFO - Setting next_dagrun for ml_retraining_pipeline to None, run_after=None
[2026-02-08T18:15:16.838+0000] {processor.py:183} INFO - Processing /opt/airflow/dags/retraining.py took 4.256 seconds
[2026-02-08T18:15:47.112+0000] {processor.py:161} INFO - Started process (PID=862) to work on /opt/airflow/dags/retraining.py
[2026-02-08T18:15:47.117+0000] {processor.py:830} INFO - Processing file /opt/airflow/dags/retraining.py for tasks to queue
[2026-02-08T18:15:47.129+0000] {logging_mixin.py:188} INFO - [2026-02-08T18:15:47.128+0000] {dagbag.py:540} INFO - Filling up the DagBag from /opt/airflow/dags/retraining.py
[2026-02-08T18:15:51.861+0000] {logging_mixin.py:188} INFO - Added path to: /opt/airflow/src/utils
[2026-02-08T18:15:51.871+0000] {processor.py:840} INFO - DAG(s) 'ml_retraining_pipeline' retrieved from /opt/airflow/dags/retraining.py
[2026-02-08T18:15:51.909+0000] {logging_mixin.py:188} INFO - [2026-02-08T18:15:51.908+0000] {dag.py:3096} INFO - Sync 1 DAGs
[2026-02-08T18:15:51.927+0000] {logging_mixin.py:188} INFO - [2026-02-08T18:15:51.927+0000] {dag.py:3954} INFO - Setting next_dagrun for ml_retraining_pipeline to None, run_after=None
[2026-02-08T18:15:51.958+0000] {processor.py:183} INFO - Processing /opt/airflow/dags/retraining.py took 4.905 seconds
[2026-02-08T18:16:22.337+0000] {processor.py:161} INFO - Started process (PID=879) to work on /opt/airflow/dags/retraining.py
[2026-02-08T18:16:22.338+0000] {processor.py:830} INFO - Processing file /opt/airflow/dags/retraining.py for tasks to queue
[2026-02-08T18:16:22.341+0000] {logging_mixin.py:188} INFO - [2026-02-08T18:16:22.341+0000] {dagbag.py:540} INFO - Filling up the DagBag from /opt/airflow/dags/retraining.py
[2026-02-08T18:16:25.580+0000] {logging_mixin.py:188} INFO - Added path to: /opt/airflow/src/utils
[2026-02-08T18:16:25.594+0000] {processor.py:840} INFO - DAG(s) 'ml_retraining_pipeline' retrieved from /opt/airflow/dags/retraining.py
[2026-02-08T18:16:25.645+0000] {logging_mixin.py:188} INFO - [2026-02-08T18:16:25.645+0000] {dag.py:3096} INFO - Sync 1 DAGs
[2026-02-08T18:16:25.678+0000] {logging_mixin.py:188} INFO - [2026-02-08T18:16:25.678+0000] {dag.py:3954} INFO - Setting next_dagrun for ml_retraining_pipeline to None, run_after=None
[2026-02-08T18:16:25.743+0000] {processor.py:183} INFO - Processing /opt/airflow/dags/retraining.py took 3.419 seconds
[2026-02-08T18:16:56.064+0000] {processor.py:161} INFO - Started process (PID=896) to work on /opt/airflow/dags/retraining.py
[2026-02-08T18:16:56.069+0000] {processor.py:830} INFO - Processing file /opt/airflow/dags/retraining.py for tasks to queue
[2026-02-08T18:16:56.072+0000] {logging_mixin.py:188} INFO - [2026-02-08T18:16:56.072+0000] {dagbag.py:540} INFO - Filling up the DagBag from /opt/airflow/dags/retraining.py
[2026-02-08T18:16:59.724+0000] {logging_mixin.py:188} INFO - Added path to: /opt/airflow/src/utils
[2026-02-08T18:16:59.738+0000] {processor.py:840} INFO - DAG(s) 'ml_retraining_pipeline' retrieved from /opt/airflow/dags/retraining.py
[2026-02-08T18:16:59.793+0000] {logging_mixin.py:188} INFO - [2026-02-08T18:16:59.792+0000] {dag.py:3096} INFO - Sync 1 DAGs
[2026-02-08T18:16:59.839+0000] {logging_mixin.py:188} INFO - [2026-02-08T18:16:59.839+0000] {dag.py:3954} INFO - Setting next_dagrun for ml_retraining_pipeline to None, run_after=None
[2026-02-08T18:16:59.884+0000] {processor.py:183} INFO - Processing /opt/airflow/dags/retraining.py took 3.829 seconds
[2026-02-08T18:17:30.024+0000] {processor.py:161} INFO - Started process (PID=913) to work on /opt/airflow/dags/retraining.py
[2026-02-08T18:17:30.027+0000] {processor.py:830} INFO - Processing file /opt/airflow/dags/retraining.py for tasks to queue
[2026-02-08T18:17:30.030+0000] {logging_mixin.py:188} INFO - [2026-02-08T18:17:30.030+0000] {dagbag.py:540} INFO - Filling up the DagBag from /opt/airflow/dags/retraining.py
[2026-02-08T18:17:34.633+0000] {logging_mixin.py:188} INFO - Added path to: /opt/airflow/src/utils
[2026-02-08T18:17:34.642+0000] {processor.py:840} INFO - DAG(s) 'ml_retraining_pipeline' retrieved from /opt/airflow/dags/retraining.py
[2026-02-08T18:17:34.680+0000] {logging_mixin.py:188} INFO - [2026-02-08T18:17:34.679+0000] {dag.py:3096} INFO - Sync 1 DAGs
[2026-02-08T18:17:34.693+0000] {logging_mixin.py:188} INFO - [2026-02-08T18:17:34.693+0000] {dag.py:3954} INFO - Setting next_dagrun for ml_retraining_pipeline to None, run_after=None
[2026-02-08T18:17:34.723+0000] {processor.py:183} INFO - Processing /opt/airflow/dags/retraining.py took 4.717 seconds
[2026-02-08T18:18:05.108+0000] {processor.py:161} INFO - Started process (PID=937) to work on /opt/airflow/dags/retraining.py
[2026-02-08T18:18:05.110+0000] {processor.py:830} INFO - Processing file /opt/airflow/dags/retraining.py for tasks to queue
[2026-02-08T18:18:05.113+0000] {logging_mixin.py:188} INFO - [2026-02-08T18:18:05.113+0000] {dagbag.py:540} INFO - Filling up the DagBag from /opt/airflow/dags/retraining.py
[2026-02-08T18:18:08.543+0000] {logging_mixin.py:188} INFO - Added path to: /opt/airflow/src/utils
[2026-02-08T18:18:08.557+0000] {processor.py:840} INFO - DAG(s) 'ml_retraining_pipeline' retrieved from /opt/airflow/dags/retraining.py
[2026-02-08T18:18:08.624+0000] {logging_mixin.py:188} INFO - [2026-02-08T18:18:08.623+0000] {dag.py:3096} INFO - Sync 1 DAGs
[2026-02-08T18:18:08.652+0000] {logging_mixin.py:188} INFO - [2026-02-08T18:18:08.652+0000] {dag.py:3954} INFO - Setting next_dagrun for ml_retraining_pipeline to None, run_after=None
[2026-02-08T18:18:08.689+0000] {processor.py:183} INFO - Processing /opt/airflow/dags/retraining.py took 3.590 seconds
[2026-02-08T18:18:38.792+0000] {processor.py:161} INFO - Started process (PID=954) to work on /opt/airflow/dags/retraining.py
[2026-02-08T18:18:38.794+0000] {processor.py:830} INFO - Processing file /opt/airflow/dags/retraining.py for tasks to queue
[2026-02-08T18:18:38.797+0000] {logging_mixin.py:188} INFO - [2026-02-08T18:18:38.796+0000] {dagbag.py:540} INFO - Filling up the DagBag from /opt/airflow/dags/retraining.py
[2026-02-08T18:18:41.716+0000] {logging_mixin.py:188} INFO - Added path to: /opt/airflow/src/utils
[2026-02-08T18:18:41.725+0000] {processor.py:840} INFO - DAG(s) 'ml_retraining_pipeline' retrieved from /opt/airflow/dags/retraining.py
[2026-02-08T18:18:41.771+0000] {logging_mixin.py:188} INFO - [2026-02-08T18:18:41.770+0000] {dag.py:3096} INFO - Sync 1 DAGs
[2026-02-08T18:18:41.805+0000] {logging_mixin.py:188} INFO - [2026-02-08T18:18:41.804+0000] {dag.py:3954} INFO - Setting next_dagrun for ml_retraining_pipeline to None, run_after=None
[2026-02-08T18:18:41.839+0000] {processor.py:183} INFO - Processing /opt/airflow/dags/retraining.py took 3.060 seconds
[2026-02-08T18:19:12.096+0000] {processor.py:161} INFO - Started process (PID=971) to work on /opt/airflow/dags/retraining.py
[2026-02-08T18:19:12.099+0000] {processor.py:830} INFO - Processing file /opt/airflow/dags/retraining.py for tasks to queue
[2026-02-08T18:19:12.102+0000] {logging_mixin.py:188} INFO - [2026-02-08T18:19:12.102+0000] {dagbag.py:540} INFO - Filling up the DagBag from /opt/airflow/dags/retraining.py
[2026-02-08T18:19:15.455+0000] {logging_mixin.py:188} INFO - Added path to: /opt/airflow/src/utils
[2026-02-08T18:19:15.467+0000] {processor.py:840} INFO - DAG(s) 'ml_retraining_pipeline' retrieved from /opt/airflow/dags/retraining.py
[2026-02-08T18:19:15.498+0000] {logging_mixin.py:188} INFO - [2026-02-08T18:19:15.496+0000] {dag.py:3096} INFO - Sync 1 DAGs
[2026-02-08T18:19:15.511+0000] {logging_mixin.py:188} INFO - [2026-02-08T18:19:15.511+0000] {dag.py:3954} INFO - Setting next_dagrun for ml_retraining_pipeline to None, run_after=None
[2026-02-08T18:19:15.535+0000] {processor.py:183} INFO - Processing /opt/airflow/dags/retraining.py took 3.449 seconds
[2026-02-08T18:19:45.842+0000] {processor.py:161} INFO - Started process (PID=988) to work on /opt/airflow/dags/retraining.py
[2026-02-08T18:19:45.844+0000] {processor.py:830} INFO - Processing file /opt/airflow/dags/retraining.py for tasks to queue
[2026-02-08T18:19:45.846+0000] {logging_mixin.py:188} INFO - [2026-02-08T18:19:45.846+0000] {dagbag.py:540} INFO - Filling up the DagBag from /opt/airflow/dags/retraining.py
[2026-02-08T18:19:48.914+0000] {logging_mixin.py:188} INFO - Added path to: /opt/airflow/src/utils
[2026-02-08T18:19:48.928+0000] {processor.py:840} INFO - DAG(s) 'ml_retraining_pipeline' retrieved from /opt/airflow/dags/retraining.py
[2026-02-08T18:19:48.980+0000] {logging_mixin.py:188} INFO - [2026-02-08T18:19:48.979+0000] {dag.py:3096} INFO - Sync 1 DAGs
[2026-02-08T18:19:49.011+0000] {logging_mixin.py:188} INFO - [2026-02-08T18:19:49.010+0000] {dag.py:3954} INFO - Setting next_dagrun for ml_retraining_pipeline to None, run_after=None
[2026-02-08T18:19:49.053+0000] {processor.py:183} INFO - Processing /opt/airflow/dags/retraining.py took 3.223 seconds
[2026-02-08T18:20:19.146+0000] {processor.py:161} INFO - Started process (PID=1006) to work on /opt/airflow/dags/retraining.py
[2026-02-08T18:20:19.148+0000] {processor.py:830} INFO - Processing file /opt/airflow/dags/retraining.py for tasks to queue
[2026-02-08T18:20:19.151+0000] {logging_mixin.py:188} INFO - [2026-02-08T18:20:19.150+0000] {dagbag.py:540} INFO - Filling up the DagBag from /opt/airflow/dags/retraining.py
[2026-02-08T18:20:21.811+0000] {logging_mixin.py:188} INFO - Added path to: /opt/airflow/src/utils
[2026-02-08T18:20:21.835+0000] {processor.py:840} INFO - DAG(s) 'ml_retraining_pipeline' retrieved from /opt/airflow/dags/retraining.py
[2026-02-08T18:20:21.875+0000] {logging_mixin.py:188} INFO - [2026-02-08T18:20:21.875+0000] {dag.py:3096} INFO - Sync 1 DAGs
[2026-02-08T18:20:21.888+0000] {logging_mixin.py:188} INFO - [2026-02-08T18:20:21.888+0000] {dag.py:3954} INFO - Setting next_dagrun for ml_retraining_pipeline to None, run_after=None
[2026-02-08T18:20:21.958+0000] {processor.py:183} INFO - Processing /opt/airflow/dags/retraining.py took 2.822 seconds
[2026-02-08T18:20:52.287+0000] {processor.py:161} INFO - Started process (PID=1023) to work on /opt/airflow/dags/retraining.py
[2026-02-08T18:20:52.289+0000] {processor.py:830} INFO - Processing file /opt/airflow/dags/retraining.py for tasks to queue
[2026-02-08T18:20:52.291+0000] {logging_mixin.py:188} INFO - [2026-02-08T18:20:52.291+0000] {dagbag.py:540} INFO - Filling up the DagBag from /opt/airflow/dags/retraining.py
[2026-02-08T18:20:55.053+0000] {logging_mixin.py:188} INFO - Added path to: /opt/airflow/src/utils
[2026-02-08T18:20:55.066+0000] {processor.py:840} INFO - DAG(s) 'ml_retraining_pipeline' retrieved from /opt/airflow/dags/retraining.py
[2026-02-08T18:20:55.101+0000] {logging_mixin.py:188} INFO - [2026-02-08T18:20:55.100+0000] {dag.py:3096} INFO - Sync 1 DAGs
[2026-02-08T18:20:55.114+0000] {logging_mixin.py:188} INFO - [2026-02-08T18:20:55.114+0000] {dag.py:3954} INFO - Setting next_dagrun for ml_retraining_pipeline to None, run_after=None
[2026-02-08T18:20:55.144+0000] {processor.py:183} INFO - Processing /opt/airflow/dags/retraining.py took 2.866 seconds
[2026-02-08T18:21:25.498+0000] {processor.py:161} INFO - Started process (PID=1040) to work on /opt/airflow/dags/retraining.py
[2026-02-08T18:21:25.499+0000] {processor.py:830} INFO - Processing file /opt/airflow/dags/retraining.py for tasks to queue
[2026-02-08T18:21:25.503+0000] {logging_mixin.py:188} INFO - [2026-02-08T18:21:25.503+0000] {dagbag.py:540} INFO - Filling up the DagBag from /opt/airflow/dags/retraining.py
[2026-02-08T18:21:28.481+0000] {logging_mixin.py:188} INFO - Added path to: /opt/airflow/src/utils
[2026-02-08T18:21:28.494+0000] {processor.py:840} INFO - DAG(s) 'ml_retraining_pipeline' retrieved from /opt/airflow/dags/retraining.py
[2026-02-08T18:21:28.538+0000] {logging_mixin.py:188} INFO - [2026-02-08T18:21:28.537+0000] {dag.py:3096} INFO - Sync 1 DAGs
[2026-02-08T18:21:28.553+0000] {logging_mixin.py:188} INFO - [2026-02-08T18:21:28.553+0000] {dag.py:3954} INFO - Setting next_dagrun for ml_retraining_pipeline to None, run_after=None
[2026-02-08T18:21:28.575+0000] {processor.py:183} INFO - Processing /opt/airflow/dags/retraining.py took 3.091 seconds
[2026-02-08T18:21:58.807+0000] {processor.py:161} INFO - Started process (PID=1057) to work on /opt/airflow/dags/retraining.py
[2026-02-08T18:21:58.809+0000] {processor.py:830} INFO - Processing file /opt/airflow/dags/retraining.py for tasks to queue
[2026-02-08T18:21:58.813+0000] {logging_mixin.py:188} INFO - [2026-02-08T18:21:58.812+0000] {dagbag.py:540} INFO - Filling up the DagBag from /opt/airflow/dags/retraining.py
[2026-02-08T18:22:01.926+0000] {logging_mixin.py:188} INFO - Added path to: /opt/airflow/src/utils
[2026-02-08T18:22:01.934+0000] {processor.py:840} INFO - DAG(s) 'ml_retraining_pipeline' retrieved from /opt/airflow/dags/retraining.py
[2026-02-08T18:22:01.960+0000] {logging_mixin.py:188} INFO - [2026-02-08T18:22:01.959+0000] {dag.py:3096} INFO - Sync 1 DAGs
[2026-02-08T18:22:01.971+0000] {logging_mixin.py:188} INFO - [2026-02-08T18:22:01.971+0000] {dag.py:3954} INFO - Setting next_dagrun for ml_retraining_pipeline to None, run_after=None
[2026-02-08T18:22:01.994+0000] {processor.py:183} INFO - Processing /opt/airflow/dags/retraining.py took 3.196 seconds
[2026-02-08T18:22:32.200+0000] {processor.py:161} INFO - Started process (PID=1074) to work on /opt/airflow/dags/retraining.py
[2026-02-08T18:22:32.201+0000] {processor.py:830} INFO - Processing file /opt/airflow/dags/retraining.py for tasks to queue
[2026-02-08T18:22:32.204+0000] {logging_mixin.py:188} INFO - [2026-02-08T18:22:32.203+0000] {dagbag.py:540} INFO - Filling up the DagBag from /opt/airflow/dags/retraining.py
[2026-02-08T18:22:35.145+0000] {logging_mixin.py:188} INFO - Added path to: /opt/airflow/src/utils
[2026-02-08T18:22:35.154+0000] {processor.py:840} INFO - DAG(s) 'ml_retraining_pipeline' retrieved from /opt/airflow/dags/retraining.py
[2026-02-08T18:22:35.193+0000] {logging_mixin.py:188} INFO - [2026-02-08T18:22:35.192+0000] {dag.py:3096} INFO - Sync 1 DAGs
[2026-02-08T18:22:35.216+0000] {logging_mixin.py:188} INFO - [2026-02-08T18:22:35.216+0000] {dag.py:3954} INFO - Setting next_dagrun for ml_retraining_pipeline to None, run_after=None
[2026-02-08T18:22:35.246+0000] {processor.py:183} INFO - Processing /opt/airflow/dags/retraining.py took 3.058 seconds
[2026-02-08T18:23:05.504+0000] {processor.py:161} INFO - Started process (PID=1097) to work on /opt/airflow/dags/retraining.py
[2026-02-08T18:23:05.505+0000] {processor.py:830} INFO - Processing file /opt/airflow/dags/retraining.py for tasks to queue
[2026-02-08T18:23:05.508+0000] {logging_mixin.py:188} INFO - [2026-02-08T18:23:05.507+0000] {dagbag.py:540} INFO - Filling up the DagBag from /opt/airflow/dags/retraining.py
[2026-02-08T18:23:07.988+0000] {logging_mixin.py:188} INFO - Added path to: /opt/airflow/src/utils
[2026-02-08T18:23:08.001+0000] {processor.py:840} INFO - DAG(s) 'ml_retraining_pipeline' retrieved from /opt/airflow/dags/retraining.py
[2026-02-08T18:23:08.038+0000] {logging_mixin.py:188} INFO - [2026-02-08T18:23:08.037+0000] {dag.py:3096} INFO - Sync 1 DAGs
[2026-02-08T18:23:08.055+0000] {logging_mixin.py:188} INFO - [2026-02-08T18:23:08.054+0000] {dag.py:3954} INFO - Setting next_dagrun for ml_retraining_pipeline to None, run_after=None
[2026-02-08T18:23:08.077+0000] {processor.py:183} INFO - Processing /opt/airflow/dags/retraining.py took 2.582 seconds
[2026-02-08T18:23:38.444+0000] {processor.py:161} INFO - Started process (PID=1114) to work on /opt/airflow/dags/retraining.py
[2026-02-08T18:23:38.446+0000] {processor.py:830} INFO - Processing file /opt/airflow/dags/retraining.py for tasks to queue
[2026-02-08T18:23:38.472+0000] {logging_mixin.py:188} INFO - [2026-02-08T18:23:38.471+0000] {dagbag.py:540} INFO - Filling up the DagBag from /opt/airflow/dags/retraining.py
[2026-02-08T18:23:41.530+0000] {logging_mixin.py:188} INFO - Added path to: /opt/airflow/src/utils
[2026-02-08T18:23:41.543+0000] {processor.py:840} INFO - DAG(s) 'ml_retraining_pipeline' retrieved from /opt/airflow/dags/retraining.py
[2026-02-08T18:23:41.572+0000] {logging_mixin.py:188} INFO - [2026-02-08T18:23:41.571+0000] {dag.py:3096} INFO - Sync 1 DAGs
[2026-02-08T18:23:41.586+0000] {logging_mixin.py:188} INFO - [2026-02-08T18:23:41.586+0000] {dag.py:3954} INFO - Setting next_dagrun for ml_retraining_pipeline to None, run_after=None
[2026-02-08T18:23:41.632+0000] {processor.py:183} INFO - Processing /opt/airflow/dags/retraining.py took 3.202 seconds
[2026-02-08T18:24:11.746+0000] {processor.py:161} INFO - Started process (PID=1131) to work on /opt/airflow/dags/retraining.py
[2026-02-08T18:24:11.747+0000] {processor.py:830} INFO - Processing file /opt/airflow/dags/retraining.py for tasks to queue
[2026-02-08T18:24:11.750+0000] {logging_mixin.py:188} INFO - [2026-02-08T18:24:11.750+0000] {dagbag.py:540} INFO - Filling up the DagBag from /opt/airflow/dags/retraining.py
[2026-02-08T18:24:15.021+0000] {logging_mixin.py:188} INFO - Added path to: /opt/airflow/src/utils
[2026-02-08T18:24:15.028+0000] {processor.py:840} INFO - DAG(s) 'ml_retraining_pipeline' retrieved from /opt/airflow/dags/retraining.py
[2026-02-08T18:24:15.054+0000] {logging_mixin.py:188} INFO - [2026-02-08T18:24:15.053+0000] {dag.py:3096} INFO - Sync 1 DAGs
[2026-02-08T18:24:15.064+0000] {logging_mixin.py:188} INFO - [2026-02-08T18:24:15.064+0000] {dag.py:3954} INFO - Setting next_dagrun for ml_retraining_pipeline to None, run_after=None
[2026-02-08T18:24:15.087+0000] {processor.py:183} INFO - Processing /opt/airflow/dags/retraining.py took 3.353 seconds
[2026-02-08T18:24:45.357+0000] {processor.py:161} INFO - Started process (PID=1148) to work on /opt/airflow/dags/retraining.py
[2026-02-08T18:24:45.359+0000] {processor.py:830} INFO - Processing file /opt/airflow/dags/retraining.py for tasks to queue
[2026-02-08T18:24:45.366+0000] {logging_mixin.py:188} INFO - [2026-02-08T18:24:45.365+0000] {dagbag.py:540} INFO - Filling up the DagBag from /opt/airflow/dags/retraining.py
[2026-02-08T18:24:47.849+0000] {logging_mixin.py:188} INFO - Added path to: /opt/airflow/src/utils
[2026-02-08T18:24:47.857+0000] {processor.py:840} INFO - DAG(s) 'ml_retraining_pipeline' retrieved from /opt/airflow/dags/retraining.py
[2026-02-08T18:24:47.883+0000] {logging_mixin.py:188} INFO - [2026-02-08T18:24:47.883+0000] {dag.py:3096} INFO - Sync 1 DAGs
[2026-02-08T18:24:47.896+0000] {logging_mixin.py:188} INFO - [2026-02-08T18:24:47.896+0000] {dag.py:3954} INFO - Setting next_dagrun for ml_retraining_pipeline to None, run_after=None
[2026-02-08T18:24:47.922+0000] {processor.py:183} INFO - Processing /opt/airflow/dags/retraining.py took 2.574 seconds
[2026-02-08T18:25:18.242+0000] {processor.py:161} INFO - Started process (PID=1165) to work on /opt/airflow/dags/retraining.py
[2026-02-08T18:25:18.245+0000] {processor.py:830} INFO - Processing file /opt/airflow/dags/retraining.py for tasks to queue
[2026-02-08T18:25:18.249+0000] {logging_mixin.py:188} INFO - [2026-02-08T18:25:18.248+0000] {dagbag.py:540} INFO - Filling up the DagBag from /opt/airflow/dags/retraining.py
[2026-02-08T18:25:21.056+0000] {logging_mixin.py:188} INFO - Added path to: /opt/airflow/src/utils
[2026-02-08T18:25:21.064+0000] {processor.py:840} INFO - DAG(s) 'ml_retraining_pipeline' retrieved from /opt/airflow/dags/retraining.py
[2026-02-08T18:25:21.090+0000] {logging_mixin.py:188} INFO - [2026-02-08T18:25:21.090+0000] {dag.py:3096} INFO - Sync 1 DAGs
[2026-02-08T18:25:21.101+0000] {logging_mixin.py:188} INFO - [2026-02-08T18:25:21.101+0000] {dag.py:3954} INFO - Setting next_dagrun for ml_retraining_pipeline to None, run_after=None
[2026-02-08T18:25:21.124+0000] {processor.py:183} INFO - Processing /opt/airflow/dags/retraining.py took 2.891 seconds
[2026-02-08T18:25:51.478+0000] {processor.py:161} INFO - Started process (PID=1182) to work on /opt/airflow/dags/retraining.py
[2026-02-08T18:25:51.480+0000] {processor.py:830} INFO - Processing file /opt/airflow/dags/retraining.py for tasks to queue
[2026-02-08T18:25:51.484+0000] {logging_mixin.py:188} INFO - [2026-02-08T18:25:51.483+0000] {dagbag.py:540} INFO - Filling up the DagBag from /opt/airflow/dags/retraining.py
[2026-02-08T18:25:54.485+0000] {logging_mixin.py:188} INFO - Added path to: /opt/airflow/src/utils
[2026-02-08T18:25:54.495+0000] {processor.py:840} INFO - DAG(s) 'ml_retraining_pipeline' retrieved from /opt/airflow/dags/retraining.py
[2026-02-08T18:25:54.523+0000] {logging_mixin.py:188} INFO - [2026-02-08T18:25:54.523+0000] {dag.py:3096} INFO - Sync 1 DAGs
[2026-02-08T18:25:54.537+0000] {logging_mixin.py:188} INFO - [2026-02-08T18:25:54.537+0000] {dag.py:3954} INFO - Setting next_dagrun for ml_retraining_pipeline to None, run_after=None
[2026-02-08T18:25:54.570+0000] {processor.py:183} INFO - Processing /opt/airflow/dags/retraining.py took 3.104 seconds
[2026-02-08T18:26:24.835+0000] {processor.py:161} INFO - Started process (PID=1199) to work on /opt/airflow/dags/retraining.py
[2026-02-08T18:26:24.836+0000] {processor.py:830} INFO - Processing file /opt/airflow/dags/retraining.py for tasks to queue
[2026-02-08T18:26:24.838+0000] {logging_mixin.py:188} INFO - [2026-02-08T18:26:24.838+0000] {dagbag.py:540} INFO - Filling up the DagBag from /opt/airflow/dags/retraining.py
[2026-02-08T18:26:27.276+0000] {logging_mixin.py:188} INFO - Added path to: /opt/airflow/src/utils
[2026-02-08T18:26:27.285+0000] {processor.py:840} INFO - DAG(s) 'ml_retraining_pipeline' retrieved from /opt/airflow/dags/retraining.py
[2026-02-08T18:26:27.311+0000] {logging_mixin.py:188} INFO - [2026-02-08T18:26:27.311+0000] {dag.py:3096} INFO - Sync 1 DAGs
[2026-02-08T18:26:27.322+0000] {logging_mixin.py:188} INFO - [2026-02-08T18:26:27.321+0000] {dag.py:3954} INFO - Setting next_dagrun for ml_retraining_pipeline to None, run_after=None
[2026-02-08T18:26:27.346+0000] {processor.py:183} INFO - Processing /opt/airflow/dags/retraining.py took 2.521 seconds
[2026-02-08T18:26:57.659+0000] {processor.py:161} INFO - Started process (PID=1216) to work on /opt/airflow/dags/retraining.py
[2026-02-08T18:26:57.661+0000] {processor.py:830} INFO - Processing file /opt/airflow/dags/retraining.py for tasks to queue
[2026-02-08T18:26:57.664+0000] {logging_mixin.py:188} INFO - [2026-02-08T18:26:57.664+0000] {dagbag.py:540} INFO - Filling up the DagBag from /opt/airflow/dags/retraining.py
[2026-02-08T18:27:00.219+0000] {logging_mixin.py:188} INFO - Added path to: /opt/airflow/src/utils
[2026-02-08T18:27:00.226+0000] {processor.py:840} INFO - DAG(s) 'ml_retraining_pipeline' retrieved from /opt/airflow/dags/retraining.py
[2026-02-08T18:27:00.249+0000] {logging_mixin.py:188} INFO - [2026-02-08T18:27:00.249+0000] {dag.py:3096} INFO - Sync 1 DAGs
[2026-02-08T18:27:00.260+0000] {logging_mixin.py:188} INFO - [2026-02-08T18:27:00.260+0000] {dag.py:3954} INFO - Setting next_dagrun for ml_retraining_pipeline to None, run_after=None
[2026-02-08T18:27:00.283+0000] {processor.py:183} INFO - Processing /opt/airflow/dags/retraining.py took 2.632 seconds
[2026-02-08T18:27:30.456+0000] {processor.py:161} INFO - Started process (PID=1233) to work on /opt/airflow/dags/retraining.py
[2026-02-08T18:27:30.458+0000] {processor.py:830} INFO - Processing file /opt/airflow/dags/retraining.py for tasks to queue
[2026-02-08T18:27:30.462+0000] {logging_mixin.py:188} INFO - [2026-02-08T18:27:30.461+0000] {dagbag.py:540} INFO - Filling up the DagBag from /opt/airflow/dags/retraining.py
[2026-02-08T18:27:33.521+0000] {logging_mixin.py:188} INFO - Added path to: /opt/airflow/src/utils
[2026-02-08T18:27:33.535+0000] {processor.py:840} INFO - DAG(s) 'ml_retraining_pipeline' retrieved from /opt/airflow/dags/retraining.py
[2026-02-08T18:27:33.581+0000] {logging_mixin.py:188} INFO - [2026-02-08T18:27:33.580+0000] {dag.py:3096} INFO - Sync 1 DAGs
[2026-02-08T18:27:33.593+0000] {logging_mixin.py:188} INFO - [2026-02-08T18:27:33.593+0000] {dag.py:3954} INFO - Setting next_dagrun for ml_retraining_pipeline to None, run_after=None
[2026-02-08T18:27:33.617+0000] {processor.py:183} INFO - Processing /opt/airflow/dags/retraining.py took 3.172 seconds
[2026-02-08T18:28:03.928+0000] {processor.py:161} INFO - Started process (PID=1251) to work on /opt/airflow/dags/retraining.py
[2026-02-08T18:28:03.930+0000] {processor.py:830} INFO - Processing file /opt/airflow/dags/retraining.py for tasks to queue
[2026-02-08T18:28:03.933+0000] {logging_mixin.py:188} INFO - [2026-02-08T18:28:03.933+0000] {dagbag.py:540} INFO - Filling up the DagBag from /opt/airflow/dags/retraining.py
[2026-02-08T18:28:06.424+0000] {logging_mixin.py:188} INFO - Added path to: /opt/airflow/src/utils
[2026-02-08T18:28:06.432+0000] {processor.py:840} INFO - DAG(s) 'ml_retraining_pipeline' retrieved from /opt/airflow/dags/retraining.py
[2026-02-08T18:28:06.456+0000] {logging_mixin.py:188} INFO - [2026-02-08T18:28:06.456+0000] {dag.py:3096} INFO - Sync 1 DAGs
[2026-02-08T18:28:06.469+0000] {logging_mixin.py:188} INFO - [2026-02-08T18:28:06.468+0000] {dag.py:3954} INFO - Setting next_dagrun for ml_retraining_pipeline to None, run_after=None
[2026-02-08T18:28:06.493+0000] {processor.py:183} INFO - Processing /opt/airflow/dags/retraining.py took 2.574 seconds
[2026-02-08T18:28:36.799+0000] {processor.py:161} INFO - Started process (PID=1274) to work on /opt/airflow/dags/retraining.py
[2026-02-08T18:28:36.801+0000] {processor.py:830} INFO - Processing file /opt/airflow/dags/retraining.py for tasks to queue
[2026-02-08T18:28:36.805+0000] {logging_mixin.py:188} INFO - [2026-02-08T18:28:36.805+0000] {dagbag.py:540} INFO - Filling up the DagBag from /opt/airflow/dags/retraining.py
[2026-02-08T18:28:39.431+0000] {logging_mixin.py:188} INFO - Added path to: /opt/airflow/src/utils
[2026-02-08T18:28:39.442+0000] {processor.py:840} INFO - DAG(s) 'ml_retraining_pipeline' retrieved from /opt/airflow/dags/retraining.py
[2026-02-08T18:28:39.483+0000] {logging_mixin.py:188} INFO - [2026-02-08T18:28:39.482+0000] {dag.py:3096} INFO - Sync 1 DAGs
[2026-02-08T18:28:39.500+0000] {logging_mixin.py:188} INFO - [2026-02-08T18:28:39.499+0000] {dag.py:3954} INFO - Setting next_dagrun for ml_retraining_pipeline to None, run_after=None
[2026-02-08T18:28:39.526+0000] {processor.py:183} INFO - Processing /opt/airflow/dags/retraining.py took 2.741 seconds
[2026-02-08T18:29:09.839+0000] {processor.py:161} INFO - Started process (PID=1291) to work on /opt/airflow/dags/retraining.py
[2026-02-08T18:29:09.841+0000] {processor.py:830} INFO - Processing file /opt/airflow/dags/retraining.py for tasks to queue
[2026-02-08T18:29:09.845+0000] {logging_mixin.py:188} INFO - [2026-02-08T18:29:09.844+0000] {dagbag.py:540} INFO - Filling up the DagBag from /opt/airflow/dags/retraining.py
[2026-02-08T18:29:12.877+0000] {logging_mixin.py:188} INFO - Added path to: /opt/airflow/src/utils
[2026-02-08T18:29:12.887+0000] {processor.py:840} INFO - DAG(s) 'ml_retraining_pipeline' retrieved from /opt/airflow/dags/retraining.py
[2026-02-08T18:29:12.921+0000] {logging_mixin.py:188} INFO - [2026-02-08T18:29:12.921+0000] {dag.py:3096} INFO - Sync 1 DAGs
[2026-02-08T18:29:12.936+0000] {logging_mixin.py:188} INFO - [2026-02-08T18:29:12.936+0000] {dag.py:3954} INFO - Setting next_dagrun for ml_retraining_pipeline to None, run_after=None
[2026-02-08T18:29:12.966+0000] {processor.py:183} INFO - Processing /opt/airflow/dags/retraining.py took 3.140 seconds
[2026-02-08T18:29:43.152+0000] {processor.py:161} INFO - Started process (PID=1308) to work on /opt/airflow/dags/retraining.py
[2026-02-08T18:29:43.153+0000] {processor.py:830} INFO - Processing file /opt/airflow/dags/retraining.py for tasks to queue
[2026-02-08T18:29:43.156+0000] {logging_mixin.py:188} INFO - [2026-02-08T18:29:43.155+0000] {dagbag.py:540} INFO - Filling up the DagBag from /opt/airflow/dags/retraining.py
[2026-02-08T18:29:45.591+0000] {logging_mixin.py:188} INFO - Added path to: /opt/airflow/src/utils
[2026-02-08T18:29:45.598+0000] {processor.py:840} INFO - DAG(s) 'ml_retraining_pipeline' retrieved from /opt/airflow/dags/retraining.py
[2026-02-08T18:29:45.619+0000] {logging_mixin.py:188} INFO - [2026-02-08T18:29:45.619+0000] {dag.py:3096} INFO - Sync 1 DAGs
[2026-02-08T18:29:45.630+0000] {logging_mixin.py:188} INFO - [2026-02-08T18:29:45.630+0000] {dag.py:3954} INFO - Setting next_dagrun for ml_retraining_pipeline to None, run_after=None
[2026-02-08T18:29:45.651+0000] {processor.py:183} INFO - Processing /opt/airflow/dags/retraining.py took 2.508 seconds
[2026-02-08T18:30:15.958+0000] {processor.py:161} INFO - Started process (PID=1325) to work on /opt/airflow/dags/retraining.py
[2026-02-08T18:30:15.960+0000] {processor.py:830} INFO - Processing file /opt/airflow/dags/retraining.py for tasks to queue
[2026-02-08T18:30:15.964+0000] {logging_mixin.py:188} INFO - [2026-02-08T18:30:15.964+0000] {dagbag.py:540} INFO - Filling up the DagBag from /opt/airflow/dags/retraining.py
[2026-02-08T18:30:18.658+0000] {logging_mixin.py:188} INFO - Added path to: /opt/airflow/src/utils
[2026-02-08T18:30:18.673+0000] {processor.py:840} INFO - DAG(s) 'ml_retraining_pipeline' retrieved from /opt/airflow/dags/retraining.py
[2026-02-08T18:30:18.715+0000] {logging_mixin.py:188} INFO - [2026-02-08T18:30:18.714+0000] {dag.py:3096} INFO - Sync 1 DAGs
[2026-02-08T18:30:18.742+0000] {logging_mixin.py:188} INFO - [2026-02-08T18:30:18.741+0000] {dag.py:3954} INFO - Setting next_dagrun for ml_retraining_pipeline to None, run_after=None
[2026-02-08T18:30:18.783+0000] {processor.py:183} INFO - Processing /opt/airflow/dags/retraining.py took 2.838 seconds
[2026-02-08T18:30:48.878+0000] {processor.py:161} INFO - Started process (PID=1342) to work on /opt/airflow/dags/retraining.py
[2026-02-08T18:30:48.880+0000] {processor.py:830} INFO - Processing file /opt/airflow/dags/retraining.py for tasks to queue
[2026-02-08T18:30:48.883+0000] {logging_mixin.py:188} INFO - [2026-02-08T18:30:48.882+0000] {dagbag.py:540} INFO - Filling up the DagBag from /opt/airflow/dags/retraining.py
[2026-02-08T18:30:52.539+0000] {logging_mixin.py:188} INFO - Added path to: /opt/airflow/src/utils
[2026-02-08T18:30:52.558+0000] {processor.py:840} INFO - DAG(s) 'ml_retraining_pipeline' retrieved from /opt/airflow/dags/retraining.py
[2026-02-08T18:30:52.618+0000] {logging_mixin.py:188} INFO - [2026-02-08T18:30:52.617+0000] {dag.py:3096} INFO - Sync 1 DAGs
[2026-02-08T18:30:52.654+0000] {logging_mixin.py:188} INFO - [2026-02-08T18:30:52.653+0000] {dag.py:3954} INFO - Setting next_dagrun for ml_retraining_pipeline to None, run_after=None
[2026-02-08T18:30:52.697+0000] {processor.py:183} INFO - Processing /opt/airflow/dags/retraining.py took 3.829 seconds
[2026-02-08T18:31:23.018+0000] {processor.py:161} INFO - Started process (PID=1359) to work on /opt/airflow/dags/retraining.py
[2026-02-08T18:31:23.019+0000] {processor.py:830} INFO - Processing file /opt/airflow/dags/retraining.py for tasks to queue
[2026-02-08T18:31:23.024+0000] {logging_mixin.py:188} INFO - [2026-02-08T18:31:23.024+0000] {dagbag.py:540} INFO - Filling up the DagBag from /opt/airflow/dags/retraining.py
[2026-02-08T18:31:25.555+0000] {logging_mixin.py:188} INFO - Added path to: /opt/airflow/src/utils
[2026-02-08T18:31:25.563+0000] {processor.py:840} INFO - DAG(s) 'ml_retraining_pipeline' retrieved from /opt/airflow/dags/retraining.py
[2026-02-08T18:31:25.589+0000] {logging_mixin.py:188} INFO - [2026-02-08T18:31:25.589+0000] {dag.py:3096} INFO - Sync 1 DAGs
[2026-02-08T18:31:25.601+0000] {logging_mixin.py:188} INFO - [2026-02-08T18:31:25.601+0000] {dag.py:3954} INFO - Setting next_dagrun for ml_retraining_pipeline to None, run_after=None
[2026-02-08T18:31:25.625+0000] {processor.py:183} INFO - Processing /opt/airflow/dags/retraining.py took 2.616 seconds
[2026-02-08T18:31:55.947+0000] {processor.py:161} INFO - Started process (PID=1376) to work on /opt/airflow/dags/retraining.py
[2026-02-08T18:31:55.948+0000] {processor.py:830} INFO - Processing file /opt/airflow/dags/retraining.py for tasks to queue
[2026-02-08T18:31:55.950+0000] {logging_mixin.py:188} INFO - [2026-02-08T18:31:55.950+0000] {dagbag.py:540} INFO - Filling up the DagBag from /opt/airflow/dags/retraining.py
[2026-02-08T18:31:59.016+0000] {logging_mixin.py:188} INFO - Added path to: /opt/airflow/src/utils
[2026-02-08T18:31:59.026+0000] {processor.py:840} INFO - DAG(s) 'ml_retraining_pipeline' retrieved from /opt/airflow/dags/retraining.py
[2026-02-08T18:31:59.059+0000] {logging_mixin.py:188} INFO - [2026-02-08T18:31:59.058+0000] {dag.py:3096} INFO - Sync 1 DAGs
[2026-02-08T18:31:59.078+0000] {logging_mixin.py:188} INFO - [2026-02-08T18:31:59.078+0000] {dag.py:3954} INFO - Setting next_dagrun for ml_retraining_pipeline to None, run_after=None
[2026-02-08T18:31:59.108+0000] {processor.py:183} INFO - Processing /opt/airflow/dags/retraining.py took 3.170 seconds
[2026-02-08T18:32:29.282+0000] {processor.py:161} INFO - Started process (PID=1393) to work on /opt/airflow/dags/retraining.py
[2026-02-08T18:32:29.284+0000] {processor.py:830} INFO - Processing file /opt/airflow/dags/retraining.py for tasks to queue
[2026-02-08T18:32:29.287+0000] {logging_mixin.py:188} INFO - [2026-02-08T18:32:29.286+0000] {dagbag.py:540} INFO - Filling up the DagBag from /opt/airflow/dags/retraining.py
[2026-02-08T18:32:31.810+0000] {logging_mixin.py:188} INFO - Added path to: /opt/airflow/src/utils
[2026-02-08T18:32:31.819+0000] {processor.py:840} INFO - DAG(s) 'ml_retraining_pipeline' retrieved from /opt/airflow/dags/retraining.py
[2026-02-08T18:32:31.844+0000] {logging_mixin.py:188} INFO - [2026-02-08T18:32:31.843+0000] {dag.py:3096} INFO - Sync 1 DAGs
[2026-02-08T18:32:31.863+0000] {logging_mixin.py:188} INFO - [2026-02-08T18:32:31.862+0000] {dag.py:3954} INFO - Setting next_dagrun for ml_retraining_pipeline to None, run_after=None
[2026-02-08T18:32:31.886+0000] {processor.py:183} INFO - Processing /opt/airflow/dags/retraining.py took 2.613 seconds
[2026-02-08T18:33:02.204+0000] {processor.py:161} INFO - Started process (PID=1410) to work on /opt/airflow/dags/retraining.py
[2026-02-08T18:33:02.206+0000] {processor.py:830} INFO - Processing file /opt/airflow/dags/retraining.py for tasks to queue
[2026-02-08T18:33:02.208+0000] {logging_mixin.py:188} INFO - [2026-02-08T18:33:02.208+0000] {dagbag.py:540} INFO - Filling up the DagBag from /opt/airflow/dags/retraining.py
[2026-02-08T18:33:04.814+0000] {logging_mixin.py:188} INFO - Added path to: /opt/airflow/src/utils
[2026-02-08T18:33:04.823+0000] {processor.py:840} INFO - DAG(s) 'ml_retraining_pipeline' retrieved from /opt/airflow/dags/retraining.py
[2026-02-08T18:33:04.851+0000] {logging_mixin.py:188} INFO - [2026-02-08T18:33:04.850+0000] {dag.py:3096} INFO - Sync 1 DAGs
[2026-02-08T18:33:04.862+0000] {logging_mixin.py:188} INFO - [2026-02-08T18:33:04.862+0000] {dag.py:3954} INFO - Setting next_dagrun for ml_retraining_pipeline to None, run_after=None
[2026-02-08T18:33:04.892+0000] {processor.py:183} INFO - Processing /opt/airflow/dags/retraining.py took 2.702 seconds
[2026-02-08T18:33:35.236+0000] {processor.py:161} INFO - Started process (PID=1427) to work on /opt/airflow/dags/retraining.py
[2026-02-08T18:33:35.237+0000] {processor.py:830} INFO - Processing file /opt/airflow/dags/retraining.py for tasks to queue
[2026-02-08T18:33:35.241+0000] {logging_mixin.py:188} INFO - [2026-02-08T18:33:35.240+0000] {dagbag.py:540} INFO - Filling up the DagBag from /opt/airflow/dags/retraining.py
[2026-02-08T18:33:38.140+0000] {logging_mixin.py:188} INFO - Added path to: /opt/airflow/src/utils
[2026-02-08T18:33:38.149+0000] {processor.py:840} INFO - DAG(s) 'ml_retraining_pipeline' retrieved from /opt/airflow/dags/retraining.py
[2026-02-08T18:33:38.175+0000] {logging_mixin.py:188} INFO - [2026-02-08T18:33:38.174+0000] {dag.py:3096} INFO - Sync 1 DAGs
[2026-02-08T18:33:38.186+0000] {logging_mixin.py:188} INFO - [2026-02-08T18:33:38.186+0000] {dag.py:3954} INFO - Setting next_dagrun for ml_retraining_pipeline to None, run_after=None
[2026-02-08T18:33:38.210+0000] {processor.py:183} INFO - Processing /opt/airflow/dags/retraining.py took 2.983 seconds
[2026-02-08T18:34:08.551+0000] {processor.py:161} INFO - Started process (PID=1451) to work on /opt/airflow/dags/retraining.py
[2026-02-08T18:34:08.553+0000] {processor.py:830} INFO - Processing file /opt/airflow/dags/retraining.py for tasks to queue
[2026-02-08T18:34:08.557+0000] {logging_mixin.py:188} INFO - [2026-02-08T18:34:08.557+0000] {dagbag.py:540} INFO - Filling up the DagBag from /opt/airflow/dags/retraining.py
[2026-02-08T18:34:11.126+0000] {logging_mixin.py:188} INFO - Added path to: /opt/airflow/src/utils
[2026-02-08T18:34:11.135+0000] {processor.py:840} INFO - DAG(s) 'ml_retraining_pipeline' retrieved from /opt/airflow/dags/retraining.py
[2026-02-08T18:34:11.166+0000] {logging_mixin.py:188} INFO - [2026-02-08T18:34:11.165+0000] {dag.py:3096} INFO - Sync 1 DAGs
[2026-02-08T18:34:11.183+0000] {logging_mixin.py:188} INFO - [2026-02-08T18:34:11.183+0000] {dag.py:3954} INFO - Setting next_dagrun for ml_retraining_pipeline to None, run_after=None
[2026-02-08T18:34:11.209+0000] {processor.py:183} INFO - Processing /opt/airflow/dags/retraining.py took 2.667 seconds
[2026-02-08T18:34:41.568+0000] {processor.py:161} INFO - Started process (PID=1468) to work on /opt/airflow/dags/retraining.py
[2026-02-08T18:34:41.571+0000] {processor.py:830} INFO - Processing file /opt/airflow/dags/retraining.py for tasks to queue
[2026-02-08T18:34:41.577+0000] {logging_mixin.py:188} INFO - [2026-02-08T18:34:41.576+0000] {dagbag.py:540} INFO - Filling up the DagBag from /opt/airflow/dags/retraining.py
[2026-02-08T18:34:44.619+0000] {logging_mixin.py:188} INFO - Added path to: /opt/airflow/src/utils
[2026-02-08T18:34:44.631+0000] {processor.py:840} INFO - DAG(s) 'ml_retraining_pipeline' retrieved from /opt/airflow/dags/retraining.py
[2026-02-08T18:34:44.670+0000] {logging_mixin.py:188} INFO - [2026-02-08T18:34:44.669+0000] {dag.py:3096} INFO - Sync 1 DAGs
[2026-02-08T18:34:44.686+0000] {logging_mixin.py:188} INFO - [2026-02-08T18:34:44.686+0000] {dag.py:3954} INFO - Setting next_dagrun for ml_retraining_pipeline to None, run_after=None
[2026-02-08T18:34:44.718+0000] {processor.py:183} INFO - Processing /opt/airflow/dags/retraining.py took 3.166 seconds
[2026-02-08T18:35:14.947+0000] {processor.py:161} INFO - Started process (PID=1486) to work on /opt/airflow/dags/retraining.py
[2026-02-08T18:35:14.949+0000] {processor.py:830} INFO - Processing file /opt/airflow/dags/retraining.py for tasks to queue
[2026-02-08T18:35:14.952+0000] {logging_mixin.py:188} INFO - [2026-02-08T18:35:14.952+0000] {dagbag.py:540} INFO - Filling up the DagBag from /opt/airflow/dags/retraining.py
[2026-02-08T18:35:17.392+0000] {logging_mixin.py:188} INFO - Added path to: /opt/airflow/src/utils
[2026-02-08T18:35:17.401+0000] {processor.py:840} INFO - DAG(s) 'ml_retraining_pipeline' retrieved from /opt/airflow/dags/retraining.py
[2026-02-08T18:35:17.425+0000] {logging_mixin.py:188} INFO - [2026-02-08T18:35:17.425+0000] {dag.py:3096} INFO - Sync 1 DAGs
[2026-02-08T18:35:17.437+0000] {logging_mixin.py:188} INFO - [2026-02-08T18:35:17.437+0000] {dag.py:3954} INFO - Setting next_dagrun for ml_retraining_pipeline to None, run_after=None
[2026-02-08T18:35:17.461+0000] {processor.py:183} INFO - Processing /opt/airflow/dags/retraining.py took 2.522 seconds
[2026-02-08T18:35:47.774+0000] {processor.py:161} INFO - Started process (PID=1504) to work on /opt/airflow/dags/retraining.py
[2026-02-08T18:35:47.776+0000] {processor.py:830} INFO - Processing file /opt/airflow/dags/retraining.py for tasks to queue
[2026-02-08T18:35:47.779+0000] {logging_mixin.py:188} INFO - [2026-02-08T18:35:47.779+0000] {dagbag.py:540} INFO - Filling up the DagBag from /opt/airflow/dags/retraining.py
[2026-02-08T18:35:50.487+0000] {logging_mixin.py:188} INFO - Added path to: /opt/airflow/src/utils
[2026-02-08T18:35:50.493+0000] {processor.py:840} INFO - DAG(s) 'ml_retraining_pipeline' retrieved from /opt/airflow/dags/retraining.py
[2026-02-08T18:35:50.518+0000] {logging_mixin.py:188} INFO - [2026-02-08T18:35:50.518+0000] {dag.py:3096} INFO - Sync 1 DAGs
[2026-02-08T18:35:50.531+0000] {logging_mixin.py:188} INFO - [2026-02-08T18:35:50.531+0000] {dag.py:3954} INFO - Setting next_dagrun for ml_retraining_pipeline to None, run_after=None
[2026-02-08T18:35:50.554+0000] {processor.py:183} INFO - Processing /opt/airflow/dags/retraining.py took 2.796 seconds
[2026-02-08T18:36:20.666+0000] {processor.py:161} INFO - Started process (PID=1521) to work on /opt/airflow/dags/retraining.py
[2026-02-08T18:36:20.668+0000] {processor.py:830} INFO - Processing file /opt/airflow/dags/retraining.py for tasks to queue
[2026-02-08T18:36:20.671+0000] {logging_mixin.py:188} INFO - [2026-02-08T18:36:20.670+0000] {dagbag.py:540} INFO - Filling up the DagBag from /opt/airflow/dags/retraining.py
[2026-02-08T18:36:23.647+0000] {logging_mixin.py:188} INFO - Added path to: /opt/airflow/src/utils
[2026-02-08T18:36:23.656+0000] {processor.py:840} INFO - DAG(s) 'ml_retraining_pipeline' retrieved from /opt/airflow/dags/retraining.py
[2026-02-08T18:36:23.686+0000] {logging_mixin.py:188} INFO - [2026-02-08T18:36:23.685+0000] {dag.py:3096} INFO - Sync 1 DAGs
[2026-02-08T18:36:23.703+0000] {logging_mixin.py:188} INFO - [2026-02-08T18:36:23.703+0000] {dag.py:3954} INFO - Setting next_dagrun for ml_retraining_pipeline to None, run_after=None
[2026-02-08T18:36:23.729+0000] {processor.py:183} INFO - Processing /opt/airflow/dags/retraining.py took 3.073 seconds
[2026-02-08T18:36:53.957+0000] {processor.py:161} INFO - Started process (PID=1538) to work on /opt/airflow/dags/retraining.py
[2026-02-08T18:36:53.958+0000] {processor.py:830} INFO - Processing file /opt/airflow/dags/retraining.py for tasks to queue
[2026-02-08T18:36:53.961+0000] {logging_mixin.py:188} INFO - [2026-02-08T18:36:53.961+0000] {dagbag.py:540} INFO - Filling up the DagBag from /opt/airflow/dags/retraining.py
[2026-02-08T18:36:56.535+0000] {logging_mixin.py:188} INFO - Added path to: /opt/airflow/src/utils
[2026-02-08T18:36:56.542+0000] {processor.py:840} INFO - DAG(s) 'ml_retraining_pipeline' retrieved from /opt/airflow/dags/retraining.py
[2026-02-08T18:36:56.567+0000] {logging_mixin.py:188} INFO - [2026-02-08T18:36:56.566+0000] {dag.py:3096} INFO - Sync 1 DAGs
[2026-02-08T18:36:56.578+0000] {logging_mixin.py:188} INFO - [2026-02-08T18:36:56.578+0000] {dag.py:3954} INFO - Setting next_dagrun for ml_retraining_pipeline to None, run_after=None
[2026-02-08T18:36:56.601+0000] {processor.py:183} INFO - Processing /opt/airflow/dags/retraining.py took 2.654 seconds
[2026-02-08T18:37:26.919+0000] {processor.py:161} INFO - Started process (PID=1555) to work on /opt/airflow/dags/retraining.py
[2026-02-08T18:37:26.920+0000] {processor.py:830} INFO - Processing file /opt/airflow/dags/retraining.py for tasks to queue
[2026-02-08T18:37:26.923+0000] {logging_mixin.py:188} INFO - [2026-02-08T18:37:26.923+0000] {dagbag.py:540} INFO - Filling up the DagBag from /opt/airflow/dags/retraining.py
[2026-02-08T18:37:30.472+0000] {logging_mixin.py:188} INFO - Added path to: /opt/airflow/src/utils
[2026-02-08T18:37:30.484+0000] {processor.py:840} INFO - DAG(s) 'ml_retraining_pipeline' retrieved from /opt/airflow/dags/retraining.py
[2026-02-08T18:37:30.523+0000] {logging_mixin.py:188} INFO - [2026-02-08T18:37:30.523+0000] {dag.py:3096} INFO - Sync 1 DAGs
[2026-02-08T18:37:30.539+0000] {logging_mixin.py:188} INFO - [2026-02-08T18:37:30.538+0000] {dag.py:3954} INFO - Setting next_dagrun for ml_retraining_pipeline to None, run_after=None
[2026-02-08T18:37:30.569+0000] {processor.py:183} INFO - Processing /opt/airflow/dags/retraining.py took 3.660 seconds
[2026-02-08T18:38:00.954+0000] {processor.py:161} INFO - Started process (PID=1572) to work on /opt/airflow/dags/retraining.py
[2026-02-08T18:38:00.955+0000] {processor.py:830} INFO - Processing file /opt/airflow/dags/retraining.py for tasks to queue
[2026-02-08T18:38:00.958+0000] {logging_mixin.py:188} INFO - [2026-02-08T18:38:00.958+0000] {dagbag.py:540} INFO - Filling up the DagBag from /opt/airflow/dags/retraining.py
[2026-02-08T18:38:03.558+0000] {logging_mixin.py:188} INFO - Added path to: /opt/airflow/src/utils
[2026-02-08T18:38:03.569+0000] {processor.py:840} INFO - DAG(s) 'ml_retraining_pipeline' retrieved from /opt/airflow/dags/retraining.py
[2026-02-08T18:38:03.592+0000] {logging_mixin.py:188} INFO - [2026-02-08T18:38:03.592+0000] {dag.py:3096} INFO - Sync 1 DAGs
[2026-02-08T18:38:03.604+0000] {logging_mixin.py:188} INFO - [2026-02-08T18:38:03.604+0000] {dag.py:3954} INFO - Setting next_dagrun for ml_retraining_pipeline to None, run_after=None
[2026-02-08T18:38:03.631+0000] {processor.py:183} INFO - Processing /opt/airflow/dags/retraining.py took 2.686 seconds
[2026-02-08T18:38:33.888+0000] {processor.py:161} INFO - Started process (PID=1589) to work on /opt/airflow/dags/retraining.py
[2026-02-08T18:38:33.890+0000] {processor.py:830} INFO - Processing file /opt/airflow/dags/retraining.py for tasks to queue
[2026-02-08T18:38:33.894+0000] {logging_mixin.py:188} INFO - [2026-02-08T18:38:33.893+0000] {dagbag.py:540} INFO - Filling up the DagBag from /opt/airflow/dags/retraining.py
[2026-02-08T18:38:36.976+0000] {logging_mixin.py:188} INFO - Added path to: /opt/airflow/src/utils
[2026-02-08T18:38:36.986+0000] {processor.py:840} INFO - DAG(s) 'ml_retraining_pipeline' retrieved from /opt/airflow/dags/retraining.py
[2026-02-08T18:38:37.013+0000] {logging_mixin.py:188} INFO - [2026-02-08T18:38:37.013+0000] {dag.py:3096} INFO - Sync 1 DAGs
[2026-02-08T18:38:37.026+0000] {logging_mixin.py:188} INFO - [2026-02-08T18:38:37.026+0000] {dag.py:3954} INFO - Setting next_dagrun for ml_retraining_pipeline to None, run_after=None
[2026-02-08T18:38:37.056+0000] {processor.py:183} INFO - Processing /opt/airflow/dags/retraining.py took 3.180 seconds
[2026-02-08T18:39:07.258+0000] {processor.py:161} INFO - Started process (PID=1607) to work on /opt/airflow/dags/retraining.py
[2026-02-08T18:39:07.259+0000] {processor.py:830} INFO - Processing file /opt/airflow/dags/retraining.py for tasks to queue
[2026-02-08T18:39:07.262+0000] {logging_mixin.py:188} INFO - [2026-02-08T18:39:07.262+0000] {dagbag.py:540} INFO - Filling up the DagBag from /opt/airflow/dags/retraining.py
[2026-02-08T18:39:09.876+0000] {logging_mixin.py:188} INFO - Added path to: /opt/airflow/src/utils
[2026-02-08T18:39:09.888+0000] {processor.py:840} INFO - DAG(s) 'ml_retraining_pipeline' retrieved from /opt/airflow/dags/retraining.py
[2026-02-08T18:39:09.915+0000] {logging_mixin.py:188} INFO - [2026-02-08T18:39:09.914+0000] {dag.py:3096} INFO - Sync 1 DAGs
[2026-02-08T18:39:09.927+0000] {logging_mixin.py:188} INFO - [2026-02-08T18:39:09.927+0000] {dag.py:3954} INFO - Setting next_dagrun for ml_retraining_pipeline to None, run_after=None
[2026-02-08T18:39:09.950+0000] {processor.py:183} INFO - Processing /opt/airflow/dags/retraining.py took 2.702 seconds
[2026-02-08T18:39:40.282+0000] {processor.py:161} INFO - Started process (PID=1631) to work on /opt/airflow/dags/retraining.py
[2026-02-08T18:39:40.283+0000] {processor.py:830} INFO - Processing file /opt/airflow/dags/retraining.py for tasks to queue
[2026-02-08T18:39:40.286+0000] {logging_mixin.py:188} INFO - [2026-02-08T18:39:40.286+0000] {dagbag.py:540} INFO - Filling up the DagBag from /opt/airflow/dags/retraining.py
[2026-02-08T18:39:43.463+0000] {logging_mixin.py:188} INFO - Added path to: /opt/airflow/src/utils
[2026-02-08T18:39:43.474+0000] {processor.py:840} INFO - DAG(s) 'ml_retraining_pipeline' retrieved from /opt/airflow/dags/retraining.py
[2026-02-08T18:39:43.505+0000] {logging_mixin.py:188} INFO - [2026-02-08T18:39:43.505+0000] {dag.py:3096} INFO - Sync 1 DAGs
[2026-02-08T18:39:43.520+0000] {logging_mixin.py:188} INFO - [2026-02-08T18:39:43.520+0000] {dag.py:3954} INFO - Setting next_dagrun for ml_retraining_pipeline to None, run_after=None
[2026-02-08T18:39:43.552+0000] {processor.py:183} INFO - Processing /opt/airflow/dags/retraining.py took 3.282 seconds
[2026-02-08T18:40:13.925+0000] {processor.py:161} INFO - Started process (PID=1648) to work on /opt/airflow/dags/retraining.py
[2026-02-08T18:40:13.927+0000] {processor.py:830} INFO - Processing file /opt/airflow/dags/retraining.py for tasks to queue
[2026-02-08T18:40:13.930+0000] {logging_mixin.py:188} INFO - [2026-02-08T18:40:13.930+0000] {dagbag.py:540} INFO - Filling up the DagBag from /opt/airflow/dags/retraining.py
[2026-02-08T18:40:16.417+0000] {logging_mixin.py:188} INFO - Added path to: /opt/airflow/src/utils
[2026-02-08T18:40:16.427+0000] {processor.py:840} INFO - DAG(s) 'ml_retraining_pipeline' retrieved from /opt/airflow/dags/retraining.py
[2026-02-08T18:40:16.453+0000] {logging_mixin.py:188} INFO - [2026-02-08T18:40:16.453+0000] {dag.py:3096} INFO - Sync 1 DAGs
[2026-02-08T18:40:16.465+0000] {logging_mixin.py:188} INFO - [2026-02-08T18:40:16.465+0000] {dag.py:3954} INFO - Setting next_dagrun for ml_retraining_pipeline to None, run_after=None
[2026-02-08T18:40:16.499+0000] {processor.py:183} INFO - Processing /opt/airflow/dags/retraining.py took 2.595 seconds
[2026-02-08T18:40:46.819+0000] {processor.py:161} INFO - Started process (PID=1665) to work on /opt/airflow/dags/retraining.py
[2026-02-08T18:40:46.821+0000] {processor.py:830} INFO - Processing file /opt/airflow/dags/retraining.py for tasks to queue
[2026-02-08T18:40:46.825+0000] {logging_mixin.py:188} INFO - [2026-02-08T18:40:46.824+0000] {dagbag.py:540} INFO - Filling up the DagBag from /opt/airflow/dags/retraining.py
[2026-02-08T18:40:49.779+0000] {logging_mixin.py:188} INFO - Added path to: /opt/airflow/src/utils
[2026-02-08T18:40:49.787+0000] {processor.py:840} INFO - DAG(s) 'ml_retraining_pipeline' retrieved from /opt/airflow/dags/retraining.py
[2026-02-08T18:40:49.814+0000] {logging_mixin.py:188} INFO - [2026-02-08T18:40:49.814+0000] {dag.py:3096} INFO - Sync 1 DAGs
[2026-02-08T18:40:49.825+0000] {logging_mixin.py:188} INFO - [2026-02-08T18:40:49.825+0000] {dag.py:3954} INFO - Setting next_dagrun for ml_retraining_pipeline to None, run_after=None
[2026-02-08T18:40:49.848+0000] {processor.py:183} INFO - Processing /opt/airflow/dags/retraining.py took 3.043 seconds
[2026-02-08T18:41:20.093+0000] {processor.py:161} INFO - Started process (PID=1682) to work on /opt/airflow/dags/retraining.py
[2026-02-08T18:41:20.094+0000] {processor.py:830} INFO - Processing file /opt/airflow/dags/retraining.py for tasks to queue
[2026-02-08T18:41:20.097+0000] {logging_mixin.py:188} INFO - [2026-02-08T18:41:20.096+0000] {dagbag.py:540} INFO - Filling up the DagBag from /opt/airflow/dags/retraining.py
[2026-02-08T18:41:22.632+0000] {logging_mixin.py:188} INFO - Added path to: /opt/airflow/src/utils
[2026-02-08T18:41:22.639+0000] {processor.py:840} INFO - DAG(s) 'ml_retraining_pipeline' retrieved from /opt/airflow/dags/retraining.py
[2026-02-08T18:41:22.667+0000] {logging_mixin.py:188} INFO - [2026-02-08T18:41:22.666+0000] {dag.py:3096} INFO - Sync 1 DAGs
[2026-02-08T18:41:22.677+0000] {logging_mixin.py:188} INFO - [2026-02-08T18:41:22.677+0000] {dag.py:3954} INFO - Setting next_dagrun for ml_retraining_pipeline to None, run_after=None
[2026-02-08T18:41:22.701+0000] {processor.py:183} INFO - Processing /opt/airflow/dags/retraining.py took 2.615 seconds
[2026-02-08T18:41:52.993+0000] {processor.py:161} INFO - Started process (PID=1699) to work on /opt/airflow/dags/retraining.py
[2026-02-08T18:41:52.995+0000] {processor.py:830} INFO - Processing file /opt/airflow/dags/retraining.py for tasks to queue
[2026-02-08T18:41:52.998+0000] {logging_mixin.py:188} INFO - [2026-02-08T18:41:52.998+0000] {dagbag.py:540} INFO - Filling up the DagBag from /opt/airflow/dags/retraining.py
[2026-02-08T18:41:55.952+0000] {logging_mixin.py:188} INFO - Added path to: /opt/airflow/src/utils
[2026-02-08T18:41:55.961+0000] {processor.py:840} INFO - DAG(s) 'ml_retraining_pipeline' retrieved from /opt/airflow/dags/retraining.py
[2026-02-08T18:41:55.987+0000] {logging_mixin.py:188} INFO - [2026-02-08T18:41:55.986+0000] {dag.py:3096} INFO - Sync 1 DAGs
[2026-02-08T18:41:55.998+0000] {logging_mixin.py:188} INFO - [2026-02-08T18:41:55.998+0000] {dag.py:3954} INFO - Setting next_dagrun for ml_retraining_pipeline to None, run_after=None
[2026-02-08T18:41:56.021+0000] {processor.py:183} INFO - Processing /opt/airflow/dags/retraining.py took 3.037 seconds
[2026-02-08T18:42:26.314+0000] {processor.py:161} INFO - Started process (PID=1716) to work on /opt/airflow/dags/retraining.py
[2026-02-08T18:42:26.316+0000] {processor.py:830} INFO - Processing file /opt/airflow/dags/retraining.py for tasks to queue
[2026-02-08T18:42:26.318+0000] {logging_mixin.py:188} INFO - [2026-02-08T18:42:26.318+0000] {dagbag.py:540} INFO - Filling up the DagBag from /opt/airflow/dags/retraining.py
[2026-02-08T18:42:28.761+0000] {logging_mixin.py:188} INFO - Added path to: /opt/airflow/src/utils
[2026-02-08T18:42:28.769+0000] {processor.py:840} INFO - DAG(s) 'ml_retraining_pipeline' retrieved from /opt/airflow/dags/retraining.py
[2026-02-08T18:42:28.795+0000] {logging_mixin.py:188} INFO - [2026-02-08T18:42:28.794+0000] {dag.py:3096} INFO - Sync 1 DAGs
[2026-02-08T18:42:28.808+0000] {logging_mixin.py:188} INFO - [2026-02-08T18:42:28.807+0000] {dag.py:3954} INFO - Setting next_dagrun for ml_retraining_pipeline to None, run_after=None
[2026-02-08T18:42:28.830+0000] {processor.py:183} INFO - Processing /opt/airflow/dags/retraining.py took 2.524 seconds
[2026-02-08T18:42:59.125+0000] {processor.py:161} INFO - Started process (PID=1733) to work on /opt/airflow/dags/retraining.py
[2026-02-08T18:42:59.126+0000] {processor.py:830} INFO - Processing file /opt/airflow/dags/retraining.py for tasks to queue
[2026-02-08T18:42:59.129+0000] {logging_mixin.py:188} INFO - [2026-02-08T18:42:59.128+0000] {dagbag.py:540} INFO - Filling up the DagBag from /opt/airflow/dags/retraining.py
[2026-02-08T18:43:02.329+0000] {logging_mixin.py:188} INFO - Added path to: /opt/airflow/src/utils
[2026-02-08T18:43:02.339+0000] {processor.py:840} INFO - DAG(s) 'ml_retraining_pipeline' retrieved from /opt/airflow/dags/retraining.py
[2026-02-08T18:43:02.378+0000] {logging_mixin.py:188} INFO - [2026-02-08T18:43:02.377+0000] {dag.py:3096} INFO - Sync 1 DAGs
[2026-02-08T18:43:02.397+0000] {logging_mixin.py:188} INFO - [2026-02-08T18:43:02.396+0000] {dag.py:3954} INFO - Setting next_dagrun for ml_retraining_pipeline to None, run_after=None
[2026-02-08T18:43:02.427+0000] {processor.py:183} INFO - Processing /opt/airflow/dags/retraining.py took 3.312 seconds
[2026-02-08T18:43:32.730+0000] {processor.py:161} INFO - Started process (PID=1751) to work on /opt/airflow/dags/retraining.py
[2026-02-08T18:43:32.732+0000] {processor.py:830} INFO - Processing file /opt/airflow/dags/retraining.py for tasks to queue
[2026-02-08T18:43:32.736+0000] {logging_mixin.py:188} INFO - [2026-02-08T18:43:32.735+0000] {dagbag.py:540} INFO - Filling up the DagBag from /opt/airflow/dags/retraining.py
[2026-02-08T18:43:35.228+0000] {logging_mixin.py:188} INFO - Added path to: /opt/airflow/src/utils
[2026-02-08T18:43:35.236+0000] {processor.py:840} INFO - DAG(s) 'ml_retraining_pipeline' retrieved from /opt/airflow/dags/retraining.py
[2026-02-08T18:43:35.259+0000] {logging_mixin.py:188} INFO - [2026-02-08T18:43:35.258+0000] {dag.py:3096} INFO - Sync 1 DAGs
[2026-02-08T18:43:35.270+0000] {logging_mixin.py:188} INFO - [2026-02-08T18:43:35.270+0000] {dag.py:3954} INFO - Setting next_dagrun for ml_retraining_pipeline to None, run_after=None
[2026-02-08T18:43:35.290+0000] {processor.py:183} INFO - Processing /opt/airflow/dags/retraining.py took 2.571 seconds
[2026-02-08T18:44:05.636+0000] {processor.py:161} INFO - Started process (PID=1768) to work on /opt/airflow/dags/retraining.py
[2026-02-08T18:44:05.639+0000] {processor.py:830} INFO - Processing file /opt/airflow/dags/retraining.py for tasks to queue
[2026-02-08T18:44:05.644+0000] {logging_mixin.py:188} INFO - [2026-02-08T18:44:05.643+0000] {dagbag.py:540} INFO - Filling up the DagBag from /opt/airflow/dags/retraining.py
[2026-02-08T18:44:08.607+0000] {logging_mixin.py:188} INFO - Added path to: /opt/airflow/src/utils
[2026-02-08T18:44:08.618+0000] {processor.py:840} INFO - DAG(s) 'ml_retraining_pipeline' retrieved from /opt/airflow/dags/retraining.py
[2026-02-08T18:44:08.643+0000] {logging_mixin.py:188} INFO - [2026-02-08T18:44:08.643+0000] {dag.py:3096} INFO - Sync 1 DAGs
[2026-02-08T18:44:08.655+0000] {logging_mixin.py:188} INFO - [2026-02-08T18:44:08.655+0000] {dag.py:3954} INFO - Setting next_dagrun for ml_retraining_pipeline to None, run_after=None
[2026-02-08T18:44:08.679+0000] {processor.py:183} INFO - Processing /opt/airflow/dags/retraining.py took 3.061 seconds
[2026-02-08T18:44:38.930+0000] {processor.py:161} INFO - Started process (PID=1785) to work on /opt/airflow/dags/retraining.py
[2026-02-08T18:44:38.931+0000] {processor.py:830} INFO - Processing file /opt/airflow/dags/retraining.py for tasks to queue
[2026-02-08T18:44:38.934+0000] {logging_mixin.py:188} INFO - [2026-02-08T18:44:38.934+0000] {dagbag.py:540} INFO - Filling up the DagBag from /opt/airflow/dags/retraining.py
[2026-02-08T18:44:41.558+0000] {logging_mixin.py:188} INFO - Added path to: /opt/airflow/src/utils
[2026-02-08T18:44:41.568+0000] {processor.py:840} INFO - DAG(s) 'ml_retraining_pipeline' retrieved from /opt/airflow/dags/retraining.py
[2026-02-08T18:44:41.602+0000] {logging_mixin.py:188} INFO - [2026-02-08T18:44:41.601+0000] {dag.py:3096} INFO - Sync 1 DAGs
[2026-02-08T18:44:41.628+0000] {logging_mixin.py:188} INFO - [2026-02-08T18:44:41.628+0000] {dag.py:3954} INFO - Setting next_dagrun for ml_retraining_pipeline to None, run_after=None
[2026-02-08T18:44:41.668+0000] {processor.py:183} INFO - Processing /opt/airflow/dags/retraining.py took 2.747 seconds
[2026-02-08T18:45:12.067+0000] {processor.py:161} INFO - Started process (PID=1808) to work on /opt/airflow/dags/retraining.py
[2026-02-08T18:45:12.068+0000] {processor.py:830} INFO - Processing file /opt/airflow/dags/retraining.py for tasks to queue
[2026-02-08T18:45:12.072+0000] {logging_mixin.py:188} INFO - [2026-02-08T18:45:12.071+0000] {dagbag.py:540} INFO - Filling up the DagBag from /opt/airflow/dags/retraining.py
[2026-02-08T18:45:15.054+0000] {logging_mixin.py:188} INFO - Added path to: /opt/airflow/src/utils
[2026-02-08T18:45:15.063+0000] {processor.py:840} INFO - DAG(s) 'ml_retraining_pipeline' retrieved from /opt/airflow/dags/retraining.py
[2026-02-08T18:45:15.089+0000] {logging_mixin.py:188} INFO - [2026-02-08T18:45:15.088+0000] {dag.py:3096} INFO - Sync 1 DAGs
[2026-02-08T18:45:15.102+0000] {logging_mixin.py:188} INFO - [2026-02-08T18:45:15.101+0000] {dag.py:3954} INFO - Setting next_dagrun for ml_retraining_pipeline to None, run_after=None
[2026-02-08T18:45:15.126+0000] {processor.py:183} INFO - Processing /opt/airflow/dags/retraining.py took 3.070 seconds
[2026-02-08T18:45:45.342+0000] {processor.py:161} INFO - Started process (PID=1825) to work on /opt/airflow/dags/retraining.py
[2026-02-08T18:45:45.343+0000] {processor.py:830} INFO - Processing file /opt/airflow/dags/retraining.py for tasks to queue
[2026-02-08T18:45:45.346+0000] {logging_mixin.py:188} INFO - [2026-02-08T18:45:45.346+0000] {dagbag.py:540} INFO - Filling up the DagBag from /opt/airflow/dags/retraining.py
[2026-02-08T18:45:47.866+0000] {logging_mixin.py:188} INFO - Added path to: /opt/airflow/src/utils
[2026-02-08T18:45:47.877+0000] {processor.py:840} INFO - DAG(s) 'ml_retraining_pipeline' retrieved from /opt/airflow/dags/retraining.py
[2026-02-08T18:45:47.931+0000] {logging_mixin.py:188} INFO - [2026-02-08T18:45:47.930+0000] {dag.py:3096} INFO - Sync 1 DAGs
[2026-02-08T18:45:47.952+0000] {logging_mixin.py:188} INFO - [2026-02-08T18:45:47.952+0000] {dag.py:3954} INFO - Setting next_dagrun for ml_retraining_pipeline to None, run_after=None
[2026-02-08T18:45:47.981+0000] {processor.py:183} INFO - Processing /opt/airflow/dags/retraining.py took 2.648 seconds
[2026-02-08T18:46:18.312+0000] {processor.py:161} INFO - Started process (PID=1842) to work on /opt/airflow/dags/retraining.py
[2026-02-08T18:46:18.315+0000] {processor.py:830} INFO - Processing file /opt/airflow/dags/retraining.py for tasks to queue
[2026-02-08T18:46:18.318+0000] {logging_mixin.py:188} INFO - [2026-02-08T18:46:18.317+0000] {dagbag.py:540} INFO - Filling up the DagBag from /opt/airflow/dags/retraining.py
[2026-02-08T18:46:21.438+0000] {logging_mixin.py:188} INFO - Added path to: /opt/airflow/src/utils
[2026-02-08T18:46:21.451+0000] {processor.py:840} INFO - DAG(s) 'ml_retraining_pipeline' retrieved from /opt/airflow/dags/retraining.py
[2026-02-08T18:46:21.489+0000] {logging_mixin.py:188} INFO - [2026-02-08T18:46:21.488+0000] {dag.py:3096} INFO - Sync 1 DAGs
[2026-02-08T18:46:21.508+0000] {logging_mixin.py:188} INFO - [2026-02-08T18:46:21.508+0000] {dag.py:3954} INFO - Setting next_dagrun for ml_retraining_pipeline to None, run_after=None
[2026-02-08T18:46:21.544+0000] {processor.py:183} INFO - Processing /opt/airflow/dags/retraining.py took 3.241 seconds
[2026-02-08T18:46:51.853+0000] {processor.py:161} INFO - Started process (PID=1859) to work on /opt/airflow/dags/retraining.py
[2026-02-08T18:46:51.855+0000] {processor.py:830} INFO - Processing file /opt/airflow/dags/retraining.py for tasks to queue
[2026-02-08T18:46:51.859+0000] {logging_mixin.py:188} INFO - [2026-02-08T18:46:51.858+0000] {dagbag.py:540} INFO - Filling up the DagBag from /opt/airflow/dags/retraining.py
[2026-02-08T18:46:54.495+0000] {logging_mixin.py:188} INFO - Added path to: /opt/airflow/src/utils
[2026-02-08T18:46:54.521+0000] {processor.py:840} INFO - DAG(s) 'ml_retraining_pipeline' retrieved from /opt/airflow/dags/retraining.py
[2026-02-08T18:46:54.584+0000] {logging_mixin.py:188} INFO - [2026-02-08T18:46:54.583+0000] {dag.py:3096} INFO - Sync 1 DAGs
[2026-02-08T18:46:54.606+0000] {logging_mixin.py:188} INFO - [2026-02-08T18:46:54.606+0000] {dag.py:3954} INFO - Setting next_dagrun for ml_retraining_pipeline to None, run_after=None
[2026-02-08T18:46:54.634+0000] {processor.py:183} INFO - Processing /opt/airflow/dags/retraining.py took 2.791 seconds
[2026-02-08T18:47:24.931+0000] {processor.py:161} INFO - Started process (PID=1876) to work on /opt/airflow/dags/retraining.py
[2026-02-08T18:47:24.933+0000] {processor.py:830} INFO - Processing file /opt/airflow/dags/retraining.py for tasks to queue
[2026-02-08T18:47:24.938+0000] {logging_mixin.py:188} INFO - [2026-02-08T18:47:24.937+0000] {dagbag.py:540} INFO - Filling up the DagBag from /opt/airflow/dags/retraining.py
[2026-02-08T18:47:28.808+0000] {logging_mixin.py:188} INFO - Added path to: /opt/airflow/src/utils
[2026-02-08T18:47:28.816+0000] {processor.py:840} INFO - DAG(s) 'ml_retraining_pipeline' retrieved from /opt/airflow/dags/retraining.py
[2026-02-08T18:47:28.842+0000] {logging_mixin.py:188} INFO - [2026-02-08T18:47:28.842+0000] {dag.py:3096} INFO - Sync 1 DAGs
[2026-02-08T18:47:28.853+0000] {logging_mixin.py:188} INFO - [2026-02-08T18:47:28.853+0000] {dag.py:3954} INFO - Setting next_dagrun for ml_retraining_pipeline to None, run_after=None
[2026-02-08T18:47:28.876+0000] {processor.py:183} INFO - Processing /opt/airflow/dags/retraining.py took 3.964 seconds
[2026-02-08T18:47:59.246+0000] {processor.py:161} INFO - Started process (PID=1893) to work on /opt/airflow/dags/retraining.py
[2026-02-08T18:47:59.247+0000] {processor.py:830} INFO - Processing file /opt/airflow/dags/retraining.py for tasks to queue
[2026-02-08T18:47:59.250+0000] {logging_mixin.py:188} INFO - [2026-02-08T18:47:59.249+0000] {dagbag.py:540} INFO - Filling up the DagBag from /opt/airflow/dags/retraining.py
[2026-02-08T18:48:01.841+0000] {logging_mixin.py:188} INFO - Added path to: /opt/airflow/src/utils
[2026-02-08T18:48:01.849+0000] {processor.py:840} INFO - DAG(s) 'ml_retraining_pipeline' retrieved from /opt/airflow/dags/retraining.py
[2026-02-08T18:48:01.875+0000] {logging_mixin.py:188} INFO - [2026-02-08T18:48:01.875+0000] {dag.py:3096} INFO - Sync 1 DAGs
[2026-02-08T18:48:01.889+0000] {logging_mixin.py:188} INFO - [2026-02-08T18:48:01.889+0000] {dag.py:3954} INFO - Setting next_dagrun for ml_retraining_pipeline to None, run_after=None
[2026-02-08T18:48:01.914+0000] {processor.py:183} INFO - Processing /opt/airflow/dags/retraining.py took 2.676 seconds
[2026-02-08T18:48:32.251+0000] {processor.py:161} INFO - Started process (PID=1910) to work on /opt/airflow/dags/retraining.py
[2026-02-08T18:48:32.253+0000] {processor.py:830} INFO - Processing file /opt/airflow/dags/retraining.py for tasks to queue
[2026-02-08T18:48:32.257+0000] {logging_mixin.py:188} INFO - [2026-02-08T18:48:32.257+0000] {dagbag.py:540} INFO - Filling up the DagBag from /opt/airflow/dags/retraining.py
[2026-02-08T18:48:35.328+0000] {logging_mixin.py:188} INFO - Added path to: /opt/airflow/src/utils
[2026-02-08T18:48:35.339+0000] {processor.py:840} INFO - DAG(s) 'ml_retraining_pipeline' retrieved from /opt/airflow/dags/retraining.py
[2026-02-08T18:48:35.370+0000] {logging_mixin.py:188} INFO - [2026-02-08T18:48:35.370+0000] {dag.py:3096} INFO - Sync 1 DAGs
[2026-02-08T18:48:35.387+0000] {logging_mixin.py:188} INFO - [2026-02-08T18:48:35.387+0000] {dag.py:3954} INFO - Setting next_dagrun for ml_retraining_pipeline to None, run_after=None
[2026-02-08T18:48:35.422+0000] {processor.py:183} INFO - Processing /opt/airflow/dags/retraining.py took 3.184 seconds
[2026-02-08T18:49:05.511+0000] {processor.py:161} INFO - Started process (PID=1927) to work on /opt/airflow/dags/retraining.py
[2026-02-08T18:49:05.513+0000] {processor.py:830} INFO - Processing file /opt/airflow/dags/retraining.py for tasks to queue
[2026-02-08T18:49:05.516+0000] {logging_mixin.py:188} INFO - [2026-02-08T18:49:05.516+0000] {dagbag.py:540} INFO - Filling up the DagBag from /opt/airflow/dags/retraining.py
[2026-02-08T18:49:08.201+0000] {logging_mixin.py:188} INFO - Added path to: /opt/airflow/src/utils
[2026-02-08T18:49:08.210+0000] {processor.py:840} INFO - DAG(s) 'ml_retraining_pipeline' retrieved from /opt/airflow/dags/retraining.py
[2026-02-08T18:49:08.240+0000] {logging_mixin.py:188} INFO - [2026-02-08T18:49:08.240+0000] {dag.py:3096} INFO - Sync 1 DAGs
[2026-02-08T18:49:08.256+0000] {logging_mixin.py:188} INFO - [2026-02-08T18:49:08.256+0000] {dag.py:3954} INFO - Setting next_dagrun for ml_retraining_pipeline to None, run_after=None
[2026-02-08T18:49:08.287+0000] {processor.py:183} INFO - Processing /opt/airflow/dags/retraining.py took 2.784 seconds
[2026-02-08T18:49:38.666+0000] {processor.py:161} INFO - Started process (PID=1944) to work on /opt/airflow/dags/retraining.py
[2026-02-08T18:49:38.668+0000] {processor.py:830} INFO - Processing file /opt/airflow/dags/retraining.py for tasks to queue
[2026-02-08T18:49:38.672+0000] {logging_mixin.py:188} INFO - [2026-02-08T18:49:38.671+0000] {dagbag.py:540} INFO - Filling up the DagBag from /opt/airflow/dags/retraining.py
[2026-02-08T18:49:41.562+0000] {logging_mixin.py:188} INFO - Added path to: /opt/airflow/src/utils
[2026-02-08T18:49:41.571+0000] {processor.py:840} INFO - DAG(s) 'ml_retraining_pipeline' retrieved from /opt/airflow/dags/retraining.py
[2026-02-08T18:49:41.604+0000] {logging_mixin.py:188} INFO - [2026-02-08T18:49:41.604+0000] {dag.py:3096} INFO - Sync 1 DAGs
[2026-02-08T18:49:41.621+0000] {logging_mixin.py:188} INFO - [2026-02-08T18:49:41.621+0000] {dag.py:3954} INFO - Setting next_dagrun for ml_retraining_pipeline to None, run_after=None
[2026-02-08T18:49:41.645+0000] {processor.py:183} INFO - Processing /opt/airflow/dags/retraining.py took 2.991 seconds
[2026-02-08T18:50:12.010+0000] {processor.py:161} INFO - Started process (PID=1967) to work on /opt/airflow/dags/retraining.py
[2026-02-08T18:50:12.015+0000] {processor.py:830} INFO - Processing file /opt/airflow/dags/retraining.py for tasks to queue
[2026-02-08T18:50:12.019+0000] {logging_mixin.py:188} INFO - [2026-02-08T18:50:12.018+0000] {dagbag.py:540} INFO - Filling up the DagBag from /opt/airflow/dags/retraining.py
[2026-02-08T18:50:15.479+0000] {logging_mixin.py:188} INFO - Added path to: /opt/airflow/src/utils
[2026-02-08T18:50:15.493+0000] {processor.py:840} INFO - DAG(s) 'ml_retraining_pipeline' retrieved from /opt/airflow/dags/retraining.py
[2026-02-08T18:50:15.517+0000] {logging_mixin.py:188} INFO - [2026-02-08T18:50:15.517+0000] {dag.py:3096} INFO - Sync 1 DAGs
[2026-02-08T18:50:15.527+0000] {logging_mixin.py:188} INFO - [2026-02-08T18:50:15.527+0000] {dag.py:3954} INFO - Setting next_dagrun for ml_retraining_pipeline to None, run_after=None
[2026-02-08T18:50:15.564+0000] {processor.py:183} INFO - Processing /opt/airflow/dags/retraining.py took 3.567 seconds
[2026-02-08T18:50:45.900+0000] {processor.py:161} INFO - Started process (PID=1984) to work on /opt/airflow/dags/retraining.py
[2026-02-08T18:50:45.902+0000] {processor.py:830} INFO - Processing file /opt/airflow/dags/retraining.py for tasks to queue
[2026-02-08T18:50:45.905+0000] {logging_mixin.py:188} INFO - [2026-02-08T18:50:45.904+0000] {dagbag.py:540} INFO - Filling up the DagBag from /opt/airflow/dags/retraining.py
[2026-02-08T18:50:48.383+0000] {logging_mixin.py:188} INFO - Added path to: /opt/airflow/src/utils
[2026-02-08T18:50:48.392+0000] {processor.py:840} INFO - DAG(s) 'ml_retraining_pipeline' retrieved from /opt/airflow/dags/retraining.py
[2026-02-08T18:50:48.415+0000] {logging_mixin.py:188} INFO - [2026-02-08T18:50:48.415+0000] {dag.py:3096} INFO - Sync 1 DAGs
[2026-02-08T18:50:48.427+0000] {logging_mixin.py:188} INFO - [2026-02-08T18:50:48.427+0000] {dag.py:3954} INFO - Setting next_dagrun for ml_retraining_pipeline to None, run_after=None
[2026-02-08T18:50:48.448+0000] {processor.py:183} INFO - Processing /opt/airflow/dags/retraining.py took 2.560 seconds
[2026-02-08T18:51:18.645+0000] {processor.py:161} INFO - Started process (PID=2002) to work on /opt/airflow/dags/retraining.py
[2026-02-08T18:51:18.646+0000] {processor.py:830} INFO - Processing file /opt/airflow/dags/retraining.py for tasks to queue
[2026-02-08T18:51:18.649+0000] {logging_mixin.py:188} INFO - [2026-02-08T18:51:18.649+0000] {dagbag.py:540} INFO - Filling up the DagBag from /opt/airflow/dags/retraining.py
[2026-02-08T18:51:21.919+0000] {logging_mixin.py:188} INFO - Added path to: /opt/airflow/src/utils
[2026-02-08T18:51:21.930+0000] {processor.py:840} INFO - DAG(s) 'ml_retraining_pipeline' retrieved from /opt/airflow/dags/retraining.py
[2026-02-08T18:51:21.958+0000] {logging_mixin.py:188} INFO - [2026-02-08T18:51:21.958+0000] {dag.py:3096} INFO - Sync 1 DAGs
[2026-02-08T18:51:21.972+0000] {logging_mixin.py:188} INFO - [2026-02-08T18:51:21.972+0000] {dag.py:3954} INFO - Setting next_dagrun for ml_retraining_pipeline to None, run_after=None
[2026-02-08T18:51:22.001+0000] {processor.py:183} INFO - Processing /opt/airflow/dags/retraining.py took 3.366 seconds
[2026-02-08T18:51:52.295+0000] {processor.py:161} INFO - Started process (PID=2019) to work on /opt/airflow/dags/retraining.py
[2026-02-08T18:51:52.297+0000] {processor.py:830} INFO - Processing file /opt/airflow/dags/retraining.py for tasks to queue
[2026-02-08T18:51:52.301+0000] {logging_mixin.py:188} INFO - [2026-02-08T18:51:52.300+0000] {dagbag.py:540} INFO - Filling up the DagBag from /opt/airflow/dags/retraining.py
[2026-02-08T18:51:54.858+0000] {logging_mixin.py:188} INFO - Added path to: /opt/airflow/src/utils
[2026-02-08T18:51:54.866+0000] {processor.py:840} INFO - DAG(s) 'ml_retraining_pipeline' retrieved from /opt/airflow/dags/retraining.py
[2026-02-08T18:51:54.891+0000] {logging_mixin.py:188} INFO - [2026-02-08T18:51:54.890+0000] {dag.py:3096} INFO - Sync 1 DAGs
[2026-02-08T18:51:54.903+0000] {logging_mixin.py:188} INFO - [2026-02-08T18:51:54.903+0000] {dag.py:3954} INFO - Setting next_dagrun for ml_retraining_pipeline to None, run_after=None
[2026-02-08T18:51:54.941+0000] {processor.py:183} INFO - Processing /opt/airflow/dags/retraining.py took 2.657 seconds
[2026-02-08T18:52:25.275+0000] {processor.py:161} INFO - Started process (PID=2036) to work on /opt/airflow/dags/retraining.py
[2026-02-08T18:52:25.277+0000] {processor.py:830} INFO - Processing file /opt/airflow/dags/retraining.py for tasks to queue
[2026-02-08T18:52:25.279+0000] {logging_mixin.py:188} INFO - [2026-02-08T18:52:25.279+0000] {dagbag.py:540} INFO - Filling up the DagBag from /opt/airflow/dags/retraining.py
[2026-02-08T18:52:28.746+0000] {logging_mixin.py:188} INFO - Added path to: /opt/airflow/src/utils
[2026-02-08T18:52:28.765+0000] {processor.py:840} INFO - DAG(s) 'ml_retraining_pipeline' retrieved from /opt/airflow/dags/retraining.py
[2026-02-08T18:52:28.822+0000] {logging_mixin.py:188} INFO - [2026-02-08T18:52:28.821+0000] {dag.py:3096} INFO - Sync 1 DAGs
[2026-02-08T18:52:28.858+0000] {logging_mixin.py:188} INFO - [2026-02-08T18:52:28.857+0000] {dag.py:3954} INFO - Setting next_dagrun for ml_retraining_pipeline to None, run_after=None
[2026-02-08T18:52:28.895+0000] {processor.py:183} INFO - Processing /opt/airflow/dags/retraining.py took 3.629 seconds
[2026-02-08T18:52:59.211+0000] {processor.py:161} INFO - Started process (PID=2053) to work on /opt/airflow/dags/retraining.py
[2026-02-08T18:52:59.213+0000] {processor.py:830} INFO - Processing file /opt/airflow/dags/retraining.py for tasks to queue
[2026-02-08T18:52:59.216+0000] {logging_mixin.py:188} INFO - [2026-02-08T18:52:59.215+0000] {dagbag.py:540} INFO - Filling up the DagBag from /opt/airflow/dags/retraining.py
[2026-02-08T18:53:02.237+0000] {logging_mixin.py:188} INFO - Added path to: /opt/airflow/src/utils
[2026-02-08T18:53:02.245+0000] {processor.py:840} INFO - DAG(s) 'ml_retraining_pipeline' retrieved from /opt/airflow/dags/retraining.py
[2026-02-08T18:53:02.273+0000] {logging_mixin.py:188} INFO - [2026-02-08T18:53:02.273+0000] {dag.py:3096} INFO - Sync 1 DAGs
[2026-02-08T18:53:02.289+0000] {logging_mixin.py:188} INFO - [2026-02-08T18:53:02.289+0000] {dag.py:3954} INFO - Setting next_dagrun for ml_retraining_pipeline to None, run_after=None
[2026-02-08T18:53:02.320+0000] {processor.py:183} INFO - Processing /opt/airflow/dags/retraining.py took 3.117 seconds
[2026-02-08T18:53:32.498+0000] {processor.py:161} INFO - Started process (PID=2070) to work on /opt/airflow/dags/retraining.py
[2026-02-08T18:53:32.500+0000] {processor.py:830} INFO - Processing file /opt/airflow/dags/retraining.py for tasks to queue
[2026-02-08T18:53:32.503+0000] {logging_mixin.py:188} INFO - [2026-02-08T18:53:32.502+0000] {dagbag.py:540} INFO - Filling up the DagBag from /opt/airflow/dags/retraining.py
[2026-02-08T18:53:35.061+0000] {logging_mixin.py:188} INFO - Added path to: /opt/airflow/src/utils
[2026-02-08T18:53:35.070+0000] {processor.py:840} INFO - DAG(s) 'ml_retraining_pipeline' retrieved from /opt/airflow/dags/retraining.py
[2026-02-08T18:53:35.099+0000] {logging_mixin.py:188} INFO - [2026-02-08T18:53:35.099+0000] {dag.py:3096} INFO - Sync 1 DAGs
[2026-02-08T18:53:35.112+0000] {logging_mixin.py:188} INFO - [2026-02-08T18:53:35.112+0000] {dag.py:3954} INFO - Setting next_dagrun for ml_retraining_pipeline to None, run_after=None
[2026-02-08T18:53:35.137+0000] {processor.py:183} INFO - Processing /opt/airflow/dags/retraining.py took 2.648 seconds
[2026-02-08T18:54:05.450+0000] {processor.py:161} INFO - Started process (PID=2088) to work on /opt/airflow/dags/retraining.py
[2026-02-08T18:54:05.452+0000] {processor.py:830} INFO - Processing file /opt/airflow/dags/retraining.py for tasks to queue
[2026-02-08T18:54:05.456+0000] {logging_mixin.py:188} INFO - [2026-02-08T18:54:05.456+0000] {dagbag.py:540} INFO - Filling up the DagBag from /opt/airflow/dags/retraining.py
[2026-02-08T18:54:08.404+0000] {logging_mixin.py:188} INFO - Added path to: /opt/airflow/src/utils
[2026-02-08T18:54:08.413+0000] {processor.py:840} INFO - DAG(s) 'ml_retraining_pipeline' retrieved from /opt/airflow/dags/retraining.py
[2026-02-08T18:54:08.440+0000] {logging_mixin.py:188} INFO - [2026-02-08T18:54:08.439+0000] {dag.py:3096} INFO - Sync 1 DAGs
[2026-02-08T18:54:08.451+0000] {logging_mixin.py:188} INFO - [2026-02-08T18:54:08.451+0000] {dag.py:3954} INFO - Setting next_dagrun for ml_retraining_pipeline to None, run_after=None
[2026-02-08T18:54:08.479+0000] {processor.py:183} INFO - Processing /opt/airflow/dags/retraining.py took 3.043 seconds
[2026-02-08T18:54:38.743+0000] {processor.py:161} INFO - Started process (PID=2105) to work on /opt/airflow/dags/retraining.py
[2026-02-08T18:54:38.744+0000] {processor.py:830} INFO - Processing file /opt/airflow/dags/retraining.py for tasks to queue
[2026-02-08T18:54:38.748+0000] {logging_mixin.py:188} INFO - [2026-02-08T18:54:38.748+0000] {dagbag.py:540} INFO - Filling up the DagBag from /opt/airflow/dags/retraining.py
[2026-02-08T18:54:41.453+0000] {logging_mixin.py:188} INFO - Added path to: /opt/airflow/src/utils
[2026-02-08T18:54:41.460+0000] {processor.py:840} INFO - DAG(s) 'ml_retraining_pipeline' retrieved from /opt/airflow/dags/retraining.py
[2026-02-08T18:54:41.484+0000] {logging_mixin.py:188} INFO - [2026-02-08T18:54:41.484+0000] {dag.py:3096} INFO - Sync 1 DAGs
[2026-02-08T18:54:41.495+0000] {logging_mixin.py:188} INFO - [2026-02-08T18:54:41.495+0000] {dag.py:3954} INFO - Setting next_dagrun for ml_retraining_pipeline to None, run_after=None
[2026-02-08T18:54:41.519+0000] {processor.py:183} INFO - Processing /opt/airflow/dags/retraining.py took 2.788 seconds
[2026-02-08T18:55:11.895+0000] {processor.py:161} INFO - Started process (PID=2129) to work on /opt/airflow/dags/retraining.py
[2026-02-08T18:55:11.897+0000] {processor.py:830} INFO - Processing file /opt/airflow/dags/retraining.py for tasks to queue
[2026-02-08T18:55:11.899+0000] {logging_mixin.py:188} INFO - [2026-02-08T18:55:11.899+0000] {dagbag.py:540} INFO - Filling up the DagBag from /opt/airflow/dags/retraining.py
[2026-02-08T18:55:14.548+0000] {logging_mixin.py:188} INFO - Added path to: /opt/airflow/src/utils
[2026-02-08T18:55:14.556+0000] {processor.py:840} INFO - DAG(s) 'ml_retraining_pipeline' retrieved from /opt/airflow/dags/retraining.py
[2026-02-08T18:55:14.582+0000] {logging_mixin.py:188} INFO - [2026-02-08T18:55:14.582+0000] {dag.py:3096} INFO - Sync 1 DAGs
[2026-02-08T18:55:14.595+0000] {logging_mixin.py:188} INFO - [2026-02-08T18:55:14.594+0000] {dag.py:3954} INFO - Setting next_dagrun for ml_retraining_pipeline to None, run_after=None
[2026-02-08T18:55:14.618+0000] {processor.py:183} INFO - Processing /opt/airflow/dags/retraining.py took 2.734 seconds
[2026-02-08T18:55:44.916+0000] {processor.py:161} INFO - Started process (PID=2147) to work on /opt/airflow/dags/retraining.py
[2026-02-08T18:55:44.918+0000] {processor.py:830} INFO - Processing file /opt/airflow/dags/retraining.py for tasks to queue
[2026-02-08T18:55:44.920+0000] {logging_mixin.py:188} INFO - [2026-02-08T18:55:44.920+0000] {dagbag.py:540} INFO - Filling up the DagBag from /opt/airflow/dags/retraining.py
[2026-02-08T18:55:47.843+0000] {logging_mixin.py:188} INFO - Added path to: /opt/airflow/src/utils
[2026-02-08T18:55:47.856+0000] {processor.py:840} INFO - DAG(s) 'ml_retraining_pipeline' retrieved from /opt/airflow/dags/retraining.py
[2026-02-08T18:55:47.892+0000] {logging_mixin.py:188} INFO - [2026-02-08T18:55:47.891+0000] {dag.py:3096} INFO - Sync 1 DAGs
[2026-02-08T18:55:47.907+0000] {logging_mixin.py:188} INFO - [2026-02-08T18:55:47.907+0000] {dag.py:3954} INFO - Setting next_dagrun for ml_retraining_pipeline to None, run_after=None
[2026-02-08T18:55:47.941+0000] {processor.py:183} INFO - Processing /opt/airflow/dags/retraining.py took 3.033 seconds
[2026-02-08T18:56:18.222+0000] {processor.py:161} INFO - Started process (PID=2164) to work on /opt/airflow/dags/retraining.py
[2026-02-08T18:56:18.224+0000] {processor.py:830} INFO - Processing file /opt/airflow/dags/retraining.py for tasks to queue
[2026-02-08T18:56:18.227+0000] {logging_mixin.py:188} INFO - [2026-02-08T18:56:18.226+0000] {dagbag.py:540} INFO - Filling up the DagBag from /opt/airflow/dags/retraining.py
[2026-02-08T18:56:20.760+0000] {logging_mixin.py:188} INFO - Added path to: /opt/airflow/src/utils
[2026-02-08T18:56:20.770+0000] {processor.py:840} INFO - DAG(s) 'ml_retraining_pipeline' retrieved from /opt/airflow/dags/retraining.py
[2026-02-08T18:56:20.795+0000] {logging_mixin.py:188} INFO - [2026-02-08T18:56:20.795+0000] {dag.py:3096} INFO - Sync 1 DAGs
[2026-02-08T18:56:20.807+0000] {logging_mixin.py:188} INFO - [2026-02-08T18:56:20.807+0000] {dag.py:3954} INFO - Setting next_dagrun for ml_retraining_pipeline to None, run_after=None
[2026-02-08T18:56:20.832+0000] {processor.py:183} INFO - Processing /opt/airflow/dags/retraining.py took 2.618 seconds
[2026-02-08T18:56:51.180+0000] {processor.py:161} INFO - Started process (PID=2181) to work on /opt/airflow/dags/retraining.py
[2026-02-08T18:56:51.181+0000] {processor.py:830} INFO - Processing file /opt/airflow/dags/retraining.py for tasks to queue
[2026-02-08T18:56:51.184+0000] {logging_mixin.py:188} INFO - [2026-02-08T18:56:51.184+0000] {dagbag.py:540} INFO - Filling up the DagBag from /opt/airflow/dags/retraining.py
[2026-02-08T18:56:54.148+0000] {logging_mixin.py:188} INFO - Added path to: /opt/airflow/src/utils
[2026-02-08T18:56:54.158+0000] {processor.py:840} INFO - DAG(s) 'ml_retraining_pipeline' retrieved from /opt/airflow/dags/retraining.py
[2026-02-08T18:56:54.194+0000] {logging_mixin.py:188} INFO - [2026-02-08T18:56:54.194+0000] {dag.py:3096} INFO - Sync 1 DAGs
[2026-02-08T18:56:54.211+0000] {logging_mixin.py:188} INFO - [2026-02-08T18:56:54.211+0000] {dag.py:3954} INFO - Setting next_dagrun for ml_retraining_pipeline to None, run_after=None
[2026-02-08T18:56:54.244+0000] {processor.py:183} INFO - Processing /opt/airflow/dags/retraining.py took 3.073 seconds
[2026-02-08T18:57:24.461+0000] {processor.py:161} INFO - Started process (PID=2198) to work on /opt/airflow/dags/retraining.py
[2026-02-08T18:57:24.463+0000] {processor.py:830} INFO - Processing file /opt/airflow/dags/retraining.py for tasks to queue
[2026-02-08T18:57:24.467+0000] {logging_mixin.py:188} INFO - [2026-02-08T18:57:24.466+0000] {dagbag.py:540} INFO - Filling up the DagBag from /opt/airflow/dags/retraining.py
[2026-02-08T18:57:27.355+0000] {logging_mixin.py:188} INFO - Added path to: /opt/airflow/src/utils
[2026-02-08T18:57:27.367+0000] {processor.py:840} INFO - DAG(s) 'ml_retraining_pipeline' retrieved from /opt/airflow/dags/retraining.py
[2026-02-08T18:57:27.408+0000] {logging_mixin.py:188} INFO - [2026-02-08T18:57:27.407+0000] {dag.py:3096} INFO - Sync 1 DAGs
[2026-02-08T18:57:27.425+0000] {logging_mixin.py:188} INFO - [2026-02-08T18:57:27.424+0000] {dag.py:3954} INFO - Setting next_dagrun for ml_retraining_pipeline to None, run_after=None
[2026-02-08T18:57:27.455+0000] {processor.py:183} INFO - Processing /opt/airflow/dags/retraining.py took 3.005 seconds
[2026-02-08T18:57:57.753+0000] {processor.py:161} INFO - Started process (PID=2215) to work on /opt/airflow/dags/retraining.py
[2026-02-08T18:57:57.754+0000] {processor.py:830} INFO - Processing file /opt/airflow/dags/retraining.py for tasks to queue
[2026-02-08T18:57:57.757+0000] {logging_mixin.py:188} INFO - [2026-02-08T18:57:57.756+0000] {dagbag.py:540} INFO - Filling up the DagBag from /opt/airflow/dags/retraining.py
[2026-02-08T18:58:00.309+0000] {logging_mixin.py:188} INFO - Added path to: /opt/airflow/src/utils
[2026-02-08T18:58:00.316+0000] {processor.py:840} INFO - DAG(s) 'ml_retraining_pipeline' retrieved from /opt/airflow/dags/retraining.py
[2026-02-08T18:58:00.341+0000] {logging_mixin.py:188} INFO - [2026-02-08T18:58:00.340+0000] {dag.py:3096} INFO - Sync 1 DAGs
[2026-02-08T18:58:00.352+0000] {logging_mixin.py:188} INFO - [2026-02-08T18:58:00.351+0000] {dag.py:3954} INFO - Setting next_dagrun for ml_retraining_pipeline to None, run_after=None
[2026-02-08T18:58:00.377+0000] {processor.py:183} INFO - Processing /opt/airflow/dags/retraining.py took 2.632 seconds
[2026-02-08T18:58:30.713+0000] {processor.py:161} INFO - Started process (PID=2232) to work on /opt/airflow/dags/retraining.py
[2026-02-08T18:58:30.714+0000] {processor.py:830} INFO - Processing file /opt/airflow/dags/retraining.py for tasks to queue
[2026-02-08T18:58:30.718+0000] {logging_mixin.py:188} INFO - [2026-02-08T18:58:30.718+0000] {dagbag.py:540} INFO - Filling up the DagBag from /opt/airflow/dags/retraining.py
[2026-02-08T18:58:33.872+0000] {logging_mixin.py:188} INFO - Added path to: /opt/airflow/src/utils
[2026-02-08T18:58:33.889+0000] {processor.py:840} INFO - DAG(s) 'ml_retraining_pipeline' retrieved from /opt/airflow/dags/retraining.py
[2026-02-08T18:58:33.963+0000] {logging_mixin.py:188} INFO - [2026-02-08T18:58:33.962+0000] {dag.py:3096} INFO - Sync 1 DAGs
[2026-02-08T18:58:33.983+0000] {logging_mixin.py:188} INFO - [2026-02-08T18:58:33.983+0000] {dag.py:3954} INFO - Setting next_dagrun for ml_retraining_pipeline to None, run_after=None
[2026-02-08T18:58:34.012+0000] {processor.py:183} INFO - Processing /opt/airflow/dags/retraining.py took 3.308 seconds
[2026-02-08T18:59:04.320+0000] {processor.py:161} INFO - Started process (PID=2249) to work on /opt/airflow/dags/retraining.py
[2026-02-08T18:59:04.322+0000] {processor.py:830} INFO - Processing file /opt/airflow/dags/retraining.py for tasks to queue
[2026-02-08T18:59:04.327+0000] {logging_mixin.py:188} INFO - [2026-02-08T18:59:04.326+0000] {dagbag.py:540} INFO - Filling up the DagBag from /opt/airflow/dags/retraining.py
[2026-02-08T18:59:07.223+0000] {logging_mixin.py:188} INFO - Added path to: /opt/airflow/src/utils
[2026-02-08T18:59:07.230+0000] {processor.py:840} INFO - DAG(s) 'ml_retraining_pipeline' retrieved from /opt/airflow/dags/retraining.py
[2026-02-08T18:59:07.258+0000] {logging_mixin.py:188} INFO - [2026-02-08T18:59:07.257+0000] {dag.py:3096} INFO - Sync 1 DAGs
[2026-02-08T18:59:07.270+0000] {logging_mixin.py:188} INFO - [2026-02-08T18:59:07.269+0000] {dag.py:3954} INFO - Setting next_dagrun for ml_retraining_pipeline to None, run_after=None
[2026-02-08T18:59:07.292+0000] {processor.py:183} INFO - Processing /opt/airflow/dags/retraining.py took 2.989 seconds
[2026-02-08T18:59:37.650+0000] {processor.py:161} INFO - Started process (PID=2266) to work on /opt/airflow/dags/retraining.py
[2026-02-08T18:59:37.651+0000] {processor.py:830} INFO - Processing file /opt/airflow/dags/retraining.py for tasks to queue
[2026-02-08T18:59:37.654+0000] {logging_mixin.py:188} INFO - [2026-02-08T18:59:37.653+0000] {dagbag.py:540} INFO - Filling up the DagBag from /opt/airflow/dags/retraining.py
[2026-02-08T18:59:40.195+0000] {logging_mixin.py:188} INFO - Added path to: /opt/airflow/src/utils
[2026-02-08T18:59:40.207+0000] {processor.py:840} INFO - DAG(s) 'ml_retraining_pipeline' retrieved from /opt/airflow/dags/retraining.py
[2026-02-08T18:59:40.249+0000] {logging_mixin.py:188} INFO - [2026-02-08T18:59:40.248+0000] {dag.py:3096} INFO - Sync 1 DAGs
[2026-02-08T18:59:40.262+0000] {logging_mixin.py:188} INFO - [2026-02-08T18:59:40.262+0000] {dag.py:3954} INFO - Setting next_dagrun for ml_retraining_pipeline to None, run_after=None
[2026-02-08T18:59:40.287+0000] {processor.py:183} INFO - Processing /opt/airflow/dags/retraining.py took 2.646 seconds
[2026-02-08T19:00:10.641+0000] {processor.py:161} INFO - Started process (PID=2283) to work on /opt/airflow/dags/retraining.py
[2026-02-08T19:00:10.643+0000] {processor.py:830} INFO - Processing file /opt/airflow/dags/retraining.py for tasks to queue
[2026-02-08T19:00:10.647+0000] {logging_mixin.py:188} INFO - [2026-02-08T19:00:10.646+0000] {dagbag.py:540} INFO - Filling up the DagBag from /opt/airflow/dags/retraining.py
[2026-02-08T19:00:13.799+0000] {logging_mixin.py:188} INFO - Added path to: /opt/airflow/src/utils
[2026-02-08T19:00:13.811+0000] {processor.py:840} INFO - DAG(s) 'ml_retraining_pipeline' retrieved from /opt/airflow/dags/retraining.py
[2026-02-08T19:00:13.840+0000] {logging_mixin.py:188} INFO - [2026-02-08T19:00:13.839+0000] {dag.py:3096} INFO - Sync 1 DAGs
[2026-02-08T19:00:13.854+0000] {logging_mixin.py:188} INFO - [2026-02-08T19:00:13.854+0000] {dag.py:3954} INFO - Setting next_dagrun for ml_retraining_pipeline to None, run_after=None
[2026-02-08T19:00:13.885+0000] {processor.py:183} INFO - Processing /opt/airflow/dags/retraining.py took 3.256 seconds
[2026-02-08T19:00:44.220+0000] {processor.py:161} INFO - Started process (PID=2306) to work on /opt/airflow/dags/retraining.py
[2026-02-08T19:00:44.222+0000] {processor.py:830} INFO - Processing file /opt/airflow/dags/retraining.py for tasks to queue
[2026-02-08T19:00:44.225+0000] {logging_mixin.py:188} INFO - [2026-02-08T19:00:44.224+0000] {dagbag.py:540} INFO - Filling up the DagBag from /opt/airflow/dags/retraining.py
[2026-02-08T19:00:46.757+0000] {logging_mixin.py:188} INFO - Added path to: /opt/airflow/src/utils
[2026-02-08T19:00:46.764+0000] {processor.py:840} INFO - DAG(s) 'ml_retraining_pipeline' retrieved from /opt/airflow/dags/retraining.py
[2026-02-08T19:00:46.787+0000] {logging_mixin.py:188} INFO - [2026-02-08T19:00:46.787+0000] {dag.py:3096} INFO - Sync 1 DAGs
[2026-02-08T19:00:46.798+0000] {logging_mixin.py:188} INFO - [2026-02-08T19:00:46.798+0000] {dag.py:3954} INFO - Setting next_dagrun for ml_retraining_pipeline to None, run_after=None
[2026-02-08T19:00:46.824+0000] {processor.py:183} INFO - Processing /opt/airflow/dags/retraining.py took 2.613 seconds
[2026-02-08T19:01:17.210+0000] {processor.py:161} INFO - Started process (PID=2323) to work on /opt/airflow/dags/retraining.py
[2026-02-08T19:01:17.211+0000] {processor.py:830} INFO - Processing file /opt/airflow/dags/retraining.py for tasks to queue
[2026-02-08T19:01:17.215+0000] {logging_mixin.py:188} INFO - [2026-02-08T19:01:17.215+0000] {dagbag.py:540} INFO - Filling up the DagBag from /opt/airflow/dags/retraining.py
[2026-02-08T19:01:19.686+0000] {logging_mixin.py:188} INFO - Added path to: /opt/airflow/src/utils
[2026-02-08T19:01:19.695+0000] {processor.py:840} INFO - DAG(s) 'ml_retraining_pipeline' retrieved from /opt/airflow/dags/retraining.py
[2026-02-08T19:01:19.726+0000] {logging_mixin.py:188} INFO - [2026-02-08T19:01:19.725+0000] {dag.py:3096} INFO - Sync 1 DAGs
[2026-02-08T19:01:19.740+0000] {logging_mixin.py:188} INFO - [2026-02-08T19:01:19.740+0000] {dag.py:3954} INFO - Setting next_dagrun for ml_retraining_pipeline to None, run_after=None
[2026-02-08T19:01:19.768+0000] {processor.py:183} INFO - Processing /opt/airflow/dags/retraining.py took 2.569 seconds
[2026-02-08T19:01:50.084+0000] {processor.py:161} INFO - Started process (PID=2340) to work on /opt/airflow/dags/retraining.py
[2026-02-08T19:01:50.086+0000] {processor.py:830} INFO - Processing file /opt/airflow/dags/retraining.py for tasks to queue
[2026-02-08T19:01:50.090+0000] {logging_mixin.py:188} INFO - [2026-02-08T19:01:50.090+0000] {dagbag.py:540} INFO - Filling up the DagBag from /opt/airflow/dags/retraining.py
[2026-02-08T19:01:53.182+0000] {logging_mixin.py:188} INFO - Added path to: /opt/airflow/src/utils
[2026-02-08T19:01:53.195+0000] {processor.py:840} INFO - DAG(s) 'ml_retraining_pipeline' retrieved from /opt/airflow/dags/retraining.py
[2026-02-08T19:01:53.248+0000] {logging_mixin.py:188} INFO - [2026-02-08T19:01:53.246+0000] {dag.py:3096} INFO - Sync 1 DAGs
[2026-02-08T19:01:53.272+0000] {logging_mixin.py:188} INFO - [2026-02-08T19:01:53.272+0000] {dag.py:3954} INFO - Setting next_dagrun for ml_retraining_pipeline to None, run_after=None
[2026-02-08T19:01:53.308+0000] {processor.py:183} INFO - Processing /opt/airflow/dags/retraining.py took 3.237 seconds
[2026-02-08T19:02:23.629+0000] {processor.py:161} INFO - Started process (PID=2357) to work on /opt/airflow/dags/retraining.py
[2026-02-08T19:02:23.632+0000] {processor.py:830} INFO - Processing file /opt/airflow/dags/retraining.py for tasks to queue
[2026-02-08T19:02:23.640+0000] {logging_mixin.py:188} INFO - [2026-02-08T19:02:23.639+0000] {dagbag.py:540} INFO - Filling up the DagBag from /opt/airflow/dags/retraining.py
[2026-02-08T19:02:26.300+0000] {logging_mixin.py:188} INFO - Added path to: /opt/airflow/src/utils
[2026-02-08T19:02:26.308+0000] {processor.py:840} INFO - DAG(s) 'ml_retraining_pipeline' retrieved from /opt/airflow/dags/retraining.py
[2026-02-08T19:02:26.334+0000] {logging_mixin.py:188} INFO - [2026-02-08T19:02:26.334+0000] {dag.py:3096} INFO - Sync 1 DAGs
[2026-02-08T19:02:26.345+0000] {logging_mixin.py:188} INFO - [2026-02-08T19:02:26.345+0000] {dag.py:3954} INFO - Setting next_dagrun for ml_retraining_pipeline to None, run_after=None
[2026-02-08T19:02:26.369+0000] {processor.py:183} INFO - Processing /opt/airflow/dags/retraining.py took 2.752 seconds
[2026-02-08T19:02:56.689+0000] {processor.py:161} INFO - Started process (PID=2374) to work on /opt/airflow/dags/retraining.py
[2026-02-08T19:02:56.690+0000] {processor.py:830} INFO - Processing file /opt/airflow/dags/retraining.py for tasks to queue
[2026-02-08T19:02:56.693+0000] {logging_mixin.py:188} INFO - [2026-02-08T19:02:56.693+0000] {dagbag.py:540} INFO - Filling up the DagBag from /opt/airflow/dags/retraining.py
[2026-02-08T19:02:59.647+0000] {logging_mixin.py:188} INFO - Added path to: /opt/airflow/src/utils
[2026-02-08T19:02:59.658+0000] {processor.py:840} INFO - DAG(s) 'ml_retraining_pipeline' retrieved from /opt/airflow/dags/retraining.py
[2026-02-08T19:02:59.684+0000] {logging_mixin.py:188} INFO - [2026-02-08T19:02:59.683+0000] {dag.py:3096} INFO - Sync 1 DAGs
[2026-02-08T19:02:59.698+0000] {logging_mixin.py:188} INFO - [2026-02-08T19:02:59.698+0000] {dag.py:3954} INFO - Setting next_dagrun for ml_retraining_pipeline to None, run_after=None
[2026-02-08T19:02:59.724+0000] {processor.py:183} INFO - Processing /opt/airflow/dags/retraining.py took 3.044 seconds
[2026-02-08T19:03:30.014+0000] {processor.py:161} INFO - Started process (PID=2391) to work on /opt/airflow/dags/retraining.py
[2026-02-08T19:03:30.015+0000] {processor.py:830} INFO - Processing file /opt/airflow/dags/retraining.py for tasks to queue
[2026-02-08T19:03:30.019+0000] {logging_mixin.py:188} INFO - [2026-02-08T19:03:30.018+0000] {dagbag.py:540} INFO - Filling up the DagBag from /opt/airflow/dags/retraining.py
[2026-02-08T19:03:33.090+0000] {logging_mixin.py:188} INFO - Added path to: /opt/airflow/src/utils
[2026-02-08T19:03:33.101+0000] {processor.py:840} INFO - DAG(s) 'ml_retraining_pipeline' retrieved from /opt/airflow/dags/retraining.py
[2026-02-08T19:03:33.133+0000] {logging_mixin.py:188} INFO - [2026-02-08T19:03:33.132+0000] {dag.py:3096} INFO - Sync 1 DAGs
[2026-02-08T19:03:33.147+0000] {logging_mixin.py:188} INFO - [2026-02-08T19:03:33.147+0000] {dag.py:3954} INFO - Setting next_dagrun for ml_retraining_pipeline to None, run_after=None
[2026-02-08T19:03:33.176+0000] {processor.py:183} INFO - Processing /opt/airflow/dags/retraining.py took 3.176 seconds
[2026-02-08T19:04:03.356+0000] {processor.py:161} INFO - Started process (PID=2408) to work on /opt/airflow/dags/retraining.py
[2026-02-08T19:04:03.357+0000] {processor.py:830} INFO - Processing file /opt/airflow/dags/retraining.py for tasks to queue
[2026-02-08T19:04:03.361+0000] {logging_mixin.py:188} INFO - [2026-02-08T19:04:03.361+0000] {dagbag.py:540} INFO - Filling up the DagBag from /opt/airflow/dags/retraining.py
[2026-02-08T19:04:06.296+0000] {logging_mixin.py:188} INFO - Added path to: /opt/airflow/src/utils
[2026-02-08T19:04:06.304+0000] {processor.py:840} INFO - DAG(s) 'ml_retraining_pipeline' retrieved from /opt/airflow/dags/retraining.py
[2026-02-08T19:04:06.327+0000] {logging_mixin.py:188} INFO - [2026-02-08T19:04:06.327+0000] {dag.py:3096} INFO - Sync 1 DAGs
[2026-02-08T19:04:06.341+0000] {logging_mixin.py:188} INFO - [2026-02-08T19:04:06.341+0000] {dag.py:3954} INFO - Setting next_dagrun for ml_retraining_pipeline to None, run_after=None
[2026-02-08T19:04:06.366+0000] {processor.py:183} INFO - Processing /opt/airflow/dags/retraining.py took 3.022 seconds
[2026-02-08T19:04:36.673+0000] {processor.py:161} INFO - Started process (PID=2425) to work on /opt/airflow/dags/retraining.py
[2026-02-08T19:04:36.675+0000] {processor.py:830} INFO - Processing file /opt/airflow/dags/retraining.py for tasks to queue
[2026-02-08T19:04:36.679+0000] {logging_mixin.py:188} INFO - [2026-02-08T19:04:36.678+0000] {dagbag.py:540} INFO - Filling up the DagBag from /opt/airflow/dags/retraining.py
[2026-02-08T19:04:39.135+0000] {logging_mixin.py:188} INFO - Added path to: /opt/airflow/src/utils
[2026-02-08T19:04:39.144+0000] {processor.py:840} INFO - DAG(s) 'ml_retraining_pipeline' retrieved from /opt/airflow/dags/retraining.py
[2026-02-08T19:04:39.174+0000] {logging_mixin.py:188} INFO - [2026-02-08T19:04:39.173+0000] {dag.py:3096} INFO - Sync 1 DAGs
[2026-02-08T19:04:39.191+0000] {logging_mixin.py:188} INFO - [2026-02-08T19:04:39.190+0000] {dag.py:3954} INFO - Setting next_dagrun for ml_retraining_pipeline to None, run_after=None
[2026-02-08T19:04:39.218+0000] {processor.py:183} INFO - Processing /opt/airflow/dags/retraining.py took 2.556 seconds
[2026-02-08T19:05:09.553+0000] {processor.py:161} INFO - Started process (PID=2442) to work on /opt/airflow/dags/retraining.py
[2026-02-08T19:05:09.555+0000] {processor.py:830} INFO - Processing file /opt/airflow/dags/retraining.py for tasks to queue
[2026-02-08T19:05:09.559+0000] {logging_mixin.py:188} INFO - [2026-02-08T19:05:09.558+0000] {dagbag.py:540} INFO - Filling up the DagBag from /opt/airflow/dags/retraining.py
[2026-02-08T19:05:12.659+0000] {logging_mixin.py:188} INFO - Added path to: /opt/airflow/src/utils
[2026-02-08T19:05:12.673+0000] {processor.py:840} INFO - DAG(s) 'ml_retraining_pipeline' retrieved from /opt/airflow/dags/retraining.py
[2026-02-08T19:05:12.712+0000] {logging_mixin.py:188} INFO - [2026-02-08T19:05:12.711+0000] {dag.py:3096} INFO - Sync 1 DAGs
[2026-02-08T19:05:12.730+0000] {logging_mixin.py:188} INFO - [2026-02-08T19:05:12.729+0000] {dag.py:3954} INFO - Setting next_dagrun for ml_retraining_pipeline to None, run_after=None
[2026-02-08T19:05:12.757+0000] {processor.py:183} INFO - Processing /opt/airflow/dags/retraining.py took 3.220 seconds
[2026-02-08T19:05:43.050+0000] {processor.py:161} INFO - Started process (PID=2465) to work on /opt/airflow/dags/retraining.py
[2026-02-08T19:05:43.052+0000] {processor.py:830} INFO - Processing file /opt/airflow/dags/retraining.py for tasks to queue
[2026-02-08T19:05:43.055+0000] {logging_mixin.py:188} INFO - [2026-02-08T19:05:43.054+0000] {dagbag.py:540} INFO - Filling up the DagBag from /opt/airflow/dags/retraining.py
[2026-02-08T19:05:45.921+0000] {logging_mixin.py:188} INFO - Added path to: /opt/airflow/src/utils
[2026-02-08T19:05:45.930+0000] {processor.py:840} INFO - DAG(s) 'ml_retraining_pipeline' retrieved from /opt/airflow/dags/retraining.py
[2026-02-08T19:05:45.957+0000] {logging_mixin.py:188} INFO - [2026-02-08T19:05:45.957+0000] {dag.py:3096} INFO - Sync 1 DAGs
[2026-02-08T19:05:45.970+0000] {logging_mixin.py:188} INFO - [2026-02-08T19:05:45.969+0000] {dag.py:3954} INFO - Setting next_dagrun for ml_retraining_pipeline to None, run_after=None
[2026-02-08T19:05:45.995+0000] {processor.py:183} INFO - Processing /opt/airflow/dags/retraining.py took 2.953 seconds
[2026-02-08T19:06:16.140+0000] {processor.py:161} INFO - Started process (PID=2482) to work on /opt/airflow/dags/retraining.py
[2026-02-08T19:06:16.144+0000] {processor.py:830} INFO - Processing file /opt/airflow/dags/retraining.py for tasks to queue
[2026-02-08T19:06:16.152+0000] {logging_mixin.py:188} INFO - [2026-02-08T19:06:16.151+0000] {dagbag.py:540} INFO - Filling up the DagBag from /opt/airflow/dags/retraining.py
[2026-02-08T19:06:18.654+0000] {logging_mixin.py:188} INFO - Added path to: /opt/airflow/src/utils
[2026-02-08T19:06:18.664+0000] {processor.py:840} INFO - DAG(s) 'ml_retraining_pipeline' retrieved from /opt/airflow/dags/retraining.py
[2026-02-08T19:06:18.692+0000] {logging_mixin.py:188} INFO - [2026-02-08T19:06:18.692+0000] {dag.py:3096} INFO - Sync 1 DAGs
[2026-02-08T19:06:18.706+0000] {logging_mixin.py:188} INFO - [2026-02-08T19:06:18.705+0000] {dag.py:3954} INFO - Setting next_dagrun for ml_retraining_pipeline to None, run_after=None
[2026-02-08T19:06:18.727+0000] {processor.py:183} INFO - Processing /opt/airflow/dags/retraining.py took 2.619 seconds
[2026-02-08T19:06:49.058+0000] {processor.py:161} INFO - Started process (PID=2499) to work on /opt/airflow/dags/retraining.py
[2026-02-08T19:06:49.060+0000] {processor.py:830} INFO - Processing file /opt/airflow/dags/retraining.py for tasks to queue
[2026-02-08T19:06:49.062+0000] {logging_mixin.py:188} INFO - [2026-02-08T19:06:49.062+0000] {dagbag.py:540} INFO - Filling up the DagBag from /opt/airflow/dags/retraining.py
[2026-02-08T19:06:52.519+0000] {logging_mixin.py:188} INFO - Added path to: /opt/airflow/src/utils
[2026-02-08T19:06:52.532+0000] {processor.py:840} INFO - DAG(s) 'ml_retraining_pipeline' retrieved from /opt/airflow/dags/retraining.py
[2026-02-08T19:06:52.588+0000] {logging_mixin.py:188} INFO - [2026-02-08T19:06:52.587+0000] {dag.py:3096} INFO - Sync 1 DAGs
[2026-02-08T19:06:52.615+0000] {logging_mixin.py:188} INFO - [2026-02-08T19:06:52.615+0000] {dag.py:3954} INFO - Setting next_dagrun for ml_retraining_pipeline to None, run_after=None
[2026-02-08T19:06:52.651+0000] {processor.py:183} INFO - Processing /opt/airflow/dags/retraining.py took 3.603 seconds
[2026-02-08T19:07:22.822+0000] {processor.py:161} INFO - Started process (PID=2516) to work on /opt/airflow/dags/retraining.py
[2026-02-08T19:07:22.825+0000] {processor.py:830} INFO - Processing file /opt/airflow/dags/retraining.py for tasks to queue
[2026-02-08T19:07:22.830+0000] {logging_mixin.py:188} INFO - [2026-02-08T19:07:22.829+0000] {dagbag.py:540} INFO - Filling up the DagBag from /opt/airflow/dags/retraining.py
[2026-02-08T19:07:26.033+0000] {logging_mixin.py:188} INFO - Added path to: /opt/airflow/src/utils
[2026-02-08T19:07:26.043+0000] {processor.py:840} INFO - DAG(s) 'ml_retraining_pipeline' retrieved from /opt/airflow/dags/retraining.py
[2026-02-08T19:07:26.077+0000] {logging_mixin.py:188} INFO - [2026-02-08T19:07:26.076+0000] {dag.py:3096} INFO - Sync 1 DAGs
[2026-02-08T19:07:26.097+0000] {logging_mixin.py:188} INFO - [2026-02-08T19:07:26.097+0000] {dag.py:3954} INFO - Setting next_dagrun for ml_retraining_pipeline to None, run_after=None
[2026-02-08T19:07:26.127+0000] {processor.py:183} INFO - Processing /opt/airflow/dags/retraining.py took 3.318 seconds
[2026-02-08T19:07:56.303+0000] {processor.py:161} INFO - Started process (PID=2533) to work on /opt/airflow/dags/retraining.py
[2026-02-08T19:07:56.304+0000] {processor.py:830} INFO - Processing file /opt/airflow/dags/retraining.py for tasks to queue
[2026-02-08T19:07:56.308+0000] {logging_mixin.py:188} INFO - [2026-02-08T19:07:56.307+0000] {dagbag.py:540} INFO - Filling up the DagBag from /opt/airflow/dags/retraining.py
[2026-02-08T19:07:58.768+0000] {logging_mixin.py:188} INFO - Added path to: /opt/airflow/src/utils
[2026-02-08T19:07:58.775+0000] {processor.py:840} INFO - DAG(s) 'ml_retraining_pipeline' retrieved from /opt/airflow/dags/retraining.py
[2026-02-08T19:07:58.799+0000] {logging_mixin.py:188} INFO - [2026-02-08T19:07:58.798+0000] {dag.py:3096} INFO - Sync 1 DAGs
[2026-02-08T19:07:58.810+0000] {logging_mixin.py:188} INFO - [2026-02-08T19:07:58.810+0000] {dag.py:3954} INFO - Setting next_dagrun for ml_retraining_pipeline to None, run_after=None
[2026-02-08T19:07:58.834+0000] {processor.py:183} INFO - Processing /opt/airflow/dags/retraining.py took 2.544 seconds
[2026-02-08T19:08:29.165+0000] {processor.py:161} INFO - Started process (PID=2550) to work on /opt/airflow/dags/retraining.py
[2026-02-08T19:08:29.167+0000] {processor.py:830} INFO - Processing file /opt/airflow/dags/retraining.py for tasks to queue
[2026-02-08T19:08:29.170+0000] {logging_mixin.py:188} INFO - [2026-02-08T19:08:29.169+0000] {dagbag.py:540} INFO - Filling up the DagBag from /opt/airflow/dags/retraining.py
[2026-02-08T19:08:31.686+0000] {logging_mixin.py:188} INFO - Added path to: /opt/airflow/src/utils
[2026-02-08T19:08:31.698+0000] {processor.py:840} INFO - DAG(s) 'ml_retraining_pipeline' retrieved from /opt/airflow/dags/retraining.py
[2026-02-08T19:08:31.725+0000] {logging_mixin.py:188} INFO - [2026-02-08T19:08:31.725+0000] {dag.py:3096} INFO - Sync 1 DAGs
[2026-02-08T19:08:31.736+0000] {logging_mixin.py:188} INFO - [2026-02-08T19:08:31.736+0000] {dag.py:3954} INFO - Setting next_dagrun for ml_retraining_pipeline to None, run_after=None
[2026-02-08T19:08:31.761+0000] {processor.py:183} INFO - Processing /opt/airflow/dags/retraining.py took 2.606 seconds
[2026-02-08T19:09:02.033+0000] {processor.py:161} INFO - Started process (PID=2567) to work on /opt/airflow/dags/retraining.py
[2026-02-08T19:09:02.035+0000] {processor.py:830} INFO - Processing file /opt/airflow/dags/retraining.py for tasks to queue
[2026-02-08T19:09:02.038+0000] {logging_mixin.py:188} INFO - [2026-02-08T19:09:02.038+0000] {dagbag.py:540} INFO - Filling up the DagBag from /opt/airflow/dags/retraining.py
[2026-02-08T19:09:05.100+0000] {logging_mixin.py:188} INFO - Added path to: /opt/airflow/src/utils
[2026-02-08T19:09:05.112+0000] {processor.py:840} INFO - DAG(s) 'ml_retraining_pipeline' retrieved from /opt/airflow/dags/retraining.py
[2026-02-08T19:09:05.147+0000] {logging_mixin.py:188} INFO - [2026-02-08T19:09:05.146+0000] {dag.py:3096} INFO - Sync 1 DAGs
[2026-02-08T19:09:05.165+0000] {logging_mixin.py:188} INFO - [2026-02-08T19:09:05.164+0000] {dag.py:3954} INFO - Setting next_dagrun for ml_retraining_pipeline to None, run_after=None
[2026-02-08T19:09:05.198+0000] {processor.py:183} INFO - Processing /opt/airflow/dags/retraining.py took 3.176 seconds
[2026-02-08T19:09:35.289+0000] {processor.py:161} INFO - Started process (PID=2584) to work on /opt/airflow/dags/retraining.py
[2026-02-08T19:09:35.291+0000] {processor.py:830} INFO - Processing file /opt/airflow/dags/retraining.py for tasks to queue
[2026-02-08T19:09:35.295+0000] {logging_mixin.py:188} INFO - [2026-02-08T19:09:35.294+0000] {dagbag.py:540} INFO - Filling up the DagBag from /opt/airflow/dags/retraining.py
[2026-02-08T19:09:38.030+0000] {logging_mixin.py:188} INFO - Added path to: /opt/airflow/src/utils
[2026-02-08T19:09:38.039+0000] {processor.py:840} INFO - DAG(s) 'ml_retraining_pipeline' retrieved from /opt/airflow/dags/retraining.py
[2026-02-08T19:09:38.066+0000] {logging_mixin.py:188} INFO - [2026-02-08T19:09:38.065+0000] {dag.py:3096} INFO - Sync 1 DAGs
[2026-02-08T19:09:38.077+0000] {logging_mixin.py:188} INFO - [2026-02-08T19:09:38.076+0000] {dag.py:3954} INFO - Setting next_dagrun for ml_retraining_pipeline to None, run_after=None
[2026-02-08T19:09:38.100+0000] {processor.py:183} INFO - Processing /opt/airflow/dags/retraining.py took 2.823 seconds
[2026-02-08T19:10:08.481+0000] {processor.py:161} INFO - Started process (PID=2601) to work on /opt/airflow/dags/retraining.py
[2026-02-08T19:10:08.483+0000] {processor.py:830} INFO - Processing file /opt/airflow/dags/retraining.py for tasks to queue
[2026-02-08T19:10:08.486+0000] {logging_mixin.py:188} INFO - [2026-02-08T19:10:08.486+0000] {dagbag.py:540} INFO - Filling up the DagBag from /opt/airflow/dags/retraining.py
[2026-02-08T19:10:10.978+0000] {logging_mixin.py:188} INFO - Added path to: /opt/airflow/src/utils
[2026-02-08T19:10:10.984+0000] {processor.py:840} INFO - DAG(s) 'ml_retraining_pipeline' retrieved from /opt/airflow/dags/retraining.py
[2026-02-08T19:10:11.006+0000] {logging_mixin.py:188} INFO - [2026-02-08T19:10:11.006+0000] {dag.py:3096} INFO - Sync 1 DAGs
[2026-02-08T19:10:11.019+0000] {logging_mixin.py:188} INFO - [2026-02-08T19:10:11.019+0000] {dag.py:3954} INFO - Setting next_dagrun for ml_retraining_pipeline to None, run_after=None
[2026-02-08T19:10:11.038+0000] {processor.py:183} INFO - Processing /opt/airflow/dags/retraining.py took 2.566 seconds
[2026-02-08T19:10:41.366+0000] {processor.py:161} INFO - Started process (PID=2618) to work on /opt/airflow/dags/retraining.py
[2026-02-08T19:10:41.368+0000] {processor.py:830} INFO - Processing file /opt/airflow/dags/retraining.py for tasks to queue
[2026-02-08T19:10:41.371+0000] {logging_mixin.py:188} INFO - [2026-02-08T19:10:41.370+0000] {dagbag.py:540} INFO - Filling up the DagBag from /opt/airflow/dags/retraining.py
[2026-02-08T19:10:44.774+0000] {logging_mixin.py:188} INFO - Added path to: /opt/airflow/src/utils
[2026-02-08T19:10:44.784+0000] {processor.py:840} INFO - DAG(s) 'ml_retraining_pipeline' retrieved from /opt/airflow/dags/retraining.py
[2026-02-08T19:10:44.817+0000] {logging_mixin.py:188} INFO - [2026-02-08T19:10:44.816+0000] {dag.py:3096} INFO - Sync 1 DAGs
[2026-02-08T19:10:44.830+0000] {logging_mixin.py:188} INFO - [2026-02-08T19:10:44.830+0000] {dag.py:3954} INFO - Setting next_dagrun for ml_retraining_pipeline to None, run_after=None
[2026-02-08T19:10:44.855+0000] {processor.py:183} INFO - Processing /opt/airflow/dags/retraining.py took 3.501 seconds
[2026-02-08T19:11:15.183+0000] {processor.py:161} INFO - Started process (PID=2641) to work on /opt/airflow/dags/retraining.py
[2026-02-08T19:11:15.185+0000] {processor.py:830} INFO - Processing file /opt/airflow/dags/retraining.py for tasks to queue
[2026-02-08T19:11:15.189+0000] {logging_mixin.py:188} INFO - [2026-02-08T19:11:15.188+0000] {dagbag.py:540} INFO - Filling up the DagBag from /opt/airflow/dags/retraining.py
[2026-02-08T19:11:18.123+0000] {logging_mixin.py:188} INFO - Added path to: /opt/airflow/src/utils
[2026-02-08T19:11:18.132+0000] {processor.py:840} INFO - DAG(s) 'ml_retraining_pipeline' retrieved from /opt/airflow/dags/retraining.py
[2026-02-08T19:11:18.170+0000] {logging_mixin.py:188} INFO - [2026-02-08T19:11:18.169+0000] {dag.py:3096} INFO - Sync 1 DAGs
[2026-02-08T19:11:18.185+0000] {logging_mixin.py:188} INFO - [2026-02-08T19:11:18.185+0000] {dag.py:3954} INFO - Setting next_dagrun for ml_retraining_pipeline to None, run_after=None
[2026-02-08T19:11:18.217+0000] {processor.py:183} INFO - Processing /opt/airflow/dags/retraining.py took 3.052 seconds
[2026-02-08T19:11:48.459+0000] {processor.py:161} INFO - Started process (PID=2658) to work on /opt/airflow/dags/retraining.py
[2026-02-08T19:11:48.460+0000] {processor.py:830} INFO - Processing file /opt/airflow/dags/retraining.py for tasks to queue
[2026-02-08T19:11:48.463+0000] {logging_mixin.py:188} INFO - [2026-02-08T19:11:48.463+0000] {dagbag.py:540} INFO - Filling up the DagBag from /opt/airflow/dags/retraining.py
[2026-02-08T19:11:51.004+0000] {logging_mixin.py:188} INFO - Added path to: /opt/airflow/src/utils
[2026-02-08T19:11:51.011+0000] {processor.py:840} INFO - DAG(s) 'ml_retraining_pipeline' retrieved from /opt/airflow/dags/retraining.py
[2026-02-08T19:11:51.038+0000] {logging_mixin.py:188} INFO - [2026-02-08T19:11:51.037+0000] {dag.py:3096} INFO - Sync 1 DAGs
[2026-02-08T19:11:51.050+0000] {logging_mixin.py:188} INFO - [2026-02-08T19:11:51.050+0000] {dag.py:3954} INFO - Setting next_dagrun for ml_retraining_pipeline to None, run_after=None
[2026-02-08T19:11:51.075+0000] {processor.py:183} INFO - Processing /opt/airflow/dags/retraining.py took 2.626 seconds
[2026-02-08T19:12:21.424+0000] {processor.py:161} INFO - Started process (PID=2675) to work on /opt/airflow/dags/retraining.py
[2026-02-08T19:12:21.426+0000] {processor.py:830} INFO - Processing file /opt/airflow/dags/retraining.py for tasks to queue
[2026-02-08T19:12:21.429+0000] {logging_mixin.py:188} INFO - [2026-02-08T19:12:21.428+0000] {dagbag.py:540} INFO - Filling up the DagBag from /opt/airflow/dags/retraining.py
[2026-02-08T19:12:23.893+0000] {logging_mixin.py:188} INFO - Added path to: /opt/airflow/src/utils
[2026-02-08T19:12:23.900+0000] {processor.py:840} INFO - DAG(s) 'ml_retraining_pipeline' retrieved from /opt/airflow/dags/retraining.py
[2026-02-08T19:12:23.924+0000] {logging_mixin.py:188} INFO - [2026-02-08T19:12:23.924+0000] {dag.py:3096} INFO - Sync 1 DAGs
[2026-02-08T19:12:23.936+0000] {logging_mixin.py:188} INFO - [2026-02-08T19:12:23.936+0000] {dag.py:3954} INFO - Setting next_dagrun for ml_retraining_pipeline to None, run_after=None
[2026-02-08T19:12:23.962+0000] {processor.py:183} INFO - Processing /opt/airflow/dags/retraining.py took 2.546 seconds
[2026-02-08T19:12:54.236+0000] {processor.py:161} INFO - Started process (PID=2692) to work on /opt/airflow/dags/retraining.py
[2026-02-08T19:12:54.238+0000] {processor.py:830} INFO - Processing file /opt/airflow/dags/retraining.py for tasks to queue
[2026-02-08T19:12:54.241+0000] {logging_mixin.py:188} INFO - [2026-02-08T19:12:54.240+0000] {dagbag.py:540} INFO - Filling up the DagBag from /opt/airflow/dags/retraining.py
[2026-02-08T19:12:57.146+0000] {logging_mixin.py:188} INFO - Added path to: /opt/airflow/src/utils
[2026-02-08T19:12:57.159+0000] {processor.py:840} INFO - DAG(s) 'ml_retraining_pipeline' retrieved from /opt/airflow/dags/retraining.py
[2026-02-08T19:12:57.194+0000] {logging_mixin.py:188} INFO - [2026-02-08T19:12:57.193+0000] {dag.py:3096} INFO - Sync 1 DAGs
[2026-02-08T19:12:57.208+0000] {logging_mixin.py:188} INFO - [2026-02-08T19:12:57.207+0000] {dag.py:3954} INFO - Setting next_dagrun for ml_retraining_pipeline to None, run_after=None
[2026-02-08T19:12:57.236+0000] {processor.py:183} INFO - Processing /opt/airflow/dags/retraining.py took 3.010 seconds
[2026-02-08T19:13:27.515+0000] {processor.py:161} INFO - Started process (PID=2709) to work on /opt/airflow/dags/retraining.py
[2026-02-08T19:13:27.517+0000] {processor.py:830} INFO - Processing file /opt/airflow/dags/retraining.py for tasks to queue
[2026-02-08T19:13:27.520+0000] {logging_mixin.py:188} INFO - [2026-02-08T19:13:27.519+0000] {dagbag.py:540} INFO - Filling up the DagBag from /opt/airflow/dags/retraining.py
[2026-02-08T19:13:30.354+0000] {logging_mixin.py:188} INFO - Added path to: /opt/airflow/src/utils
[2026-02-08T19:13:30.362+0000] {processor.py:840} INFO - DAG(s) 'ml_retraining_pipeline' retrieved from /opt/airflow/dags/retraining.py
[2026-02-08T19:13:30.388+0000] {logging_mixin.py:188} INFO - [2026-02-08T19:13:30.388+0000] {dag.py:3096} INFO - Sync 1 DAGs
[2026-02-08T19:13:30.401+0000] {logging_mixin.py:188} INFO - [2026-02-08T19:13:30.400+0000] {dag.py:3954} INFO - Setting next_dagrun for ml_retraining_pipeline to None, run_after=None
[2026-02-08T19:13:30.428+0000] {processor.py:183} INFO - Processing /opt/airflow/dags/retraining.py took 2.923 seconds
[2026-02-08T19:14:00.754+0000] {processor.py:161} INFO - Started process (PID=2727) to work on /opt/airflow/dags/retraining.py
[2026-02-08T19:14:00.755+0000] {processor.py:830} INFO - Processing file /opt/airflow/dags/retraining.py for tasks to queue
[2026-02-08T19:14:00.758+0000] {logging_mixin.py:188} INFO - [2026-02-08T19:14:00.758+0000] {dagbag.py:540} INFO - Filling up the DagBag from /opt/airflow/dags/retraining.py
[2026-02-08T19:14:03.374+0000] {logging_mixin.py:188} INFO - Added path to: /opt/airflow/src/utils
[2026-02-08T19:14:03.384+0000] {processor.py:840} INFO - DAG(s) 'ml_retraining_pipeline' retrieved from /opt/airflow/dags/retraining.py
[2026-02-08T19:14:03.415+0000] {logging_mixin.py:188} INFO - [2026-02-08T19:14:03.414+0000] {dag.py:3096} INFO - Sync 1 DAGs
[2026-02-08T19:14:03.429+0000] {logging_mixin.py:188} INFO - [2026-02-08T19:14:03.429+0000] {dag.py:3954} INFO - Setting next_dagrun for ml_retraining_pipeline to None, run_after=None
[2026-02-08T19:14:03.459+0000] {processor.py:183} INFO - Processing /opt/airflow/dags/retraining.py took 2.714 seconds
[2026-02-08T19:14:33.859+0000] {processor.py:161} INFO - Started process (PID=2744) to work on /opt/airflow/dags/retraining.py
[2026-02-08T19:14:33.860+0000] {processor.py:830} INFO - Processing file /opt/airflow/dags/retraining.py for tasks to queue
[2026-02-08T19:14:33.864+0000] {logging_mixin.py:188} INFO - [2026-02-08T19:14:33.863+0000] {dagbag.py:540} INFO - Filling up the DagBag from /opt/airflow/dags/retraining.py
[2026-02-08T19:14:36.545+0000] {logging_mixin.py:188} INFO - Added path to: /opt/airflow/src/utils
[2026-02-08T19:14:36.558+0000] {processor.py:840} INFO - DAG(s) 'ml_retraining_pipeline' retrieved from /opt/airflow/dags/retraining.py
[2026-02-08T19:14:36.635+0000] {logging_mixin.py:188} INFO - [2026-02-08T19:14:36.632+0000] {dag.py:3096} INFO - Sync 1 DAGs
[2026-02-08T19:14:36.676+0000] {logging_mixin.py:188} INFO - [2026-02-08T19:14:36.676+0000] {dag.py:3954} INFO - Setting next_dagrun for ml_retraining_pipeline to None, run_after=None
[2026-02-08T19:14:36.714+0000] {processor.py:183} INFO - Processing /opt/airflow/dags/retraining.py took 2.865 seconds
[2026-02-08T19:15:07.109+0000] {processor.py:161} INFO - Started process (PID=2762) to work on /opt/airflow/dags/retraining.py
[2026-02-08T19:15:07.111+0000] {processor.py:830} INFO - Processing file /opt/airflow/dags/retraining.py for tasks to queue
[2026-02-08T19:15:07.115+0000] {logging_mixin.py:188} INFO - [2026-02-08T19:15:07.114+0000] {dagbag.py:540} INFO - Filling up the DagBag from /opt/airflow/dags/retraining.py
[2026-02-08T19:15:10.134+0000] {logging_mixin.py:188} INFO - Added path to: /opt/airflow/src/utils
[2026-02-08T19:15:10.147+0000] {processor.py:840} INFO - DAG(s) 'ml_retraining_pipeline' retrieved from /opt/airflow/dags/retraining.py
[2026-02-08T19:15:10.185+0000] {logging_mixin.py:188} INFO - [2026-02-08T19:15:10.184+0000] {dag.py:3096} INFO - Sync 1 DAGs
[2026-02-08T19:15:10.209+0000] {logging_mixin.py:188} INFO - [2026-02-08T19:15:10.208+0000] {dag.py:3954} INFO - Setting next_dagrun for ml_retraining_pipeline to None, run_after=None
[2026-02-08T19:15:10.240+0000] {processor.py:183} INFO - Processing /opt/airflow/dags/retraining.py took 3.143 seconds
[2026-02-08T19:15:40.419+0000] {processor.py:161} INFO - Started process (PID=2779) to work on /opt/airflow/dags/retraining.py
[2026-02-08T19:15:40.421+0000] {processor.py:830} INFO - Processing file /opt/airflow/dags/retraining.py for tasks to queue
[2026-02-08T19:15:40.424+0000] {logging_mixin.py:188} INFO - [2026-02-08T19:15:40.423+0000] {dagbag.py:540} INFO - Filling up the DagBag from /opt/airflow/dags/retraining.py
[2026-02-08T19:15:43.564+0000] {logging_mixin.py:188} INFO - Added path to: /opt/airflow/src/utils
[2026-02-08T19:15:43.574+0000] {processor.py:840} INFO - DAG(s) 'ml_retraining_pipeline' retrieved from /opt/airflow/dags/retraining.py
[2026-02-08T19:15:43.612+0000] {logging_mixin.py:188} INFO - [2026-02-08T19:15:43.611+0000] {dag.py:3096} INFO - Sync 1 DAGs
[2026-02-08T19:15:43.627+0000] {logging_mixin.py:188} INFO - [2026-02-08T19:15:43.627+0000] {dag.py:3954} INFO - Setting next_dagrun for ml_retraining_pipeline to None, run_after=None
[2026-02-08T19:15:43.659+0000] {processor.py:183} INFO - Processing /opt/airflow/dags/retraining.py took 3.250 seconds
[2026-02-08T19:16:13.783+0000] {processor.py:161} INFO - Started process (PID=2796) to work on /opt/airflow/dags/retraining.py
[2026-02-08T19:16:13.785+0000] {processor.py:830} INFO - Processing file /opt/airflow/dags/retraining.py for tasks to queue
[2026-02-08T19:16:13.788+0000] {logging_mixin.py:188} INFO - [2026-02-08T19:16:13.788+0000] {dagbag.py:540} INFO - Filling up the DagBag from /opt/airflow/dags/retraining.py
[2026-02-08T19:16:16.240+0000] {logging_mixin.py:188} INFO - Added path to: /opt/airflow/src/utils
[2026-02-08T19:16:16.251+0000] {processor.py:840} INFO - DAG(s) 'ml_retraining_pipeline' retrieved from /opt/airflow/dags/retraining.py
[2026-02-08T19:16:16.280+0000] {logging_mixin.py:188} INFO - [2026-02-08T19:16:16.280+0000] {dag.py:3096} INFO - Sync 1 DAGs
[2026-02-08T19:16:16.293+0000] {logging_mixin.py:188} INFO - [2026-02-08T19:16:16.293+0000] {dag.py:3954} INFO - Setting next_dagrun for ml_retraining_pipeline to None, run_after=None
[2026-02-08T19:16:16.317+0000] {processor.py:183} INFO - Processing /opt/airflow/dags/retraining.py took 2.545 seconds
[2026-02-08T19:16:46.611+0000] {processor.py:161} INFO - Started process (PID=2819) to work on /opt/airflow/dags/retraining.py
[2026-02-08T19:16:46.612+0000] {processor.py:830} INFO - Processing file /opt/airflow/dags/retraining.py for tasks to queue
[2026-02-08T19:16:46.615+0000] {logging_mixin.py:188} INFO - [2026-02-08T19:16:46.615+0000] {dagbag.py:540} INFO - Filling up the DagBag from /opt/airflow/dags/retraining.py
[2026-02-08T19:16:49.721+0000] {logging_mixin.py:188} INFO - Added path to: /opt/airflow/src/utils
[2026-02-08T19:16:49.734+0000] {processor.py:840} INFO - DAG(s) 'ml_retraining_pipeline' retrieved from /opt/airflow/dags/retraining.py
[2026-02-08T19:16:49.767+0000] {logging_mixin.py:188} INFO - [2026-02-08T19:16:49.767+0000] {dag.py:3096} INFO - Sync 1 DAGs
[2026-02-08T19:16:49.784+0000] {logging_mixin.py:188} INFO - [2026-02-08T19:16:49.784+0000] {dag.py:3954} INFO - Setting next_dagrun for ml_retraining_pipeline to None, run_after=None
[2026-02-08T19:16:49.813+0000] {processor.py:183} INFO - Processing /opt/airflow/dags/retraining.py took 3.215 seconds
[2026-02-08T19:17:20.127+0000] {processor.py:161} INFO - Started process (PID=2835) to work on /opt/airflow/dags/retraining.py
[2026-02-08T19:17:20.139+0000] {processor.py:830} INFO - Processing file /opt/airflow/dags/retraining.py for tasks to queue
[2026-02-08T19:17:20.146+0000] {logging_mixin.py:188} INFO - [2026-02-08T19:17:20.145+0000] {dagbag.py:540} INFO - Filling up the DagBag from /opt/airflow/dags/retraining.py
[2026-02-08T19:17:23.250+0000] {logging_mixin.py:188} INFO - Added path to: /opt/airflow/src/utils
[2026-02-08T19:17:23.260+0000] {processor.py:840} INFO - DAG(s) 'ml_retraining_pipeline' retrieved from /opt/airflow/dags/retraining.py
[2026-02-08T19:17:23.300+0000] {logging_mixin.py:188} INFO - [2026-02-08T19:17:23.299+0000] {dag.py:3096} INFO - Sync 1 DAGs
[2026-02-08T19:17:23.316+0000] {logging_mixin.py:188} INFO - [2026-02-08T19:17:23.316+0000] {dag.py:3954} INFO - Setting next_dagrun for ml_retraining_pipeline to None, run_after=None
[2026-02-08T19:17:23.350+0000] {processor.py:183} INFO - Processing /opt/airflow/dags/retraining.py took 3.240 seconds
[2026-02-08T19:17:53.666+0000] {processor.py:161} INFO - Started process (PID=2853) to work on /opt/airflow/dags/retraining.py
[2026-02-08T19:17:53.668+0000] {processor.py:830} INFO - Processing file /opt/airflow/dags/retraining.py for tasks to queue
[2026-02-08T19:17:53.673+0000] {logging_mixin.py:188} INFO - [2026-02-08T19:17:53.672+0000] {dagbag.py:540} INFO - Filling up the DagBag from /opt/airflow/dags/retraining.py
[2026-02-08T19:17:56.692+0000] {logging_mixin.py:188} INFO - Added path to: /opt/airflow/src/utils
[2026-02-08T19:17:56.705+0000] {processor.py:840} INFO - DAG(s) 'ml_retraining_pipeline' retrieved from /opt/airflow/dags/retraining.py
[2026-02-08T19:17:56.743+0000] {logging_mixin.py:188} INFO - [2026-02-08T19:17:56.742+0000] {dag.py:3096} INFO - Sync 1 DAGs
[2026-02-08T19:17:56.760+0000] {logging_mixin.py:188} INFO - [2026-02-08T19:17:56.759+0000] {dag.py:3954} INFO - Setting next_dagrun for ml_retraining_pipeline to None, run_after=None
[2026-02-08T19:17:56.795+0000] {processor.py:183} INFO - Processing /opt/airflow/dags/retraining.py took 3.145 seconds
[2026-02-08T19:18:26.970+0000] {processor.py:161} INFO - Started process (PID=2870) to work on /opt/airflow/dags/retraining.py
[2026-02-08T19:18:26.972+0000] {processor.py:830} INFO - Processing file /opt/airflow/dags/retraining.py for tasks to queue
[2026-02-08T19:18:26.974+0000] {logging_mixin.py:188} INFO - [2026-02-08T19:18:26.974+0000] {dagbag.py:540} INFO - Filling up the DagBag from /opt/airflow/dags/retraining.py
[2026-02-08T19:18:29.338+0000] {logging_mixin.py:188} INFO - Added path to: /opt/airflow/src/utils
[2026-02-08T19:18:29.350+0000] {processor.py:840} INFO - DAG(s) 'ml_retraining_pipeline' retrieved from /opt/airflow/dags/retraining.py
[2026-02-08T19:18:29.385+0000] {logging_mixin.py:188} INFO - [2026-02-08T19:18:29.384+0000] {dag.py:3096} INFO - Sync 1 DAGs
[2026-02-08T19:18:29.396+0000] {logging_mixin.py:188} INFO - [2026-02-08T19:18:29.396+0000] {dag.py:3954} INFO - Setting next_dagrun for ml_retraining_pipeline to None, run_after=None
[2026-02-08T19:18:29.425+0000] {processor.py:183} INFO - Processing /opt/airflow/dags/retraining.py took 2.464 seconds
[2026-02-08T19:18:59.700+0000] {processor.py:161} INFO - Started process (PID=2887) to work on /opt/airflow/dags/retraining.py
[2026-02-08T19:18:59.701+0000] {processor.py:830} INFO - Processing file /opt/airflow/dags/retraining.py for tasks to queue
[2026-02-08T19:18:59.705+0000] {logging_mixin.py:188} INFO - [2026-02-08T19:18:59.704+0000] {dagbag.py:540} INFO - Filling up the DagBag from /opt/airflow/dags/retraining.py
[2026-02-08T19:19:02.200+0000] {logging_mixin.py:188} INFO - Added path to: /opt/airflow/src/utils
[2026-02-08T19:19:02.208+0000] {processor.py:840} INFO - DAG(s) 'ml_retraining_pipeline' retrieved from /opt/airflow/dags/retraining.py
[2026-02-08T19:19:02.239+0000] {logging_mixin.py:188} INFO - [2026-02-08T19:19:02.238+0000] {dag.py:3096} INFO - Sync 1 DAGs
[2026-02-08T19:19:02.249+0000] {logging_mixin.py:188} INFO - [2026-02-08T19:19:02.249+0000] {dag.py:3954} INFO - Setting next_dagrun for ml_retraining_pipeline to None, run_after=None
[2026-02-08T19:19:02.273+0000] {processor.py:183} INFO - Processing /opt/airflow/dags/retraining.py took 2.585 seconds
[2026-02-08T19:19:32.587+0000] {processor.py:161} INFO - Started process (PID=2904) to work on /opt/airflow/dags/retraining.py
[2026-02-08T19:19:32.589+0000] {processor.py:830} INFO - Processing file /opt/airflow/dags/retraining.py for tasks to queue
[2026-02-08T19:19:32.591+0000] {logging_mixin.py:188} INFO - [2026-02-08T19:19:32.591+0000] {dagbag.py:540} INFO - Filling up the DagBag from /opt/airflow/dags/retraining.py
[2026-02-08T19:19:35.512+0000] {logging_mixin.py:188} INFO - Added path to: /opt/airflow/src/utils
[2026-02-08T19:19:35.520+0000] {processor.py:840} INFO - DAG(s) 'ml_retraining_pipeline' retrieved from /opt/airflow/dags/retraining.py
[2026-02-08T19:19:35.546+0000] {logging_mixin.py:188} INFO - [2026-02-08T19:19:35.545+0000] {dag.py:3096} INFO - Sync 1 DAGs
[2026-02-08T19:19:35.558+0000] {logging_mixin.py:188} INFO - [2026-02-08T19:19:35.558+0000] {dag.py:3954} INFO - Setting next_dagrun for ml_retraining_pipeline to None, run_after=None
[2026-02-08T19:19:35.584+0000] {processor.py:183} INFO - Processing /opt/airflow/dags/retraining.py took 3.006 seconds
[2026-02-08T19:20:06.000+0000] {processor.py:161} INFO - Started process (PID=2921) to work on /opt/airflow/dags/retraining.py
[2026-02-08T19:20:06.001+0000] {processor.py:830} INFO - Processing file /opt/airflow/dags/retraining.py for tasks to queue
[2026-02-08T19:20:06.003+0000] {logging_mixin.py:188} INFO - [2026-02-08T19:20:06.003+0000] {dagbag.py:540} INFO - Filling up the DagBag from /opt/airflow/dags/retraining.py
[2026-02-08T19:20:09.095+0000] {logging_mixin.py:188} INFO - Added path to: /opt/airflow/src/utils
[2026-02-08T19:20:09.107+0000] {processor.py:840} INFO - DAG(s) 'ml_retraining_pipeline' retrieved from /opt/airflow/dags/retraining.py
[2026-02-08T19:20:09.144+0000] {logging_mixin.py:188} INFO - [2026-02-08T19:20:09.144+0000] {dag.py:3096} INFO - Sync 1 DAGs
[2026-02-08T19:20:09.160+0000] {logging_mixin.py:188} INFO - [2026-02-08T19:20:09.160+0000] {dag.py:3954} INFO - Setting next_dagrun for ml_retraining_pipeline to None, run_after=None
[2026-02-08T19:20:09.195+0000] {processor.py:183} INFO - Processing /opt/airflow/dags/retraining.py took 3.205 seconds
[2026-02-08T19:20:39.303+0000] {processor.py:161} INFO - Started process (PID=2938) to work on /opt/airflow/dags/retraining.py
[2026-02-08T19:20:39.305+0000] {processor.py:830} INFO - Processing file /opt/airflow/dags/retraining.py for tasks to queue
[2026-02-08T19:20:39.308+0000] {logging_mixin.py:188} INFO - [2026-02-08T19:20:39.307+0000] {dagbag.py:540} INFO - Filling up the DagBag from /opt/airflow/dags/retraining.py
[2026-02-08T19:20:41.995+0000] {logging_mixin.py:188} INFO - Added path to: /opt/airflow/src/utils
[2026-02-08T19:20:42.006+0000] {processor.py:840} INFO - DAG(s) 'ml_retraining_pipeline' retrieved from /opt/airflow/dags/retraining.py
[2026-02-08T19:20:42.033+0000] {logging_mixin.py:188} INFO - [2026-02-08T19:20:42.032+0000] {dag.py:3096} INFO - Sync 1 DAGs
[2026-02-08T19:20:42.047+0000] {logging_mixin.py:188} INFO - [2026-02-08T19:20:42.047+0000] {dag.py:3954} INFO - Setting next_dagrun for ml_retraining_pipeline to None, run_after=None
[2026-02-08T19:20:42.071+0000] {processor.py:183} INFO - Processing /opt/airflow/dags/retraining.py took 2.778 seconds
[2026-02-08T19:21:12.428+0000] {processor.py:161} INFO - Started process (PID=2955) to work on /opt/airflow/dags/retraining.py
[2026-02-08T19:21:12.430+0000] {processor.py:830} INFO - Processing file /opt/airflow/dags/retraining.py for tasks to queue
[2026-02-08T19:21:12.434+0000] {logging_mixin.py:188} INFO - [2026-02-08T19:21:12.433+0000] {dagbag.py:540} INFO - Filling up the DagBag from /opt/airflow/dags/retraining.py
[2026-02-08T19:21:15.327+0000] {logging_mixin.py:188} INFO - Added path to: /opt/airflow/src/utils
[2026-02-08T19:21:15.337+0000] {processor.py:840} INFO - DAG(s) 'ml_retraining_pipeline' retrieved from /opt/airflow/dags/retraining.py
[2026-02-08T19:21:15.368+0000] {logging_mixin.py:188} INFO - [2026-02-08T19:21:15.367+0000] {dag.py:3096} INFO - Sync 1 DAGs
[2026-02-08T19:21:15.381+0000] {logging_mixin.py:188} INFO - [2026-02-08T19:21:15.381+0000] {dag.py:3954} INFO - Setting next_dagrun for ml_retraining_pipeline to None, run_after=None
[2026-02-08T19:21:15.410+0000] {processor.py:183} INFO - Processing /opt/airflow/dags/retraining.py took 2.994 seconds
[2026-02-08T19:21:45.720+0000] {processor.py:161} INFO - Started process (PID=2978) to work on /opt/airflow/dags/retraining.py
[2026-02-08T19:21:45.722+0000] {processor.py:830} INFO - Processing file /opt/airflow/dags/retraining.py for tasks to queue
[2026-02-08T19:21:45.725+0000] {logging_mixin.py:188} INFO - [2026-02-08T19:21:45.725+0000] {dagbag.py:540} INFO - Filling up the DagBag from /opt/airflow/dags/retraining.py
[2026-02-08T19:21:49.197+0000] {logging_mixin.py:188} INFO - Added path to: /opt/airflow/src/utils
[2026-02-08T19:21:49.213+0000] {processor.py:840} INFO - DAG(s) 'ml_retraining_pipeline' retrieved from /opt/airflow/dags/retraining.py
[2026-02-08T19:21:49.272+0000] {logging_mixin.py:188} INFO - [2026-02-08T19:21:49.271+0000] {dag.py:3096} INFO - Sync 1 DAGs
[2026-02-08T19:21:49.317+0000] {logging_mixin.py:188} INFO - [2026-02-08T19:21:49.317+0000] {dag.py:3954} INFO - Setting next_dagrun for ml_retraining_pipeline to None, run_after=None
[2026-02-08T19:21:49.360+0000] {processor.py:183} INFO - Processing /opt/airflow/dags/retraining.py took 3.651 seconds
[2026-02-08T19:22:19.659+0000] {processor.py:161} INFO - Started process (PID=2995) to work on /opt/airflow/dags/retraining.py
[2026-02-08T19:22:19.661+0000] {processor.py:830} INFO - Processing file /opt/airflow/dags/retraining.py for tasks to queue
[2026-02-08T19:22:19.664+0000] {logging_mixin.py:188} INFO - [2026-02-08T19:22:19.664+0000] {dagbag.py:540} INFO - Filling up the DagBag from /opt/airflow/dags/retraining.py
[2026-02-08T19:22:22.732+0000] {logging_mixin.py:188} INFO - Added path to: /opt/airflow/src/utils
[2026-02-08T19:22:22.741+0000] {processor.py:840} INFO - DAG(s) 'ml_retraining_pipeline' retrieved from /opt/airflow/dags/retraining.py
[2026-02-08T19:22:22.766+0000] {logging_mixin.py:188} INFO - [2026-02-08T19:22:22.766+0000] {dag.py:3096} INFO - Sync 1 DAGs
[2026-02-08T19:22:22.780+0000] {logging_mixin.py:188} INFO - [2026-02-08T19:22:22.780+0000] {dag.py:3954} INFO - Setting next_dagrun for ml_retraining_pipeline to None, run_after=None
[2026-02-08T19:22:22.805+0000] {processor.py:183} INFO - Processing /opt/airflow/dags/retraining.py took 3.155 seconds
[2026-02-08T19:22:53.227+0000] {processor.py:161} INFO - Started process (PID=3012) to work on /opt/airflow/dags/retraining.py
[2026-02-08T19:22:53.232+0000] {processor.py:830} INFO - Processing file /opt/airflow/dags/retraining.py for tasks to queue
[2026-02-08T19:22:53.242+0000] {logging_mixin.py:188} INFO - [2026-02-08T19:22:53.240+0000] {dagbag.py:540} INFO - Filling up the DagBag from /opt/airflow/dags/retraining.py
[2026-02-08T19:23:00.259+0000] {logging_mixin.py:188} INFO - Added path to: /opt/airflow/src/utils
[2026-02-08T19:23:00.278+0000] {processor.py:840} INFO - DAG(s) 'ml_retraining_pipeline' retrieved from /opt/airflow/dags/retraining.py
[2026-02-08T19:23:00.338+0000] {logging_mixin.py:188} INFO - [2026-02-08T19:23:00.337+0000] {dag.py:3096} INFO - Sync 1 DAGs
[2026-02-08T19:23:00.363+0000] {logging_mixin.py:188} INFO - [2026-02-08T19:23:00.363+0000] {dag.py:3954} INFO - Setting next_dagrun for ml_retraining_pipeline to None, run_after=None
[2026-02-08T19:23:00.395+0000] {processor.py:183} INFO - Processing /opt/airflow/dags/retraining.py took 7.198 seconds
[2026-02-08T19:23:30.850+0000] {processor.py:161} INFO - Started process (PID=3029) to work on /opt/airflow/dags/retraining.py
[2026-02-08T19:23:30.853+0000] {processor.py:830} INFO - Processing file /opt/airflow/dags/retraining.py for tasks to queue
[2026-02-08T19:23:30.859+0000] {logging_mixin.py:188} INFO - [2026-02-08T19:23:30.858+0000] {dagbag.py:540} INFO - Filling up the DagBag from /opt/airflow/dags/retraining.py
[2026-02-08T19:23:36.358+0000] {logging_mixin.py:188} INFO - Added path to: /opt/airflow/src/utils
[2026-02-08T19:23:36.384+0000] {processor.py:840} INFO - DAG(s) 'ml_retraining_pipeline' retrieved from /opt/airflow/dags/retraining.py
[2026-02-08T19:23:36.426+0000] {logging_mixin.py:188} INFO - [2026-02-08T19:23:36.426+0000] {dag.py:3096} INFO - Sync 1 DAGs
[2026-02-08T19:23:36.439+0000] {logging_mixin.py:188} INFO - [2026-02-08T19:23:36.438+0000] {dag.py:3954} INFO - Setting next_dagrun for ml_retraining_pipeline to None, run_after=None
[2026-02-08T19:23:36.472+0000] {processor.py:183} INFO - Processing /opt/airflow/dags/retraining.py took 5.639 seconds
[2026-02-08T19:24:06.865+0000] {processor.py:161} INFO - Started process (PID=3046) to work on /opt/airflow/dags/retraining.py
[2026-02-08T19:24:06.872+0000] {processor.py:830} INFO - Processing file /opt/airflow/dags/retraining.py for tasks to queue
[2026-02-08T19:24:06.880+0000] {logging_mixin.py:188} INFO - [2026-02-08T19:24:06.879+0000] {dagbag.py:540} INFO - Filling up the DagBag from /opt/airflow/dags/retraining.py
[2026-02-08T19:24:11.776+0000] {logging_mixin.py:188} INFO - Added path to: /opt/airflow/src/utils
[2026-02-08T19:24:11.789+0000] {processor.py:840} INFO - DAG(s) 'ml_retraining_pipeline' retrieved from /opt/airflow/dags/retraining.py
[2026-02-08T19:24:11.836+0000] {logging_mixin.py:188} INFO - [2026-02-08T19:24:11.835+0000] {dag.py:3096} INFO - Sync 1 DAGs
[2026-02-08T19:24:11.852+0000] {logging_mixin.py:188} INFO - [2026-02-08T19:24:11.852+0000] {dag.py:3954} INFO - Setting next_dagrun for ml_retraining_pipeline to None, run_after=None
[2026-02-08T19:24:11.880+0000] {processor.py:183} INFO - Processing /opt/airflow/dags/retraining.py took 5.050 seconds
[2026-02-08T19:24:42.215+0000] {processor.py:161} INFO - Started process (PID=3063) to work on /opt/airflow/dags/retraining.py
[2026-02-08T19:24:42.218+0000] {processor.py:830} INFO - Processing file /opt/airflow/dags/retraining.py for tasks to queue
[2026-02-08T19:24:42.223+0000] {logging_mixin.py:188} INFO - [2026-02-08T19:24:42.222+0000] {dagbag.py:540} INFO - Filling up the DagBag from /opt/airflow/dags/retraining.py
[2026-02-08T19:24:47.004+0000] {logging_mixin.py:188} INFO - Added path to: /opt/airflow/src/utils
[2026-02-08T19:24:47.019+0000] {processor.py:840} INFO - DAG(s) 'ml_retraining_pipeline' retrieved from /opt/airflow/dags/retraining.py
[2026-02-08T19:24:47.085+0000] {logging_mixin.py:188} INFO - [2026-02-08T19:24:47.084+0000] {dag.py:3096} INFO - Sync 1 DAGs
[2026-02-08T19:24:47.110+0000] {logging_mixin.py:188} INFO - [2026-02-08T19:24:47.110+0000] {dag.py:3954} INFO - Setting next_dagrun for ml_retraining_pipeline to None, run_after=None
[2026-02-08T19:24:47.146+0000] {processor.py:183} INFO - Processing /opt/airflow/dags/retraining.py took 4.950 seconds
[2026-02-08T19:25:17.590+0000] {processor.py:161} INFO - Started process (PID=3086) to work on /opt/airflow/dags/retraining.py
[2026-02-08T19:25:17.592+0000] {processor.py:830} INFO - Processing file /opt/airflow/dags/retraining.py for tasks to queue
[2026-02-08T19:25:17.597+0000] {logging_mixin.py:188} INFO - [2026-02-08T19:25:17.596+0000] {dagbag.py:540} INFO - Filling up the DagBag from /opt/airflow/dags/retraining.py
[2026-02-08T19:25:22.207+0000] {logging_mixin.py:188} INFO - Added path to: /opt/airflow/src/utils
[2026-02-08T19:25:22.220+0000] {processor.py:840} INFO - DAG(s) 'ml_retraining_pipeline' retrieved from /opt/airflow/dags/retraining.py
[2026-02-08T19:25:22.319+0000] {logging_mixin.py:188} INFO - [2026-02-08T19:25:22.318+0000] {dag.py:3096} INFO - Sync 1 DAGs
[2026-02-08T19:25:22.363+0000] {logging_mixin.py:188} INFO - [2026-02-08T19:25:22.362+0000] {dag.py:3954} INFO - Setting next_dagrun for ml_retraining_pipeline to None, run_after=None
[2026-02-08T19:25:22.434+0000] {processor.py:183} INFO - Processing /opt/airflow/dags/retraining.py took 4.860 seconds
[2026-02-08T19:25:52.838+0000] {processor.py:161} INFO - Started process (PID=3103) to work on /opt/airflow/dags/retraining.py
[2026-02-08T19:25:52.840+0000] {processor.py:830} INFO - Processing file /opt/airflow/dags/retraining.py for tasks to queue
[2026-02-08T19:25:52.843+0000] {logging_mixin.py:188} INFO - [2026-02-08T19:25:52.843+0000] {dagbag.py:540} INFO - Filling up the DagBag from /opt/airflow/dags/retraining.py
[2026-02-08T19:25:56.932+0000] {logging_mixin.py:188} INFO - Added path to: /opt/airflow/src/utils
[2026-02-08T19:25:56.947+0000] {processor.py:840} INFO - DAG(s) 'ml_retraining_pipeline' retrieved from /opt/airflow/dags/retraining.py
[2026-02-08T19:25:57.024+0000] {logging_mixin.py:188} INFO - [2026-02-08T19:25:57.023+0000] {dag.py:3096} INFO - Sync 1 DAGs
[2026-02-08T19:25:57.091+0000] {logging_mixin.py:188} INFO - [2026-02-08T19:25:57.090+0000] {dag.py:3954} INFO - Setting next_dagrun for ml_retraining_pipeline to None, run_after=None
[2026-02-08T19:25:57.190+0000] {processor.py:183} INFO - Processing /opt/airflow/dags/retraining.py took 4.367 seconds
[2026-02-08T19:26:27.590+0000] {processor.py:161} INFO - Started process (PID=3120) to work on /opt/airflow/dags/retraining.py
[2026-02-08T19:26:27.592+0000] {processor.py:830} INFO - Processing file /opt/airflow/dags/retraining.py for tasks to queue
[2026-02-08T19:26:27.599+0000] {logging_mixin.py:188} INFO - [2026-02-08T19:26:27.597+0000] {dagbag.py:540} INFO - Filling up the DagBag from /opt/airflow/dags/retraining.py
[2026-02-08T19:26:32.620+0000] {logging_mixin.py:188} INFO - Added path to: /opt/airflow/src/utils
[2026-02-08T19:26:32.634+0000] {processor.py:840} INFO - DAG(s) 'ml_retraining_pipeline' retrieved from /opt/airflow/dags/retraining.py
[2026-02-08T19:26:32.682+0000] {logging_mixin.py:188} INFO - [2026-02-08T19:26:32.681+0000] {dag.py:3096} INFO - Sync 1 DAGs
[2026-02-08T19:26:32.704+0000] {logging_mixin.py:188} INFO - [2026-02-08T19:26:32.703+0000] {dag.py:3954} INFO - Setting next_dagrun for ml_retraining_pipeline to None, run_after=None
[2026-02-08T19:26:32.743+0000] {processor.py:183} INFO - Processing /opt/airflow/dags/retraining.py took 5.167 seconds
[2026-02-08T19:27:02.924+0000] {processor.py:161} INFO - Started process (PID=3137) to work on /opt/airflow/dags/retraining.py
[2026-02-08T19:27:02.925+0000] {processor.py:830} INFO - Processing file /opt/airflow/dags/retraining.py for tasks to queue
[2026-02-08T19:27:02.931+0000] {logging_mixin.py:188} INFO - [2026-02-08T19:27:02.930+0000] {dagbag.py:540} INFO - Filling up the DagBag from /opt/airflow/dags/retraining.py
[2026-02-08T19:27:07.473+0000] {logging_mixin.py:188} INFO - Added path to: /opt/airflow/src/utils
[2026-02-08T19:27:07.488+0000] {processor.py:840} INFO - DAG(s) 'ml_retraining_pipeline' retrieved from /opt/airflow/dags/retraining.py
[2026-02-08T19:27:07.525+0000] {logging_mixin.py:188} INFO - [2026-02-08T19:27:07.525+0000] {dag.py:3096} INFO - Sync 1 DAGs
[2026-02-08T19:27:07.542+0000] {logging_mixin.py:188} INFO - [2026-02-08T19:27:07.542+0000] {dag.py:3954} INFO - Setting next_dagrun for ml_retraining_pipeline to None, run_after=None
[2026-02-08T19:27:07.578+0000] {processor.py:183} INFO - Processing /opt/airflow/dags/retraining.py took 4.673 seconds
[2026-02-08T19:27:37.934+0000] {processor.py:161} INFO - Started process (PID=3153) to work on /opt/airflow/dags/retraining.py
[2026-02-08T19:27:37.936+0000] {processor.py:830} INFO - Processing file /opt/airflow/dags/retraining.py for tasks to queue
[2026-02-08T19:27:37.939+0000] {logging_mixin.py:188} INFO - [2026-02-08T19:27:37.939+0000] {dagbag.py:540} INFO - Filling up the DagBag from /opt/airflow/dags/retraining.py
[2026-02-08T19:27:42.238+0000] {logging_mixin.py:188} INFO - Added path to: /opt/airflow/src/utils
[2026-02-08T19:27:42.250+0000] {processor.py:840} INFO - DAG(s) 'ml_retraining_pipeline' retrieved from /opt/airflow/dags/retraining.py
[2026-02-08T19:27:42.286+0000] {logging_mixin.py:188} INFO - [2026-02-08T19:27:42.286+0000] {dag.py:3096} INFO - Sync 1 DAGs
[2026-02-08T19:27:42.305+0000] {logging_mixin.py:188} INFO - [2026-02-08T19:27:42.305+0000] {dag.py:3954} INFO - Setting next_dagrun for ml_retraining_pipeline to None, run_after=None
[2026-02-08T19:27:42.337+0000] {processor.py:183} INFO - Processing /opt/airflow/dags/retraining.py took 4.414 seconds
[2026-02-08T19:28:13.001+0000] {processor.py:161} INFO - Started process (PID=3171) to work on /opt/airflow/dags/retraining.py
[2026-02-08T19:28:13.003+0000] {processor.py:830} INFO - Processing file /opt/airflow/dags/retraining.py for tasks to queue
[2026-02-08T19:28:13.008+0000] {logging_mixin.py:188} INFO - [2026-02-08T19:28:13.008+0000] {dagbag.py:540} INFO - Filling up the DagBag from /opt/airflow/dags/retraining.py
[2026-02-08T19:28:20.641+0000] {logging_mixin.py:188} INFO - Added path to: /opt/airflow/src/utils
[2026-02-08T19:28:20.674+0000] {processor.py:840} INFO - DAG(s) 'ml_retraining_pipeline' retrieved from /opt/airflow/dags/retraining.py
[2026-02-08T19:28:20.802+0000] {logging_mixin.py:188} INFO - [2026-02-08T19:28:20.800+0000] {dag.py:3096} INFO - Sync 1 DAGs
[2026-02-08T19:28:20.842+0000] {logging_mixin.py:188} INFO - [2026-02-08T19:28:20.842+0000] {dag.py:3954} INFO - Setting next_dagrun for ml_retraining_pipeline to None, run_after=None
[2026-02-08T19:28:20.910+0000] {processor.py:183} INFO - Processing /opt/airflow/dags/retraining.py took 7.933 seconds
[2026-02-08T19:28:51.410+0000] {processor.py:161} INFO - Started process (PID=3195) to work on /opt/airflow/dags/retraining.py
[2026-02-08T19:28:51.412+0000] {processor.py:830} INFO - Processing file /opt/airflow/dags/retraining.py for tasks to queue
[2026-02-08T19:28:51.416+0000] {logging_mixin.py:188} INFO - [2026-02-08T19:28:51.415+0000] {dagbag.py:540} INFO - Filling up the DagBag from /opt/airflow/dags/retraining.py
[2026-02-08T19:28:58.254+0000] {logging_mixin.py:188} INFO - Added path to: /opt/airflow/src/utils
[2026-02-08T19:28:58.269+0000] {processor.py:840} INFO - DAG(s) 'ml_retraining_pipeline' retrieved from /opt/airflow/dags/retraining.py
[2026-02-08T19:28:58.320+0000] {logging_mixin.py:188} INFO - [2026-02-08T19:28:58.318+0000] {dag.py:3096} INFO - Sync 1 DAGs
[2026-02-08T19:28:58.373+0000] {logging_mixin.py:188} INFO - [2026-02-08T19:28:58.371+0000] {dag.py:3954} INFO - Setting next_dagrun for ml_retraining_pipeline to None, run_after=None
[2026-02-08T19:28:58.423+0000] {processor.py:183} INFO - Processing /opt/airflow/dags/retraining.py took 7.034 seconds
[2026-02-08T19:29:28.860+0000] {processor.py:161} INFO - Started process (PID=3212) to work on /opt/airflow/dags/retraining.py
[2026-02-08T19:29:28.866+0000] {processor.py:830} INFO - Processing file /opt/airflow/dags/retraining.py for tasks to queue
[2026-02-08T19:29:28.877+0000] {logging_mixin.py:188} INFO - [2026-02-08T19:29:28.875+0000] {dagbag.py:540} INFO - Filling up the DagBag from /opt/airflow/dags/retraining.py
[2026-02-08T19:29:35.585+0000] {logging_mixin.py:188} INFO - Added path to: /opt/airflow/src/utils
[2026-02-08T19:29:35.604+0000] {processor.py:840} INFO - DAG(s) 'ml_retraining_pipeline' retrieved from /opt/airflow/dags/retraining.py
[2026-02-08T19:29:35.680+0000] {logging_mixin.py:188} INFO - [2026-02-08T19:29:35.679+0000] {dag.py:3096} INFO - Sync 1 DAGs
[2026-02-08T19:29:35.872+0000] {logging_mixin.py:188} INFO - [2026-02-08T19:29:35.872+0000] {dag.py:3954} INFO - Setting next_dagrun for ml_retraining_pipeline to None, run_after=None
[2026-02-08T19:29:35.923+0000] {processor.py:183} INFO - Processing /opt/airflow/dags/retraining.py took 7.117 seconds
[2026-02-08T19:30:06.296+0000] {processor.py:161} INFO - Started process (PID=3229) to work on /opt/airflow/dags/retraining.py
[2026-02-08T19:30:06.297+0000] {processor.py:830} INFO - Processing file /opt/airflow/dags/retraining.py for tasks to queue
[2026-02-08T19:30:06.300+0000] {logging_mixin.py:188} INFO - [2026-02-08T19:30:06.300+0000] {dagbag.py:540} INFO - Filling up the DagBag from /opt/airflow/dags/retraining.py
[2026-02-08T19:30:11.925+0000] {logging_mixin.py:188} INFO - Added path to: /opt/airflow/src/utils
[2026-02-08T19:30:11.960+0000] {processor.py:840} INFO - DAG(s) 'ml_retraining_pipeline' retrieved from /opt/airflow/dags/retraining.py
[2026-02-08T19:30:12.083+0000] {logging_mixin.py:188} INFO - [2026-02-08T19:30:12.082+0000] {dag.py:3096} INFO - Sync 1 DAGs
[2026-02-08T19:30:12.129+0000] {logging_mixin.py:188} INFO - [2026-02-08T19:30:12.128+0000] {dag.py:3954} INFO - Setting next_dagrun for ml_retraining_pipeline to None, run_after=None
[2026-02-08T19:30:12.220+0000] {processor.py:183} INFO - Processing /opt/airflow/dags/retraining.py took 5.937 seconds
[2026-02-08T19:30:42.661+0000] {processor.py:161} INFO - Started process (PID=3247) to work on /opt/airflow/dags/retraining.py
[2026-02-08T19:30:42.664+0000] {processor.py:830} INFO - Processing file /opt/airflow/dags/retraining.py for tasks to queue
[2026-02-08T19:30:42.669+0000] {logging_mixin.py:188} INFO - [2026-02-08T19:30:42.668+0000] {dagbag.py:540} INFO - Filling up the DagBag from /opt/airflow/dags/retraining.py
[2026-02-08T19:30:48.848+0000] {logging_mixin.py:188} INFO - Added path to: /opt/airflow/src/utils
[2026-02-08T19:30:48.874+0000] {processor.py:840} INFO - DAG(s) 'ml_retraining_pipeline' retrieved from /opt/airflow/dags/retraining.py
[2026-02-08T19:30:48.929+0000] {logging_mixin.py:188} INFO - [2026-02-08T19:30:48.928+0000] {dag.py:3096} INFO - Sync 1 DAGs
[2026-02-08T19:30:48.959+0000] {logging_mixin.py:188} INFO - [2026-02-08T19:30:48.958+0000] {dag.py:3954} INFO - Setting next_dagrun for ml_retraining_pipeline to None, run_after=None
[2026-02-08T19:30:49.028+0000] {processor.py:183} INFO - Processing /opt/airflow/dags/retraining.py took 6.390 seconds
[2026-02-08T19:31:19.471+0000] {processor.py:161} INFO - Started process (PID=3270) to work on /opt/airflow/dags/retraining.py
[2026-02-08T19:31:19.474+0000] {processor.py:830} INFO - Processing file /opt/airflow/dags/retraining.py for tasks to queue
[2026-02-08T19:31:19.477+0000] {logging_mixin.py:188} INFO - [2026-02-08T19:31:19.477+0000] {dagbag.py:540} INFO - Filling up the DagBag from /opt/airflow/dags/retraining.py
[2026-02-08T19:31:24.848+0000] {logging_mixin.py:188} INFO - Added path to: /opt/airflow/src/utils
[2026-02-08T19:31:24.866+0000] {processor.py:840} INFO - DAG(s) 'ml_retraining_pipeline' retrieved from /opt/airflow/dags/retraining.py
[2026-02-08T19:31:24.953+0000] {logging_mixin.py:188} INFO - [2026-02-08T19:31:24.952+0000] {dag.py:3096} INFO - Sync 1 DAGs
[2026-02-08T19:31:24.991+0000] {logging_mixin.py:188} INFO - [2026-02-08T19:31:24.991+0000] {dag.py:3954} INFO - Setting next_dagrun for ml_retraining_pipeline to None, run_after=None
[2026-02-08T19:31:25.034+0000] {processor.py:183} INFO - Processing /opt/airflow/dags/retraining.py took 5.585 seconds
[2026-02-08T19:31:55.634+0000] {processor.py:161} INFO - Started process (PID=3288) to work on /opt/airflow/dags/retraining.py
[2026-02-08T19:31:55.637+0000] {processor.py:830} INFO - Processing file /opt/airflow/dags/retraining.py for tasks to queue
[2026-02-08T19:31:55.641+0000] {logging_mixin.py:188} INFO - [2026-02-08T19:31:55.640+0000] {dagbag.py:540} INFO - Filling up the DagBag from /opt/airflow/dags/retraining.py
[2026-02-08T19:32:01.028+0000] {logging_mixin.py:188} INFO - Added path to: /opt/airflow/src/utils
[2026-02-08T19:32:01.049+0000] {processor.py:840} INFO - DAG(s) 'ml_retraining_pipeline' retrieved from /opt/airflow/dags/retraining.py
[2026-02-08T19:32:01.127+0000] {logging_mixin.py:188} INFO - [2026-02-08T19:32:01.125+0000] {dag.py:3096} INFO - Sync 1 DAGs
[2026-02-08T19:32:01.179+0000] {logging_mixin.py:188} INFO - [2026-02-08T19:32:01.179+0000] {dag.py:3954} INFO - Setting next_dagrun for ml_retraining_pipeline to None, run_after=None
[2026-02-08T19:32:01.254+0000] {processor.py:183} INFO - Processing /opt/airflow/dags/retraining.py took 5.642 seconds
[2026-02-08T19:32:31.732+0000] {processor.py:161} INFO - Started process (PID=3305) to work on /opt/airflow/dags/retraining.py
[2026-02-08T19:32:31.734+0000] {processor.py:830} INFO - Processing file /opt/airflow/dags/retraining.py for tasks to queue
[2026-02-08T19:32:31.736+0000] {logging_mixin.py:188} INFO - [2026-02-08T19:32:31.736+0000] {dagbag.py:540} INFO - Filling up the DagBag from /opt/airflow/dags/retraining.py
[2026-02-08T19:32:37.832+0000] {logging_mixin.py:188} INFO - Added path to: /opt/airflow/src/utils
[2026-02-08T19:32:37.845+0000] {processor.py:840} INFO - DAG(s) 'ml_retraining_pipeline' retrieved from /opt/airflow/dags/retraining.py
[2026-02-08T19:32:37.890+0000] {logging_mixin.py:188} INFO - [2026-02-08T19:32:37.890+0000] {dag.py:3096} INFO - Sync 1 DAGs
[2026-02-08T19:32:37.906+0000] {logging_mixin.py:188} INFO - [2026-02-08T19:32:37.905+0000] {dag.py:3954} INFO - Setting next_dagrun for ml_retraining_pipeline to None, run_after=None
[2026-02-08T19:32:37.945+0000] {processor.py:183} INFO - Processing /opt/airflow/dags/retraining.py took 6.224 seconds
[2026-02-08T19:33:08.198+0000] {processor.py:161} INFO - Started process (PID=3322) to work on /opt/airflow/dags/retraining.py
[2026-02-08T19:33:08.200+0000] {processor.py:830} INFO - Processing file /opt/airflow/dags/retraining.py for tasks to queue
[2026-02-08T19:33:08.204+0000] {logging_mixin.py:188} INFO - [2026-02-08T19:33:08.203+0000] {dagbag.py:540} INFO - Filling up the DagBag from /opt/airflow/dags/retraining.py
[2026-02-08T19:33:11.721+0000] {logging_mixin.py:188} INFO - Added path to: /opt/airflow/src/utils
[2026-02-08T19:33:11.729+0000] {processor.py:840} INFO - DAG(s) 'ml_retraining_pipeline' retrieved from /opt/airflow/dags/retraining.py
[2026-02-08T19:33:11.756+0000] {logging_mixin.py:188} INFO - [2026-02-08T19:33:11.756+0000] {dag.py:3096} INFO - Sync 1 DAGs
[2026-02-08T19:33:11.768+0000] {logging_mixin.py:188} INFO - [2026-02-08T19:33:11.768+0000] {dag.py:3954} INFO - Setting next_dagrun for ml_retraining_pipeline to None, run_after=None
[2026-02-08T19:33:11.798+0000] {processor.py:183} INFO - Processing /opt/airflow/dags/retraining.py took 3.616 seconds
[2026-02-08T19:33:42.097+0000] {processor.py:161} INFO - Started process (PID=3339) to work on /opt/airflow/dags/retraining.py
[2026-02-08T19:33:42.099+0000] {processor.py:830} INFO - Processing file /opt/airflow/dags/retraining.py for tasks to queue
[2026-02-08T19:33:42.103+0000] {logging_mixin.py:188} INFO - [2026-02-08T19:33:42.102+0000] {dagbag.py:540} INFO - Filling up the DagBag from /opt/airflow/dags/retraining.py
[2026-02-08T19:33:45.316+0000] {logging_mixin.py:188} INFO - Added path to: /opt/airflow/src/utils
[2026-02-08T19:33:45.327+0000] {processor.py:840} INFO - DAG(s) 'ml_retraining_pipeline' retrieved from /opt/airflow/dags/retraining.py
[2026-02-08T19:33:45.355+0000] {logging_mixin.py:188} INFO - [2026-02-08T19:33:45.355+0000] {dag.py:3096} INFO - Sync 1 DAGs
[2026-02-08T19:33:45.372+0000] {logging_mixin.py:188} INFO - [2026-02-08T19:33:45.371+0000] {dag.py:3954} INFO - Setting next_dagrun for ml_retraining_pipeline to None, run_after=None
[2026-02-08T19:33:45.397+0000] {processor.py:183} INFO - Processing /opt/airflow/dags/retraining.py took 3.313 seconds
[2026-02-08T19:34:15.726+0000] {processor.py:161} INFO - Started process (PID=3356) to work on /opt/airflow/dags/retraining.py
[2026-02-08T19:34:15.728+0000] {processor.py:830} INFO - Processing file /opt/airflow/dags/retraining.py for tasks to queue
[2026-02-08T19:34:15.731+0000] {logging_mixin.py:188} INFO - [2026-02-08T19:34:15.730+0000] {dagbag.py:540} INFO - Filling up the DagBag from /opt/airflow/dags/retraining.py
[2026-02-08T19:34:19.497+0000] {logging_mixin.py:188} INFO - Added path to: /opt/airflow/src/utils
[2026-02-08T19:34:19.508+0000] {processor.py:840} INFO - DAG(s) 'ml_retraining_pipeline' retrieved from /opt/airflow/dags/retraining.py
[2026-02-08T19:34:19.550+0000] {logging_mixin.py:188} INFO - [2026-02-08T19:34:19.549+0000] {dag.py:3096} INFO - Sync 1 DAGs
[2026-02-08T19:34:19.572+0000] {logging_mixin.py:188} INFO - [2026-02-08T19:34:19.572+0000] {dag.py:3954} INFO - Setting next_dagrun for ml_retraining_pipeline to None, run_after=None
[2026-02-08T19:34:19.612+0000] {processor.py:183} INFO - Processing /opt/airflow/dags/retraining.py took 3.902 seconds
[2026-02-08T19:34:49.766+0000] {processor.py:161} INFO - Started process (PID=3379) to work on /opt/airflow/dags/retraining.py
[2026-02-08T19:34:49.768+0000] {processor.py:830} INFO - Processing file /opt/airflow/dags/retraining.py for tasks to queue
[2026-02-08T19:34:49.773+0000] {logging_mixin.py:188} INFO - [2026-02-08T19:34:49.773+0000] {dagbag.py:540} INFO - Filling up the DagBag from /opt/airflow/dags/retraining.py
[2026-02-08T19:34:53.228+0000] {logging_mixin.py:188} INFO - Added path to: /opt/airflow/src/utils
[2026-02-08T19:34:53.237+0000] {processor.py:840} INFO - DAG(s) 'ml_retraining_pipeline' retrieved from /opt/airflow/dags/retraining.py
[2026-02-08T19:34:53.264+0000] {logging_mixin.py:188} INFO - [2026-02-08T19:34:53.264+0000] {dag.py:3096} INFO - Sync 1 DAGs
[2026-02-08T19:34:53.277+0000] {logging_mixin.py:188} INFO - [2026-02-08T19:34:53.277+0000] {dag.py:3954} INFO - Setting next_dagrun for ml_retraining_pipeline to None, run_after=None
[2026-02-08T19:34:53.300+0000] {processor.py:183} INFO - Processing /opt/airflow/dags/retraining.py took 3.547 seconds
[2026-02-08T19:35:23.578+0000] {processor.py:161} INFO - Started process (PID=3397) to work on /opt/airflow/dags/retraining.py
[2026-02-08T19:35:23.579+0000] {processor.py:830} INFO - Processing file /opt/airflow/dags/retraining.py for tasks to queue
[2026-02-08T19:35:23.583+0000] {logging_mixin.py:188} INFO - [2026-02-08T19:35:23.582+0000] {dagbag.py:540} INFO - Filling up the DagBag from /opt/airflow/dags/retraining.py
[2026-02-08T19:35:26.348+0000] {logging_mixin.py:188} INFO - Added path to: /opt/airflow/src/utils
[2026-02-08T19:35:26.356+0000] {processor.py:840} INFO - DAG(s) 'ml_retraining_pipeline' retrieved from /opt/airflow/dags/retraining.py
[2026-02-08T19:35:26.381+0000] {logging_mixin.py:188} INFO - [2026-02-08T19:35:26.380+0000] {dag.py:3096} INFO - Sync 1 DAGs
[2026-02-08T19:35:26.393+0000] {logging_mixin.py:188} INFO - [2026-02-08T19:35:26.393+0000] {dag.py:3954} INFO - Setting next_dagrun for ml_retraining_pipeline to None, run_after=None
[2026-02-08T19:35:26.417+0000] {processor.py:183} INFO - Processing /opt/airflow/dags/retraining.py took 2.849 seconds
[2026-02-08T19:35:56.828+0000] {processor.py:161} INFO - Started process (PID=3414) to work on /opt/airflow/dags/retraining.py
[2026-02-08T19:35:56.830+0000] {processor.py:830} INFO - Processing file /opt/airflow/dags/retraining.py for tasks to queue
[2026-02-08T19:35:56.833+0000] {logging_mixin.py:188} INFO - [2026-02-08T19:35:56.833+0000] {dagbag.py:540} INFO - Filling up the DagBag from /opt/airflow/dags/retraining.py
[2026-02-08T19:35:59.556+0000] {logging_mixin.py:188} INFO - Added path to: /opt/airflow/src/utils
[2026-02-08T19:35:59.577+0000] {processor.py:840} INFO - DAG(s) 'ml_retraining_pipeline' retrieved from /opt/airflow/dags/retraining.py
[2026-02-08T19:35:59.621+0000] {logging_mixin.py:188} INFO - [2026-02-08T19:35:59.621+0000] {dag.py:3096} INFO - Sync 1 DAGs
[2026-02-08T19:35:59.654+0000] {logging_mixin.py:188} INFO - [2026-02-08T19:35:59.653+0000] {dag.py:3954} INFO - Setting next_dagrun for ml_retraining_pipeline to None, run_after=None
[2026-02-08T19:35:59.685+0000] {processor.py:183} INFO - Processing /opt/airflow/dags/retraining.py took 2.866 seconds
[2026-02-08T19:36:30.026+0000] {processor.py:161} INFO - Started process (PID=3431) to work on /opt/airflow/dags/retraining.py
[2026-02-08T19:36:30.028+0000] {processor.py:830} INFO - Processing file /opt/airflow/dags/retraining.py for tasks to queue
[2026-02-08T19:36:30.030+0000] {logging_mixin.py:188} INFO - [2026-02-08T19:36:30.030+0000] {dagbag.py:540} INFO - Filling up the DagBag from /opt/airflow/dags/retraining.py
[2026-02-08T19:36:32.651+0000] {logging_mixin.py:188} INFO - Added path to: /opt/airflow/src/utils
[2026-02-08T19:36:32.661+0000] {processor.py:840} INFO - DAG(s) 'ml_retraining_pipeline' retrieved from /opt/airflow/dags/retraining.py
[2026-02-08T19:36:32.692+0000] {logging_mixin.py:188} INFO - [2026-02-08T19:36:32.691+0000] {dag.py:3096} INFO - Sync 1 DAGs
[2026-02-08T19:36:32.703+0000] {logging_mixin.py:188} INFO - [2026-02-08T19:36:32.702+0000] {dag.py:3954} INFO - Setting next_dagrun for ml_retraining_pipeline to None, run_after=None
[2026-02-08T19:36:32.726+0000] {processor.py:183} INFO - Processing /opt/airflow/dags/retraining.py took 2.709 seconds
[2026-02-08T19:37:03.017+0000] {processor.py:161} INFO - Started process (PID=3448) to work on /opt/airflow/dags/retraining.py
[2026-02-08T19:37:03.019+0000] {processor.py:830} INFO - Processing file /opt/airflow/dags/retraining.py for tasks to queue
[2026-02-08T19:37:03.022+0000] {logging_mixin.py:188} INFO - [2026-02-08T19:37:03.021+0000] {dagbag.py:540} INFO - Filling up the DagBag from /opt/airflow/dags/retraining.py
[2026-02-08T19:37:05.684+0000] {logging_mixin.py:188} INFO - Added path to: /opt/airflow/src/utils
[2026-02-08T19:37:05.693+0000] {processor.py:840} INFO - DAG(s) 'ml_retraining_pipeline' retrieved from /opt/airflow/dags/retraining.py
[2026-02-08T19:37:05.719+0000] {logging_mixin.py:188} INFO - [2026-02-08T19:37:05.719+0000] {dag.py:3096} INFO - Sync 1 DAGs
[2026-02-08T19:37:05.732+0000] {logging_mixin.py:188} INFO - [2026-02-08T19:37:05.731+0000] {dag.py:3954} INFO - Setting next_dagrun for ml_retraining_pipeline to None, run_after=None
[2026-02-08T19:37:05.755+0000] {processor.py:183} INFO - Processing /opt/airflow/dags/retraining.py took 2.748 seconds
[2026-02-08T19:37:36.068+0000] {processor.py:161} INFO - Started process (PID=3465) to work on /opt/airflow/dags/retraining.py
[2026-02-08T19:37:36.070+0000] {processor.py:830} INFO - Processing file /opt/airflow/dags/retraining.py for tasks to queue
[2026-02-08T19:37:36.073+0000] {logging_mixin.py:188} INFO - [2026-02-08T19:37:36.073+0000] {dagbag.py:540} INFO - Filling up the DagBag from /opt/airflow/dags/retraining.py
[2026-02-08T19:37:39.207+0000] {logging_mixin.py:188} INFO - Added path to: /opt/airflow/src/utils
[2026-02-08T19:37:39.216+0000] {processor.py:840} INFO - DAG(s) 'ml_retraining_pipeline' retrieved from /opt/airflow/dags/retraining.py
[2026-02-08T19:37:39.240+0000] {logging_mixin.py:188} INFO - [2026-02-08T19:37:39.239+0000] {dag.py:3096} INFO - Sync 1 DAGs
[2026-02-08T19:37:39.254+0000] {logging_mixin.py:188} INFO - [2026-02-08T19:37:39.253+0000] {dag.py:3954} INFO - Setting next_dagrun for ml_retraining_pipeline to None, run_after=None
[2026-02-08T19:37:39.275+0000] {processor.py:183} INFO - Processing /opt/airflow/dags/retraining.py took 3.219 seconds
[2026-02-08T19:38:09.544+0000] {processor.py:161} INFO - Started process (PID=3482) to work on /opt/airflow/dags/retraining.py
[2026-02-08T19:38:09.548+0000] {processor.py:830} INFO - Processing file /opt/airflow/dags/retraining.py for tasks to queue
[2026-02-08T19:38:09.558+0000] {logging_mixin.py:188} INFO - [2026-02-08T19:38:09.557+0000] {dagbag.py:540} INFO - Filling up the DagBag from /opt/airflow/dags/retraining.py
[2026-02-08T19:38:13.962+0000] {logging_mixin.py:188} INFO - Added path to: /opt/airflow/src/utils
[2026-02-08T19:38:13.970+0000] {processor.py:840} INFO - DAG(s) 'ml_retraining_pipeline' retrieved from /opt/airflow/dags/retraining.py
[2026-02-08T19:38:13.995+0000] {logging_mixin.py:188} INFO - [2026-02-08T19:38:13.994+0000] {dag.py:3096} INFO - Sync 1 DAGs
[2026-02-08T19:38:14.009+0000] {logging_mixin.py:188} INFO - [2026-02-08T19:38:14.009+0000] {dag.py:3954} INFO - Setting next_dagrun for ml_retraining_pipeline to None, run_after=None
[2026-02-08T19:38:14.032+0000] {processor.py:183} INFO - Processing /opt/airflow/dags/retraining.py took 4.504 seconds
[2026-02-08T19:38:44.343+0000] {processor.py:161} INFO - Started process (PID=3499) to work on /opt/airflow/dags/retraining.py
[2026-02-08T19:38:44.345+0000] {processor.py:830} INFO - Processing file /opt/airflow/dags/retraining.py for tasks to queue
[2026-02-08T19:38:44.350+0000] {logging_mixin.py:188} INFO - [2026-02-08T19:38:44.349+0000] {dagbag.py:540} INFO - Filling up the DagBag from /opt/airflow/dags/retraining.py
[2026-02-08T19:38:48.007+0000] {logging_mixin.py:188} INFO - Added path to: /opt/airflow/src/utils
[2026-02-08T19:38:48.018+0000] {processor.py:840} INFO - DAG(s) 'ml_retraining_pipeline' retrieved from /opt/airflow/dags/retraining.py
[2026-02-08T19:38:48.052+0000] {logging_mixin.py:188} INFO - [2026-02-08T19:38:48.052+0000] {dag.py:3096} INFO - Sync 1 DAGs
[2026-02-08T19:38:48.077+0000] {logging_mixin.py:188} INFO - [2026-02-08T19:38:48.077+0000] {dag.py:3954} INFO - Setting next_dagrun for ml_retraining_pipeline to None, run_after=None
[2026-02-08T19:38:48.113+0000] {processor.py:183} INFO - Processing /opt/airflow/dags/retraining.py took 3.787 seconds
[2026-02-08T19:39:18.350+0000] {processor.py:161} INFO - Started process (PID=3516) to work on /opt/airflow/dags/retraining.py
[2026-02-08T19:39:18.351+0000] {processor.py:830} INFO - Processing file /opt/airflow/dags/retraining.py for tasks to queue
[2026-02-08T19:39:18.355+0000] {logging_mixin.py:188} INFO - [2026-02-08T19:39:18.354+0000] {dagbag.py:540} INFO - Filling up the DagBag from /opt/airflow/dags/retraining.py
[2026-02-08T19:39:21.587+0000] {logging_mixin.py:188} INFO - Added path to: /opt/airflow/src/utils
[2026-02-08T19:39:21.597+0000] {processor.py:840} INFO - DAG(s) 'ml_retraining_pipeline' retrieved from /opt/airflow/dags/retraining.py
[2026-02-08T19:39:21.631+0000] {logging_mixin.py:188} INFO - [2026-02-08T19:39:21.630+0000] {dag.py:3096} INFO - Sync 1 DAGs
[2026-02-08T19:39:21.642+0000] {logging_mixin.py:188} INFO - [2026-02-08T19:39:21.641+0000] {dag.py:3954} INFO - Setting next_dagrun for ml_retraining_pipeline to None, run_after=None
[2026-02-08T19:39:21.666+0000] {processor.py:183} INFO - Processing /opt/airflow/dags/retraining.py took 3.328 seconds
[2026-02-08T19:39:51.948+0000] {processor.py:161} INFO - Started process (PID=3539) to work on /opt/airflow/dags/retraining.py
[2026-02-08T19:39:51.950+0000] {processor.py:830} INFO - Processing file /opt/airflow/dags/retraining.py for tasks to queue
[2026-02-08T19:39:51.955+0000] {logging_mixin.py:188} INFO - [2026-02-08T19:39:51.954+0000] {dagbag.py:540} INFO - Filling up the DagBag from /opt/airflow/dags/retraining.py
[2026-02-08T19:39:57.710+0000] {logging_mixin.py:188} INFO - Added path to: /opt/airflow/src/utils
[2026-02-08T19:39:57.724+0000] {processor.py:840} INFO - DAG(s) 'ml_retraining_pipeline' retrieved from /opt/airflow/dags/retraining.py
[2026-02-08T19:39:57.757+0000] {logging_mixin.py:188} INFO - [2026-02-08T19:39:57.757+0000] {dag.py:3096} INFO - Sync 1 DAGs
[2026-02-08T19:39:57.770+0000] {logging_mixin.py:188} INFO - [2026-02-08T19:39:57.770+0000] {dag.py:3954} INFO - Setting next_dagrun for ml_retraining_pipeline to None, run_after=None
[2026-02-08T19:39:57.796+0000] {processor.py:183} INFO - Processing /opt/airflow/dags/retraining.py took 5.866 seconds
[2026-02-08T19:40:28.162+0000] {processor.py:161} INFO - Started process (PID=3556) to work on /opt/airflow/dags/retraining.py
[2026-02-08T19:40:28.164+0000] {processor.py:830} INFO - Processing file /opt/airflow/dags/retraining.py for tasks to queue
[2026-02-08T19:40:28.166+0000] {logging_mixin.py:188} INFO - [2026-02-08T19:40:28.166+0000] {dagbag.py:540} INFO - Filling up the DagBag from /opt/airflow/dags/retraining.py
[2026-02-08T19:40:33.658+0000] {logging_mixin.py:188} INFO - Added path to: /opt/airflow/src/utils
[2026-02-08T19:40:33.674+0000] {processor.py:840} INFO - DAG(s) 'ml_retraining_pipeline' retrieved from /opt/airflow/dags/retraining.py
[2026-02-08T19:40:33.723+0000] {logging_mixin.py:188} INFO - [2026-02-08T19:40:33.722+0000] {dag.py:3096} INFO - Sync 1 DAGs
[2026-02-08T19:40:33.739+0000] {logging_mixin.py:188} INFO - [2026-02-08T19:40:33.738+0000] {dag.py:3954} INFO - Setting next_dagrun for ml_retraining_pipeline to None, run_after=None
[2026-02-08T19:40:33.774+0000] {processor.py:183} INFO - Processing /opt/airflow/dags/retraining.py took 5.621 seconds
[2026-02-08T19:41:04.067+0000] {processor.py:161} INFO - Started process (PID=3573) to work on /opt/airflow/dags/retraining.py
[2026-02-08T19:41:04.068+0000] {processor.py:830} INFO - Processing file /opt/airflow/dags/retraining.py for tasks to queue
[2026-02-08T19:41:04.071+0000] {logging_mixin.py:188} INFO - [2026-02-08T19:41:04.071+0000] {dagbag.py:540} INFO - Filling up the DagBag from /opt/airflow/dags/retraining.py
[2026-02-08T19:41:07.169+0000] {logging_mixin.py:188} INFO - Added path to: /opt/airflow/src/utils
[2026-02-08T19:41:07.177+0000] {processor.py:840} INFO - DAG(s) 'ml_retraining_pipeline' retrieved from /opt/airflow/dags/retraining.py
[2026-02-08T19:41:07.204+0000] {logging_mixin.py:188} INFO - [2026-02-08T19:41:07.203+0000] {dag.py:3096} INFO - Sync 1 DAGs
[2026-02-08T19:41:07.217+0000] {logging_mixin.py:188} INFO - [2026-02-08T19:41:07.217+0000] {dag.py:3954} INFO - Setting next_dagrun for ml_retraining_pipeline to None, run_after=None
[2026-02-08T19:41:07.241+0000] {processor.py:183} INFO - Processing /opt/airflow/dags/retraining.py took 3.186 seconds
[2026-02-08T19:41:37.461+0000] {processor.py:161} INFO - Started process (PID=3590) to work on /opt/airflow/dags/retraining.py
[2026-02-08T19:41:37.463+0000] {processor.py:830} INFO - Processing file /opt/airflow/dags/retraining.py for tasks to queue
[2026-02-08T19:41:37.468+0000] {logging_mixin.py:188} INFO - [2026-02-08T19:41:37.467+0000] {dagbag.py:540} INFO - Filling up the DagBag from /opt/airflow/dags/retraining.py
[2026-02-08T19:41:41.671+0000] {logging_mixin.py:188} INFO - Added path to: /opt/airflow/src/utils
[2026-02-08T19:41:41.679+0000] {processor.py:840} INFO - DAG(s) 'ml_retraining_pipeline' retrieved from /opt/airflow/dags/retraining.py
[2026-02-08T19:41:41.712+0000] {logging_mixin.py:188} INFO - [2026-02-08T19:41:41.710+0000] {dag.py:3096} INFO - Sync 1 DAGs
[2026-02-08T19:41:41.773+0000] {logging_mixin.py:188} INFO - [2026-02-08T19:41:41.771+0000] {dag.py:3954} INFO - Setting next_dagrun for ml_retraining_pipeline to None, run_after=None
[2026-02-08T19:41:41.839+0000] {processor.py:183} INFO - Processing /opt/airflow/dags/retraining.py took 4.387 seconds
[2026-02-08T19:42:12.079+0000] {processor.py:161} INFO - Started process (PID=3607) to work on /opt/airflow/dags/retraining.py
[2026-02-08T19:42:12.081+0000] {processor.py:830} INFO - Processing file /opt/airflow/dags/retraining.py for tasks to queue
[2026-02-08T19:42:12.086+0000] {logging_mixin.py:188} INFO - [2026-02-08T19:42:12.085+0000] {dagbag.py:540} INFO - Filling up the DagBag from /opt/airflow/dags/retraining.py
[2026-02-08T19:42:16.611+0000] {logging_mixin.py:188} INFO - Added path to: /opt/airflow/src/utils
[2026-02-08T19:42:16.621+0000] {processor.py:840} INFO - DAG(s) 'ml_retraining_pipeline' retrieved from /opt/airflow/dags/retraining.py
[2026-02-08T19:42:16.667+0000] {logging_mixin.py:188} INFO - [2026-02-08T19:42:16.664+0000] {dag.py:3096} INFO - Sync 1 DAGs
[2026-02-08T19:42:16.695+0000] {logging_mixin.py:188} INFO - [2026-02-08T19:42:16.695+0000] {dag.py:3954} INFO - Setting next_dagrun for ml_retraining_pipeline to None, run_after=None
[2026-02-08T19:42:16.738+0000] {processor.py:183} INFO - Processing /opt/airflow/dags/retraining.py took 4.673 seconds
[2026-02-08T19:42:47.075+0000] {processor.py:161} INFO - Started process (PID=3624) to work on /opt/airflow/dags/retraining.py
[2026-02-08T19:42:47.077+0000] {processor.py:830} INFO - Processing file /opt/airflow/dags/retraining.py for tasks to queue
[2026-02-08T19:42:47.080+0000] {logging_mixin.py:188} INFO - [2026-02-08T19:42:47.080+0000] {dagbag.py:540} INFO - Filling up the DagBag from /opt/airflow/dags/retraining.py
[2026-02-08T19:42:49.718+0000] {logging_mixin.py:188} INFO - Added path to: /opt/airflow/src/utils
[2026-02-08T19:42:49.726+0000] {processor.py:840} INFO - DAG(s) 'ml_retraining_pipeline' retrieved from /opt/airflow/dags/retraining.py
[2026-02-08T19:42:49.754+0000] {logging_mixin.py:188} INFO - [2026-02-08T19:42:49.753+0000] {dag.py:3096} INFO - Sync 1 DAGs
[2026-02-08T19:42:49.765+0000] {logging_mixin.py:188} INFO - [2026-02-08T19:42:49.764+0000] {dag.py:3954} INFO - Setting next_dagrun for ml_retraining_pipeline to None, run_after=None
[2026-02-08T19:42:49.792+0000] {processor.py:183} INFO - Processing /opt/airflow/dags/retraining.py took 2.729 seconds
[2026-02-08T19:43:20.148+0000] {processor.py:161} INFO - Started process (PID=3641) to work on /opt/airflow/dags/retraining.py
[2026-02-08T19:43:20.149+0000] {processor.py:830} INFO - Processing file /opt/airflow/dags/retraining.py for tasks to queue
[2026-02-08T19:43:20.153+0000] {logging_mixin.py:188} INFO - [2026-02-08T19:43:20.153+0000] {dagbag.py:540} INFO - Filling up the DagBag from /opt/airflow/dags/retraining.py
[2026-02-08T19:43:23.355+0000] {logging_mixin.py:188} INFO - Added path to: /opt/airflow/src/utils
[2026-02-08T19:43:23.362+0000] {processor.py:840} INFO - DAG(s) 'ml_retraining_pipeline' retrieved from /opt/airflow/dags/retraining.py
[2026-02-08T19:43:23.393+0000] {logging_mixin.py:188} INFO - [2026-02-08T19:43:23.392+0000] {dag.py:3096} INFO - Sync 1 DAGs
[2026-02-08T19:43:23.406+0000] {logging_mixin.py:188} INFO - [2026-02-08T19:43:23.406+0000] {dag.py:3954} INFO - Setting next_dagrun for ml_retraining_pipeline to None, run_after=None
[2026-02-08T19:43:23.432+0000] {processor.py:183} INFO - Processing /opt/airflow/dags/retraining.py took 3.301 seconds
[2026-02-08T19:43:53.700+0000] {processor.py:161} INFO - Started process (PID=3664) to work on /opt/airflow/dags/retraining.py
[2026-02-08T19:43:53.702+0000] {processor.py:830} INFO - Processing file /opt/airflow/dags/retraining.py for tasks to queue
[2026-02-08T19:43:53.705+0000] {logging_mixin.py:188} INFO - [2026-02-08T19:43:53.704+0000] {dagbag.py:540} INFO - Filling up the DagBag from /opt/airflow/dags/retraining.py
[2026-02-08T19:43:56.401+0000] {logging_mixin.py:188} INFO - Added path to: /opt/airflow/src/utils
[2026-02-08T19:43:56.410+0000] {processor.py:840} INFO - DAG(s) 'ml_retraining_pipeline' retrieved from /opt/airflow/dags/retraining.py
[2026-02-08T19:43:56.435+0000] {logging_mixin.py:188} INFO - [2026-02-08T19:43:56.435+0000] {dag.py:3096} INFO - Sync 1 DAGs
[2026-02-08T19:43:56.450+0000] {logging_mixin.py:188} INFO - [2026-02-08T19:43:56.450+0000] {dag.py:3954} INFO - Setting next_dagrun for ml_retraining_pipeline to None, run_after=None
[2026-02-08T19:43:56.474+0000] {processor.py:183} INFO - Processing /opt/airflow/dags/retraining.py took 2.785 seconds
[2026-02-08T19:44:26.675+0000] {processor.py:161} INFO - Started process (PID=3681) to work on /opt/airflow/dags/retraining.py
[2026-02-08T19:44:26.676+0000] {processor.py:830} INFO - Processing file /opt/airflow/dags/retraining.py for tasks to queue
[2026-02-08T19:44:26.679+0000] {logging_mixin.py:188} INFO - [2026-02-08T19:44:26.678+0000] {dagbag.py:540} INFO - Filling up the DagBag from /opt/airflow/dags/retraining.py
[2026-02-08T19:44:29.690+0000] {logging_mixin.py:188} INFO - Added path to: /opt/airflow/src/utils
[2026-02-08T19:44:29.706+0000] {processor.py:840} INFO - DAG(s) 'ml_retraining_pipeline' retrieved from /opt/airflow/dags/retraining.py
[2026-02-08T19:44:29.746+0000] {logging_mixin.py:188} INFO - [2026-02-08T19:44:29.745+0000] {dag.py:3096} INFO - Sync 1 DAGs
[2026-02-08T19:44:29.762+0000] {logging_mixin.py:188} INFO - [2026-02-08T19:44:29.761+0000] {dag.py:3954} INFO - Setting next_dagrun for ml_retraining_pipeline to None, run_after=None
[2026-02-08T19:44:29.794+0000] {processor.py:183} INFO - Processing /opt/airflow/dags/retraining.py took 3.127 seconds
[2026-02-08T19:45:00.096+0000] {processor.py:161} INFO - Started process (PID=3698) to work on /opt/airflow/dags/retraining.py
[2026-02-08T19:45:00.097+0000] {processor.py:830} INFO - Processing file /opt/airflow/dags/retraining.py for tasks to queue
[2026-02-08T19:45:00.100+0000] {logging_mixin.py:188} INFO - [2026-02-08T19:45:00.099+0000] {dagbag.py:540} INFO - Filling up the DagBag from /opt/airflow/dags/retraining.py
[2026-02-08T19:45:02.997+0000] {logging_mixin.py:188} INFO - Added path to: /opt/airflow/src/utils
[2026-02-08T19:45:03.012+0000] {processor.py:840} INFO - DAG(s) 'ml_retraining_pipeline' retrieved from /opt/airflow/dags/retraining.py
[2026-02-08T19:45:03.052+0000] {logging_mixin.py:188} INFO - [2026-02-08T19:45:03.051+0000] {dag.py:3096} INFO - Sync 1 DAGs
[2026-02-08T19:45:03.070+0000] {logging_mixin.py:188} INFO - [2026-02-08T19:45:03.070+0000] {dag.py:3954} INFO - Setting next_dagrun for ml_retraining_pipeline to None, run_after=None
[2026-02-08T19:45:03.112+0000] {processor.py:183} INFO - Processing /opt/airflow/dags/retraining.py took 3.024 seconds
[2026-02-08T19:45:33.422+0000] {processor.py:161} INFO - Started process (PID=3715) to work on /opt/airflow/dags/retraining.py
[2026-02-08T19:45:33.425+0000] {processor.py:830} INFO - Processing file /opt/airflow/dags/retraining.py for tasks to queue
[2026-02-08T19:45:33.428+0000] {logging_mixin.py:188} INFO - [2026-02-08T19:45:33.428+0000] {dagbag.py:540} INFO - Filling up the DagBag from /opt/airflow/dags/retraining.py
[2026-02-08T19:45:36.111+0000] {logging_mixin.py:188} INFO - Added path to: /opt/airflow/src/utils
[2026-02-08T19:45:36.121+0000] {processor.py:840} INFO - DAG(s) 'ml_retraining_pipeline' retrieved from /opt/airflow/dags/retraining.py
[2026-02-08T19:45:36.148+0000] {logging_mixin.py:188} INFO - [2026-02-08T19:45:36.147+0000] {dag.py:3096} INFO - Sync 1 DAGs
[2026-02-08T19:45:36.161+0000] {logging_mixin.py:188} INFO - [2026-02-08T19:45:36.161+0000] {dag.py:3954} INFO - Setting next_dagrun for ml_retraining_pipeline to None, run_after=None
[2026-02-08T19:45:36.187+0000] {processor.py:183} INFO - Processing /opt/airflow/dags/retraining.py took 2.774 seconds
[2026-02-08T19:46:06.510+0000] {processor.py:161} INFO - Started process (PID=3732) to work on /opt/airflow/dags/retraining.py
[2026-02-08T19:46:06.511+0000] {processor.py:830} INFO - Processing file /opt/airflow/dags/retraining.py for tasks to queue
[2026-02-08T19:46:06.513+0000] {logging_mixin.py:188} INFO - [2026-02-08T19:46:06.513+0000] {dagbag.py:540} INFO - Filling up the DagBag from /opt/airflow/dags/retraining.py
[2026-02-08T19:46:08.982+0000] {logging_mixin.py:188} INFO - Added path to: /opt/airflow/src/utils
[2026-02-08T19:46:08.991+0000] {processor.py:840} INFO - DAG(s) 'ml_retraining_pipeline' retrieved from /opt/airflow/dags/retraining.py
[2026-02-08T19:46:09.023+0000] {logging_mixin.py:188} INFO - [2026-02-08T19:46:09.022+0000] {dag.py:3096} INFO - Sync 1 DAGs
[2026-02-08T19:46:09.034+0000] {logging_mixin.py:188} INFO - [2026-02-08T19:46:09.034+0000] {dag.py:3954} INFO - Setting next_dagrun for ml_retraining_pipeline to None, run_after=None
[2026-02-08T19:46:09.062+0000] {processor.py:183} INFO - Processing /opt/airflow/dags/retraining.py took 2.563 seconds
[2026-02-08T19:46:39.340+0000] {processor.py:161} INFO - Started process (PID=3749) to work on /opt/airflow/dags/retraining.py
[2026-02-08T19:46:39.341+0000] {processor.py:830} INFO - Processing file /opt/airflow/dags/retraining.py for tasks to queue
[2026-02-08T19:46:39.344+0000] {logging_mixin.py:188} INFO - [2026-02-08T19:46:39.344+0000] {dagbag.py:540} INFO - Filling up the DagBag from /opt/airflow/dags/retraining.py
[2026-02-08T19:46:41.871+0000] {logging_mixin.py:188} INFO - Added path to: /opt/airflow/src/utils
[2026-02-08T19:46:41.879+0000] {processor.py:840} INFO - DAG(s) 'ml_retraining_pipeline' retrieved from /opt/airflow/dags/retraining.py
[2026-02-08T19:46:41.903+0000] {logging_mixin.py:188} INFO - [2026-02-08T19:46:41.903+0000] {dag.py:3096} INFO - Sync 1 DAGs
[2026-02-08T19:46:41.916+0000] {logging_mixin.py:188} INFO - [2026-02-08T19:46:41.915+0000] {dag.py:3954} INFO - Setting next_dagrun for ml_retraining_pipeline to None, run_after=None
[2026-02-08T19:46:41.942+0000] {processor.py:183} INFO - Processing /opt/airflow/dags/retraining.py took 2.614 seconds
[2026-02-08T19:47:12.159+0000] {processor.py:161} INFO - Started process (PID=3766) to work on /opt/airflow/dags/retraining.py
[2026-02-08T19:47:12.161+0000] {processor.py:830} INFO - Processing file /opt/airflow/dags/retraining.py for tasks to queue
[2026-02-08T19:47:12.165+0000] {logging_mixin.py:188} INFO - [2026-02-08T19:47:12.164+0000] {dagbag.py:540} INFO - Filling up the DagBag from /opt/airflow/dags/retraining.py
[2026-02-08T19:47:15.544+0000] {logging_mixin.py:188} INFO - Added path to: /opt/airflow/src/utils
[2026-02-08T19:47:15.556+0000] {processor.py:840} INFO - DAG(s) 'ml_retraining_pipeline' retrieved from /opt/airflow/dags/retraining.py
[2026-02-08T19:47:15.592+0000] {logging_mixin.py:188} INFO - [2026-02-08T19:47:15.591+0000] {dag.py:3096} INFO - Sync 1 DAGs
[2026-02-08T19:47:15.611+0000] {logging_mixin.py:188} INFO - [2026-02-08T19:47:15.611+0000] {dag.py:3954} INFO - Setting next_dagrun for ml_retraining_pipeline to None, run_after=None
[2026-02-08T19:47:15.643+0000] {processor.py:183} INFO - Processing /opt/airflow/dags/retraining.py took 3.496 seconds
[2026-02-08T19:47:46.012+0000] {processor.py:161} INFO - Started process (PID=3783) to work on /opt/airflow/dags/retraining.py
[2026-02-08T19:47:46.014+0000] {processor.py:830} INFO - Processing file /opt/airflow/dags/retraining.py for tasks to queue
[2026-02-08T19:47:46.027+0000] {logging_mixin.py:188} INFO - [2026-02-08T19:47:46.025+0000] {dagbag.py:540} INFO - Filling up the DagBag from /opt/airflow/dags/retraining.py
[2026-02-08T19:47:49.682+0000] {logging_mixin.py:188} INFO - Added path to: /opt/airflow/src/utils
[2026-02-08T19:47:49.692+0000] {processor.py:840} INFO - DAG(s) 'ml_retraining_pipeline' retrieved from /opt/airflow/dags/retraining.py
[2026-02-08T19:47:49.724+0000] {logging_mixin.py:188} INFO - [2026-02-08T19:47:49.723+0000] {dag.py:3096} INFO - Sync 1 DAGs
[2026-02-08T19:47:49.736+0000] {logging_mixin.py:188} INFO - [2026-02-08T19:47:49.735+0000] {dag.py:3954} INFO - Setting next_dagrun for ml_retraining_pipeline to None, run_after=None
[2026-02-08T19:47:49.766+0000] {processor.py:183} INFO - Processing /opt/airflow/dags/retraining.py took 3.783 seconds
[2026-02-08T19:48:20.070+0000] {processor.py:161} INFO - Started process (PID=3800) to work on /opt/airflow/dags/retraining.py
[2026-02-08T19:48:20.072+0000] {processor.py:830} INFO - Processing file /opt/airflow/dags/retraining.py for tasks to queue
[2026-02-08T19:48:20.077+0000] {logging_mixin.py:188} INFO - [2026-02-08T19:48:20.077+0000] {dagbag.py:540} INFO - Filling up the DagBag from /opt/airflow/dags/retraining.py
[2026-02-08T19:48:27.402+0000] {logging_mixin.py:188} INFO - Added path to: /opt/airflow/src/utils
[2026-02-08T19:48:27.412+0000] {processor.py:840} INFO - DAG(s) 'ml_retraining_pipeline' retrieved from /opt/airflow/dags/retraining.py
[2026-02-08T19:48:27.449+0000] {logging_mixin.py:188} INFO - [2026-02-08T19:48:27.448+0000] {dag.py:3096} INFO - Sync 1 DAGs
[2026-02-08T19:48:27.463+0000] {logging_mixin.py:188} INFO - [2026-02-08T19:48:27.463+0000] {dag.py:3954} INFO - Setting next_dagrun for ml_retraining_pipeline to None, run_after=None
[2026-02-08T19:48:27.503+0000] {processor.py:183} INFO - Processing /opt/airflow/dags/retraining.py took 7.447 seconds
[2026-02-08T19:48:57.818+0000] {processor.py:161} INFO - Started process (PID=3823) to work on /opt/airflow/dags/retraining.py
[2026-02-08T19:48:57.819+0000] {processor.py:830} INFO - Processing file /opt/airflow/dags/retraining.py for tasks to queue
[2026-02-08T19:48:57.822+0000] {logging_mixin.py:188} INFO - [2026-02-08T19:48:57.822+0000] {dagbag.py:540} INFO - Filling up the DagBag from /opt/airflow/dags/retraining.py
[2026-02-08T19:49:01.936+0000] {logging_mixin.py:188} INFO - Added path to: /opt/airflow/src/utils
[2026-02-08T19:49:01.951+0000] {processor.py:840} INFO - DAG(s) 'ml_retraining_pipeline' retrieved from /opt/airflow/dags/retraining.py
[2026-02-08T19:49:02.001+0000] {logging_mixin.py:188} INFO - [2026-02-08T19:49:01.998+0000] {dag.py:3096} INFO - Sync 1 DAGs
[2026-02-08T19:49:02.023+0000] {logging_mixin.py:188} INFO - [2026-02-08T19:49:02.023+0000] {dag.py:3954} INFO - Setting next_dagrun for ml_retraining_pipeline to None, run_after=None
[2026-02-08T19:49:02.064+0000] {processor.py:183} INFO - Processing /opt/airflow/dags/retraining.py took 4.256 seconds
[2026-02-08T19:49:32.463+0000] {processor.py:161} INFO - Started process (PID=3840) to work on /opt/airflow/dags/retraining.py
[2026-02-08T19:49:32.466+0000] {processor.py:830} INFO - Processing file /opt/airflow/dags/retraining.py for tasks to queue
[2026-02-08T19:49:32.471+0000] {logging_mixin.py:188} INFO - [2026-02-08T19:49:32.471+0000] {dagbag.py:540} INFO - Filling up the DagBag from /opt/airflow/dags/retraining.py
[2026-02-08T19:49:40.420+0000] {logging_mixin.py:188} INFO - Added path to: /opt/airflow/src/utils
[2026-02-08T19:49:40.431+0000] {processor.py:840} INFO - DAG(s) 'ml_retraining_pipeline' retrieved from /opt/airflow/dags/retraining.py
[2026-02-08T19:49:40.466+0000] {logging_mixin.py:188} INFO - [2026-02-08T19:49:40.465+0000] {dag.py:3096} INFO - Sync 1 DAGs
[2026-02-08T19:49:40.482+0000] {logging_mixin.py:188} INFO - [2026-02-08T19:49:40.481+0000] {dag.py:3954} INFO - Setting next_dagrun for ml_retraining_pipeline to None, run_after=None
[2026-02-08T19:49:40.513+0000] {processor.py:183} INFO - Processing /opt/airflow/dags/retraining.py took 8.112 seconds
[2026-02-08T19:50:10.926+0000] {processor.py:161} INFO - Started process (PID=3857) to work on /opt/airflow/dags/retraining.py
[2026-02-08T19:50:10.927+0000] {processor.py:830} INFO - Processing file /opt/airflow/dags/retraining.py for tasks to queue
[2026-02-08T19:50:10.931+0000] {logging_mixin.py:188} INFO - [2026-02-08T19:50:10.930+0000] {dagbag.py:540} INFO - Filling up the DagBag from /opt/airflow/dags/retraining.py
[2026-02-08T19:50:16.914+0000] {logging_mixin.py:188} INFO - Added path to: /opt/airflow/src/utils
[2026-02-08T19:50:16.925+0000] {processor.py:840} INFO - DAG(s) 'ml_retraining_pipeline' retrieved from /opt/airflow/dags/retraining.py
[2026-02-08T19:50:16.961+0000] {logging_mixin.py:188} INFO - [2026-02-08T19:50:16.960+0000] {dag.py:3096} INFO - Sync 1 DAGs
[2026-02-08T19:50:16.987+0000] {logging_mixin.py:188} INFO - [2026-02-08T19:50:16.987+0000] {dag.py:3954} INFO - Setting next_dagrun for ml_retraining_pipeline to None, run_after=None
[2026-02-08T19:50:17.020+0000] {processor.py:183} INFO - Processing /opt/airflow/dags/retraining.py took 6.107 seconds
[2026-02-08T19:50:47.265+0000] {processor.py:161} INFO - Started process (PID=3874) to work on /opt/airflow/dags/retraining.py
[2026-02-08T19:50:47.266+0000] {processor.py:830} INFO - Processing file /opt/airflow/dags/retraining.py for tasks to queue
[2026-02-08T19:50:47.269+0000] {logging_mixin.py:188} INFO - [2026-02-08T19:50:47.268+0000] {dagbag.py:540} INFO - Filling up the DagBag from /opt/airflow/dags/retraining.py
[2026-02-08T19:50:53.456+0000] {logging_mixin.py:188} INFO - Added path to: /opt/airflow/src/utils
[2026-02-08T19:50:53.480+0000] {processor.py:840} INFO - DAG(s) 'ml_retraining_pipeline' retrieved from /opt/airflow/dags/retraining.py
[2026-02-08T19:50:53.537+0000] {logging_mixin.py:188} INFO - [2026-02-08T19:50:53.536+0000] {dag.py:3096} INFO - Sync 1 DAGs
[2026-02-08T19:50:53.557+0000] {logging_mixin.py:188} INFO - [2026-02-08T19:50:53.556+0000] {dag.py:3954} INFO - Setting next_dagrun for ml_retraining_pipeline to None, run_after=None
[2026-02-08T19:50:53.600+0000] {processor.py:183} INFO - Processing /opt/airflow/dags/retraining.py took 6.349 seconds
[2026-02-08T19:51:23.905+0000] {processor.py:161} INFO - Started process (PID=3897) to work on /opt/airflow/dags/retraining.py
[2026-02-08T19:51:23.907+0000] {processor.py:830} INFO - Processing file /opt/airflow/dags/retraining.py for tasks to queue
[2026-02-08T19:51:23.911+0000] {logging_mixin.py:188} INFO - [2026-02-08T19:51:23.910+0000] {dagbag.py:540} INFO - Filling up the DagBag from /opt/airflow/dags/retraining.py
[2026-02-08T19:51:28.512+0000] {logging_mixin.py:188} INFO - Added path to: /opt/airflow/src/utils
[2026-02-08T19:51:28.562+0000] {processor.py:840} INFO - DAG(s) 'ml_retraining_pipeline' retrieved from /opt/airflow/dags/retraining.py
[2026-02-08T19:51:28.760+0000] {logging_mixin.py:188} INFO - [2026-02-08T19:51:28.759+0000] {dag.py:3096} INFO - Sync 1 DAGs
[2026-02-08T19:51:28.812+0000] {logging_mixin.py:188} INFO - [2026-02-08T19:51:28.811+0000] {dag.py:3954} INFO - Setting next_dagrun for ml_retraining_pipeline to None, run_after=None
[2026-02-08T19:51:28.917+0000] {processor.py:183} INFO - Processing /opt/airflow/dags/retraining.py took 5.036 seconds
[2026-02-08T19:51:59.309+0000] {processor.py:161} INFO - Started process (PID=3914) to work on /opt/airflow/dags/retraining.py
[2026-02-08T19:51:59.311+0000] {processor.py:830} INFO - Processing file /opt/airflow/dags/retraining.py for tasks to queue
[2026-02-08T19:51:59.315+0000] {logging_mixin.py:188} INFO - [2026-02-08T19:51:59.314+0000] {dagbag.py:540} INFO - Filling up the DagBag from /opt/airflow/dags/retraining.py
[2026-02-08T19:52:02.525+0000] {logging_mixin.py:188} INFO - Added path to: /opt/airflow/src/utils
[2026-02-08T19:52:02.538+0000] {processor.py:840} INFO - DAG(s) 'ml_retraining_pipeline' retrieved from /opt/airflow/dags/retraining.py
[2026-02-08T19:52:02.575+0000] {logging_mixin.py:188} INFO - [2026-02-08T19:52:02.574+0000] {dag.py:3096} INFO - Sync 1 DAGs
[2026-02-08T19:52:02.592+0000] {logging_mixin.py:188} INFO - [2026-02-08T19:52:02.591+0000] {dag.py:3954} INFO - Setting next_dagrun for ml_retraining_pipeline to None, run_after=None
[2026-02-08T19:52:02.622+0000] {processor.py:183} INFO - Processing /opt/airflow/dags/retraining.py took 3.331 seconds
[2026-02-08T19:52:32.964+0000] {processor.py:161} INFO - Started process (PID=3931) to work on /opt/airflow/dags/retraining.py
[2026-02-08T19:52:32.967+0000] {processor.py:830} INFO - Processing file /opt/airflow/dags/retraining.py for tasks to queue
[2026-02-08T19:52:32.972+0000] {logging_mixin.py:188} INFO - [2026-02-08T19:52:32.971+0000] {dagbag.py:540} INFO - Filling up the DagBag from /opt/airflow/dags/retraining.py
[2026-02-08T19:52:36.378+0000] {logging_mixin.py:188} INFO - Added path to: /opt/airflow/src/utils
[2026-02-08T19:52:36.389+0000] {processor.py:840} INFO - DAG(s) 'ml_retraining_pipeline' retrieved from /opt/airflow/dags/retraining.py
[2026-02-08T19:52:36.428+0000] {logging_mixin.py:188} INFO - [2026-02-08T19:52:36.427+0000] {dag.py:3096} INFO - Sync 1 DAGs
[2026-02-08T19:52:36.447+0000] {logging_mixin.py:188} INFO - [2026-02-08T19:52:36.446+0000] {dag.py:3954} INFO - Setting next_dagrun for ml_retraining_pipeline to None, run_after=None
[2026-02-08T19:52:36.472+0000] {processor.py:183} INFO - Processing /opt/airflow/dags/retraining.py took 3.525 seconds
[2026-02-08T19:53:06.799+0000] {processor.py:161} INFO - Started process (PID=3948) to work on /opt/airflow/dags/retraining.py
[2026-02-08T19:53:06.801+0000] {processor.py:830} INFO - Processing file /opt/airflow/dags/retraining.py for tasks to queue
[2026-02-08T19:53:06.804+0000] {logging_mixin.py:188} INFO - [2026-02-08T19:53:06.803+0000] {dagbag.py:540} INFO - Filling up the DagBag from /opt/airflow/dags/retraining.py
[2026-02-08T19:53:10.914+0000] {logging_mixin.py:188} INFO - Added path to: /opt/airflow/src/utils
[2026-02-08T19:53:10.923+0000] {processor.py:840} INFO - DAG(s) 'ml_retraining_pipeline' retrieved from /opt/airflow/dags/retraining.py
[2026-02-08T19:53:10.958+0000] {logging_mixin.py:188} INFO - [2026-02-08T19:53:10.958+0000] {dag.py:3096} INFO - Sync 1 DAGs
[2026-02-08T19:53:10.975+0000] {logging_mixin.py:188} INFO - [2026-02-08T19:53:10.975+0000] {dag.py:3954} INFO - Setting next_dagrun for ml_retraining_pipeline to None, run_after=None
[2026-02-08T19:53:11.006+0000] {processor.py:183} INFO - Processing /opt/airflow/dags/retraining.py took 4.224 seconds
[2026-02-08T19:53:41.259+0000] {processor.py:161} INFO - Started process (PID=3965) to work on /opt/airflow/dags/retraining.py
[2026-02-08T19:53:41.260+0000] {processor.py:830} INFO - Processing file /opt/airflow/dags/retraining.py for tasks to queue
[2026-02-08T19:53:41.264+0000] {logging_mixin.py:188} INFO - [2026-02-08T19:53:41.263+0000] {dagbag.py:540} INFO - Filling up the DagBag from /opt/airflow/dags/retraining.py
[2026-02-08T19:53:45.072+0000] {logging_mixin.py:188} INFO - Added path to: /opt/airflow/src/utils
[2026-02-08T19:53:45.085+0000] {processor.py:840} INFO - DAG(s) 'ml_retraining_pipeline' retrieved from /opt/airflow/dags/retraining.py
[2026-02-08T19:53:45.123+0000] {logging_mixin.py:188} INFO - [2026-02-08T19:53:45.123+0000] {dag.py:3096} INFO - Sync 1 DAGs
[2026-02-08T19:53:45.153+0000] {logging_mixin.py:188} INFO - [2026-02-08T19:53:45.153+0000] {dag.py:3954} INFO - Setting next_dagrun for ml_retraining_pipeline to None, run_after=None
[2026-02-08T19:53:45.195+0000] {processor.py:183} INFO - Processing /opt/airflow/dags/retraining.py took 3.947 seconds
[2026-02-08T19:54:15.346+0000] {processor.py:161} INFO - Started process (PID=3982) to work on /opt/airflow/dags/retraining.py
[2026-02-08T19:54:15.348+0000] {processor.py:830} INFO - Processing file /opt/airflow/dags/retraining.py for tasks to queue
[2026-02-08T19:54:15.353+0000] {logging_mixin.py:188} INFO - [2026-02-08T19:54:15.352+0000] {dagbag.py:540} INFO - Filling up the DagBag from /opt/airflow/dags/retraining.py
[2026-02-08T19:54:18.550+0000] {logging_mixin.py:188} INFO - Added path to: /opt/airflow/src/utils
[2026-02-08T19:54:18.563+0000] {processor.py:840} INFO - DAG(s) 'ml_retraining_pipeline' retrieved from /opt/airflow/dags/retraining.py
[2026-02-08T19:54:18.599+0000] {logging_mixin.py:188} INFO - [2026-02-08T19:54:18.598+0000] {dag.py:3096} INFO - Sync 1 DAGs
[2026-02-08T19:54:18.616+0000] {logging_mixin.py:188} INFO - [2026-02-08T19:54:18.615+0000] {dag.py:3954} INFO - Setting next_dagrun for ml_retraining_pipeline to None, run_after=None
[2026-02-08T19:54:18.650+0000] {processor.py:183} INFO - Processing /opt/airflow/dags/retraining.py took 3.322 seconds
[2026-02-08T19:54:48.948+0000] {processor.py:161} INFO - Started process (PID=3999) to work on /opt/airflow/dags/retraining.py
[2026-02-08T19:54:48.950+0000] {processor.py:830} INFO - Processing file /opt/airflow/dags/retraining.py for tasks to queue
[2026-02-08T19:54:48.954+0000] {logging_mixin.py:188} INFO - [2026-02-08T19:54:48.953+0000] {dagbag.py:540} INFO - Filling up the DagBag from /opt/airflow/dags/retraining.py
[2026-02-08T19:54:51.859+0000] {logging_mixin.py:188} INFO - Added path to: /opt/airflow/src/utils
[2026-02-08T19:54:51.873+0000] {processor.py:840} INFO - DAG(s) 'ml_retraining_pipeline' retrieved from /opt/airflow/dags/retraining.py
[2026-02-08T19:54:51.914+0000] {logging_mixin.py:188} INFO - [2026-02-08T19:54:51.913+0000] {dag.py:3096} INFO - Sync 1 DAGs
[2026-02-08T19:54:51.933+0000] {logging_mixin.py:188} INFO - [2026-02-08T19:54:51.933+0000] {dag.py:3954} INFO - Setting next_dagrun for ml_retraining_pipeline to None, run_after=None
[2026-02-08T19:54:51.971+0000] {processor.py:183} INFO - Processing /opt/airflow/dags/retraining.py took 3.037 seconds
[2026-02-08T19:55:22.278+0000] {processor.py:161} INFO - Started process (PID=4016) to work on /opt/airflow/dags/retraining.py
[2026-02-08T19:55:22.279+0000] {processor.py:830} INFO - Processing file /opt/airflow/dags/retraining.py for tasks to queue
[2026-02-08T19:55:22.286+0000] {logging_mixin.py:188} INFO - [2026-02-08T19:55:22.285+0000] {dagbag.py:540} INFO - Filling up the DagBag from /opt/airflow/dags/retraining.py
[2026-02-08T19:55:25.610+0000] {logging_mixin.py:188} INFO - Added path to: /opt/airflow/src/utils
[2026-02-08T19:55:25.621+0000] {processor.py:840} INFO - DAG(s) 'ml_retraining_pipeline' retrieved from /opt/airflow/dags/retraining.py
[2026-02-08T19:55:25.656+0000] {logging_mixin.py:188} INFO - [2026-02-08T19:55:25.655+0000] {dag.py:3096} INFO - Sync 1 DAGs
[2026-02-08T19:55:25.676+0000] {logging_mixin.py:188} INFO - [2026-02-08T19:55:25.675+0000] {dag.py:3954} INFO - Setting next_dagrun for ml_retraining_pipeline to None, run_after=None
[2026-02-08T19:55:25.715+0000] {processor.py:183} INFO - Processing /opt/airflow/dags/retraining.py took 3.455 seconds
[2026-02-08T19:55:55.999+0000] {processor.py:161} INFO - Started process (PID=4039) to work on /opt/airflow/dags/retraining.py
[2026-02-08T19:55:56.001+0000] {processor.py:830} INFO - Processing file /opt/airflow/dags/retraining.py for tasks to queue
[2026-02-08T19:55:56.004+0000] {logging_mixin.py:188} INFO - [2026-02-08T19:55:56.004+0000] {dagbag.py:540} INFO - Filling up the DagBag from /opt/airflow/dags/retraining.py
[2026-02-08T19:56:02.473+0000] {logging_mixin.py:188} INFO - Added path to: /opt/airflow/src/utils
[2026-02-08T19:56:02.483+0000] {processor.py:840} INFO - DAG(s) 'ml_retraining_pipeline' retrieved from /opt/airflow/dags/retraining.py
[2026-02-08T19:56:02.534+0000] {logging_mixin.py:188} INFO - [2026-02-08T19:56:02.533+0000] {dag.py:3096} INFO - Sync 1 DAGs
[2026-02-08T19:56:02.564+0000] {logging_mixin.py:188} INFO - [2026-02-08T19:56:02.563+0000] {dag.py:3954} INFO - Setting next_dagrun for ml_retraining_pipeline to None, run_after=None
[2026-02-08T19:56:02.608+0000] {processor.py:183} INFO - Processing /opt/airflow/dags/retraining.py took 6.619 seconds
[2026-02-08T19:56:33.428+0000] {processor.py:161} INFO - Started process (PID=4056) to work on /opt/airflow/dags/retraining.py
[2026-02-08T19:56:33.429+0000] {processor.py:830} INFO - Processing file /opt/airflow/dags/retraining.py for tasks to queue
[2026-02-08T19:56:33.432+0000] {logging_mixin.py:188} INFO - [2026-02-08T19:56:33.432+0000] {dagbag.py:540} INFO - Filling up the DagBag from /opt/airflow/dags/retraining.py
[2026-02-08T19:56:44.116+0000] {logging_mixin.py:188} INFO - Added path to: /opt/airflow/src/utils
[2026-02-08T19:56:44.195+0000] {processor.py:840} INFO - DAG(s) 'ml_retraining_pipeline' retrieved from /opt/airflow/dags/retraining.py
[2026-02-08T19:56:44.524+0000] {logging_mixin.py:188} INFO - [2026-02-08T19:56:44.513+0000] {dag.py:3096} INFO - Sync 1 DAGs
[2026-02-08T19:56:44.605+0000] {logging_mixin.py:188} INFO - [2026-02-08T19:56:44.601+0000] {dag.py:3954} INFO - Setting next_dagrun for ml_retraining_pipeline to None, run_after=None
[2026-02-08T19:56:44.708+0000] {processor.py:183} INFO - Processing /opt/airflow/dags/retraining.py took 11.289 seconds
[2026-02-08T19:57:15.844+0000] {processor.py:161} INFO - Started process (PID=4073) to work on /opt/airflow/dags/retraining.py
[2026-02-08T19:57:15.855+0000] {processor.py:830} INFO - Processing file /opt/airflow/dags/retraining.py for tasks to queue
[2026-02-08T19:57:15.900+0000] {logging_mixin.py:188} INFO - [2026-02-08T19:57:15.898+0000] {dagbag.py:540} INFO - Filling up the DagBag from /opt/airflow/dags/retraining.py
[2026-02-08T19:57:32.029+0000] {logging_mixin.py:188} INFO - Added path to: /opt/airflow/src/utils
[2026-02-08T19:57:32.042+0000] {processor.py:840} INFO - DAG(s) 'ml_retraining_pipeline' retrieved from /opt/airflow/dags/retraining.py
[2026-02-08T19:57:32.260+0000] {logging_mixin.py:188} INFO - [2026-02-08T19:57:32.255+0000] {dag.py:3096} INFO - Sync 1 DAGs
[2026-02-08T19:57:32.371+0000] {logging_mixin.py:188} INFO - [2026-02-08T19:57:32.370+0000] {dag.py:3954} INFO - Setting next_dagrun for ml_retraining_pipeline to None, run_after=None
[2026-02-08T19:57:32.416+0000] {processor.py:183} INFO - Processing /opt/airflow/dags/retraining.py took 16.665 seconds
[2026-02-08T19:58:02.783+0000] {processor.py:161} INFO - Started process (PID=4097) to work on /opt/airflow/dags/retraining.py
[2026-02-08T19:58:02.785+0000] {processor.py:830} INFO - Processing file /opt/airflow/dags/retraining.py for tasks to queue
[2026-02-08T19:58:02.793+0000] {logging_mixin.py:188} INFO - [2026-02-08T19:58:02.792+0000] {dagbag.py:540} INFO - Filling up the DagBag from /opt/airflow/dags/retraining.py
[2026-02-08T19:58:05.938+0000] {logging_mixin.py:188} INFO - Added path to: /opt/airflow/src/utils
[2026-02-08T19:58:05.946+0000] {processor.py:840} INFO - DAG(s) 'ml_retraining_pipeline' retrieved from /opt/airflow/dags/retraining.py
[2026-02-08T19:58:05.974+0000] {logging_mixin.py:188} INFO - [2026-02-08T19:58:05.973+0000] {dag.py:3096} INFO - Sync 1 DAGs
[2026-02-08T19:58:05.991+0000] {logging_mixin.py:188} INFO - [2026-02-08T19:58:05.990+0000] {dag.py:3954} INFO - Setting next_dagrun for ml_retraining_pipeline to None, run_after=None
[2026-02-08T19:58:06.033+0000] {processor.py:183} INFO - Processing /opt/airflow/dags/retraining.py took 3.266 seconds
[2026-02-08T19:58:36.589+0000] {processor.py:161} INFO - Started process (PID=4115) to work on /opt/airflow/dags/retraining.py
[2026-02-08T19:58:36.591+0000] {processor.py:830} INFO - Processing file /opt/airflow/dags/retraining.py for tasks to queue
[2026-02-08T19:58:36.596+0000] {logging_mixin.py:188} INFO - [2026-02-08T19:58:36.595+0000] {dagbag.py:540} INFO - Filling up the DagBag from /opt/airflow/dags/retraining.py
[2026-02-08T19:58:40.524+0000] {logging_mixin.py:188} INFO - Added path to: /opt/airflow/src/utils
[2026-02-08T19:58:40.533+0000] {processor.py:840} INFO - DAG(s) 'ml_retraining_pipeline' retrieved from /opt/airflow/dags/retraining.py
[2026-02-08T19:58:40.582+0000] {logging_mixin.py:188} INFO - [2026-02-08T19:58:40.582+0000] {dag.py:3096} INFO - Sync 1 DAGs
[2026-02-08T19:58:40.608+0000] {logging_mixin.py:188} INFO - [2026-02-08T19:58:40.607+0000] {dag.py:3954} INFO - Setting next_dagrun for ml_retraining_pipeline to None, run_after=None
[2026-02-08T19:58:40.647+0000] {processor.py:183} INFO - Processing /opt/airflow/dags/retraining.py took 4.076 seconds
[2026-02-08T19:59:11.016+0000] {processor.py:161} INFO - Started process (PID=4132) to work on /opt/airflow/dags/retraining.py
[2026-02-08T19:59:11.018+0000] {processor.py:830} INFO - Processing file /opt/airflow/dags/retraining.py for tasks to queue
[2026-02-08T19:59:11.021+0000] {logging_mixin.py:188} INFO - [2026-02-08T19:59:11.021+0000] {dagbag.py:540} INFO - Filling up the DagBag from /opt/airflow/dags/retraining.py
[2026-02-08T19:59:15.098+0000] {logging_mixin.py:188} INFO - Added path to: /opt/airflow/src/utils
[2026-02-08T19:59:15.109+0000] {processor.py:840} INFO - DAG(s) 'ml_retraining_pipeline' retrieved from /opt/airflow/dags/retraining.py
[2026-02-08T19:59:15.149+0000] {logging_mixin.py:188} INFO - [2026-02-08T19:59:15.149+0000] {dag.py:3096} INFO - Sync 1 DAGs
[2026-02-08T19:59:15.165+0000] {logging_mixin.py:188} INFO - [2026-02-08T19:59:15.164+0000] {dag.py:3954} INFO - Setting next_dagrun for ml_retraining_pipeline to None, run_after=None
[2026-02-08T19:59:15.190+0000] {processor.py:183} INFO - Processing /opt/airflow/dags/retraining.py took 4.184 seconds
[2026-02-08T19:59:45.493+0000] {processor.py:161} INFO - Started process (PID=4149) to work on /opt/airflow/dags/retraining.py
[2026-02-08T19:59:45.495+0000] {processor.py:830} INFO - Processing file /opt/airflow/dags/retraining.py for tasks to queue
[2026-02-08T19:59:45.499+0000] {logging_mixin.py:188} INFO - [2026-02-08T19:59:45.498+0000] {dagbag.py:540} INFO - Filling up the DagBag from /opt/airflow/dags/retraining.py
[2026-02-08T19:59:55.592+0000] {logging_mixin.py:188} INFO - Added path to: /opt/airflow/src/utils
[2026-02-08T19:59:55.614+0000] {processor.py:840} INFO - DAG(s) 'ml_retraining_pipeline' retrieved from /opt/airflow/dags/retraining.py
[2026-02-08T19:59:55.698+0000] {logging_mixin.py:188} INFO - [2026-02-08T19:59:55.697+0000] {dag.py:3096} INFO - Sync 1 DAGs
[2026-02-08T19:59:55.936+0000] {logging_mixin.py:188} INFO - [2026-02-08T19:59:55.935+0000] {dag.py:3954} INFO - Setting next_dagrun for ml_retraining_pipeline to None, run_after=None
[2026-02-08T19:59:56.121+0000] {processor.py:183} INFO - Processing /opt/airflow/dags/retraining.py took 10.643 seconds
[2026-02-08T20:00:26.627+0000] {processor.py:161} INFO - Started process (PID=4167) to work on /opt/airflow/dags/retraining.py
[2026-02-08T20:00:26.633+0000] {processor.py:830} INFO - Processing file /opt/airflow/dags/retraining.py for tasks to queue
[2026-02-08T20:00:26.646+0000] {logging_mixin.py:188} INFO - [2026-02-08T20:00:26.642+0000] {dagbag.py:540} INFO - Filling up the DagBag from /opt/airflow/dags/retraining.py
[2026-02-08T20:00:34.104+0000] {logging_mixin.py:188} INFO - Added path to: /opt/airflow/src/utils
[2026-02-08T20:00:34.116+0000] {processor.py:840} INFO - DAG(s) 'ml_retraining_pipeline' retrieved from /opt/airflow/dags/retraining.py
[2026-02-08T20:00:34.156+0000] {logging_mixin.py:188} INFO - [2026-02-08T20:00:34.155+0000] {dag.py:3096} INFO - Sync 1 DAGs
[2026-02-08T20:00:34.176+0000] {logging_mixin.py:188} INFO - [2026-02-08T20:00:34.176+0000] {dag.py:3954} INFO - Setting next_dagrun for ml_retraining_pipeline to None, run_after=None
[2026-02-08T20:00:34.207+0000] {processor.py:183} INFO - Processing /opt/airflow/dags/retraining.py took 7.611 seconds
[2026-02-08T20:01:04.530+0000] {processor.py:161} INFO - Started process (PID=4190) to work on /opt/airflow/dags/retraining.py
[2026-02-08T20:01:04.531+0000] {processor.py:830} INFO - Processing file /opt/airflow/dags/retraining.py for tasks to queue
[2026-02-08T20:01:04.534+0000] {logging_mixin.py:188} INFO - [2026-02-08T20:01:04.534+0000] {dagbag.py:540} INFO - Filling up the DagBag from /opt/airflow/dags/retraining.py
[2026-02-08T20:01:07.668+0000] {logging_mixin.py:188} INFO - Added path to: /opt/airflow/src/utils
[2026-02-08T20:01:07.682+0000] {processor.py:840} INFO - DAG(s) 'ml_retraining_pipeline' retrieved from /opt/airflow/dags/retraining.py
[2026-02-08T20:01:07.733+0000] {logging_mixin.py:188} INFO - [2026-02-08T20:01:07.732+0000] {dag.py:3096} INFO - Sync 1 DAGs
[2026-02-08T20:01:07.756+0000] {logging_mixin.py:188} INFO - [2026-02-08T20:01:07.756+0000] {dag.py:3954} INFO - Setting next_dagrun for ml_retraining_pipeline to None, run_after=None
[2026-02-08T20:01:07.800+0000] {processor.py:183} INFO - Processing /opt/airflow/dags/retraining.py took 3.279 seconds
[2026-02-08T20:01:38.112+0000] {processor.py:161} INFO - Started process (PID=4207) to work on /opt/airflow/dags/retraining.py
[2026-02-08T20:01:38.113+0000] {processor.py:830} INFO - Processing file /opt/airflow/dags/retraining.py for tasks to queue
[2026-02-08T20:01:38.116+0000] {logging_mixin.py:188} INFO - [2026-02-08T20:01:38.116+0000] {dagbag.py:540} INFO - Filling up the DagBag from /opt/airflow/dags/retraining.py
[2026-02-08T20:01:42.022+0000] {logging_mixin.py:188} INFO - Added path to: /opt/airflow/src/utils
[2026-02-08T20:01:42.032+0000] {processor.py:840} INFO - DAG(s) 'ml_retraining_pipeline' retrieved from /opt/airflow/dags/retraining.py
[2026-02-08T20:01:42.059+0000] {logging_mixin.py:188} INFO - [2026-02-08T20:01:42.059+0000] {dag.py:3096} INFO - Sync 1 DAGs
[2026-02-08T20:01:42.073+0000] {logging_mixin.py:188} INFO - [2026-02-08T20:01:42.072+0000] {dag.py:3954} INFO - Setting next_dagrun for ml_retraining_pipeline to None, run_after=None
[2026-02-08T20:01:42.095+0000] {processor.py:183} INFO - Processing /opt/airflow/dags/retraining.py took 3.993 seconds
[2026-02-08T20:02:12.415+0000] {processor.py:161} INFO - Started process (PID=4225) to work on /opt/airflow/dags/retraining.py
[2026-02-08T20:02:12.418+0000] {processor.py:830} INFO - Processing file /opt/airflow/dags/retraining.py for tasks to queue
[2026-02-08T20:02:12.421+0000] {logging_mixin.py:188} INFO - [2026-02-08T20:02:12.421+0000] {dagbag.py:540} INFO - Filling up the DagBag from /opt/airflow/dags/retraining.py
[2026-02-08T20:02:14.976+0000] {logging_mixin.py:188} INFO - Added path to: /opt/airflow/src/utils
[2026-02-08T20:02:14.986+0000] {processor.py:840} INFO - DAG(s) 'ml_retraining_pipeline' retrieved from /opt/airflow/dags/retraining.py
[2026-02-08T20:02:15.019+0000] {logging_mixin.py:188} INFO - [2026-02-08T20:02:15.018+0000] {dag.py:3096} INFO - Sync 1 DAGs
[2026-02-08T20:02:15.034+0000] {logging_mixin.py:188} INFO - [2026-02-08T20:02:15.033+0000] {dag.py:3954} INFO - Setting next_dagrun for ml_retraining_pipeline to None, run_after=None
[2026-02-08T20:02:15.061+0000] {processor.py:183} INFO - Processing /opt/airflow/dags/retraining.py took 2.655 seconds
[2026-02-08T20:02:45.336+0000] {processor.py:161} INFO - Started process (PID=4242) to work on /opt/airflow/dags/retraining.py
[2026-02-08T20:02:45.337+0000] {processor.py:830} INFO - Processing file /opt/airflow/dags/retraining.py for tasks to queue
[2026-02-08T20:02:45.340+0000] {logging_mixin.py:188} INFO - [2026-02-08T20:02:45.340+0000] {dagbag.py:540} INFO - Filling up the DagBag from /opt/airflow/dags/retraining.py
[2026-02-08T20:02:47.910+0000] {logging_mixin.py:188} INFO - Added path to: /opt/airflow/src/utils
[2026-02-08T20:02:47.917+0000] {processor.py:840} INFO - DAG(s) 'ml_retraining_pipeline' retrieved from /opt/airflow/dags/retraining.py
[2026-02-08T20:02:47.939+0000] {logging_mixin.py:188} INFO - [2026-02-08T20:02:47.938+0000] {dag.py:3096} INFO - Sync 1 DAGs
[2026-02-08T20:02:47.951+0000] {logging_mixin.py:188} INFO - [2026-02-08T20:02:47.951+0000] {dag.py:3954} INFO - Setting next_dagrun for ml_retraining_pipeline to None, run_after=None
[2026-02-08T20:02:47.974+0000] {processor.py:183} INFO - Processing /opt/airflow/dags/retraining.py took 2.652 seconds
[2026-02-08T20:03:18.323+0000] {processor.py:161} INFO - Started process (PID=4260) to work on /opt/airflow/dags/retraining.py
[2026-02-08T20:03:18.325+0000] {processor.py:830} INFO - Processing file /opt/airflow/dags/retraining.py for tasks to queue
[2026-02-08T20:03:18.328+0000] {logging_mixin.py:188} INFO - [2026-02-08T20:03:18.327+0000] {dagbag.py:540} INFO - Filling up the DagBag from /opt/airflow/dags/retraining.py
[2026-02-08T20:03:21.449+0000] {logging_mixin.py:188} INFO - Added path to: /opt/airflow/src/utils
[2026-02-08T20:03:21.458+0000] {processor.py:840} INFO - DAG(s) 'ml_retraining_pipeline' retrieved from /opt/airflow/dags/retraining.py
[2026-02-08T20:03:21.493+0000] {logging_mixin.py:188} INFO - [2026-02-08T20:03:21.493+0000] {dag.py:3096} INFO - Sync 1 DAGs
[2026-02-08T20:03:21.510+0000] {logging_mixin.py:188} INFO - [2026-02-08T20:03:21.510+0000] {dag.py:3954} INFO - Setting next_dagrun for ml_retraining_pipeline to None, run_after=None
[2026-02-08T20:03:21.540+0000] {processor.py:183} INFO - Processing /opt/airflow/dags/retraining.py took 3.233 seconds
[2026-02-08T20:03:51.895+0000] {processor.py:161} INFO - Started process (PID=4277) to work on /opt/airflow/dags/retraining.py
[2026-02-08T20:03:51.899+0000] {processor.py:830} INFO - Processing file /opt/airflow/dags/retraining.py for tasks to queue
[2026-02-08T20:03:51.903+0000] {logging_mixin.py:188} INFO - [2026-02-08T20:03:51.902+0000] {dagbag.py:540} INFO - Filling up the DagBag from /opt/airflow/dags/retraining.py
[2026-02-08T20:03:54.832+0000] {logging_mixin.py:188} INFO - Added path to: /opt/airflow/src/utils
[2026-02-08T20:03:54.843+0000] {processor.py:840} INFO - DAG(s) 'ml_retraining_pipeline' retrieved from /opt/airflow/dags/retraining.py
[2026-02-08T20:03:54.870+0000] {logging_mixin.py:188} INFO - [2026-02-08T20:03:54.869+0000] {dag.py:3096} INFO - Sync 1 DAGs
[2026-02-08T20:03:54.882+0000] {logging_mixin.py:188} INFO - [2026-02-08T20:03:54.882+0000] {dag.py:3954} INFO - Setting next_dagrun for ml_retraining_pipeline to None, run_after=None
[2026-02-08T20:03:54.906+0000] {processor.py:183} INFO - Processing /opt/airflow/dags/retraining.py took 3.025 seconds
[2026-02-08T20:04:25.156+0000] {processor.py:161} INFO - Started process (PID=4294) to work on /opt/airflow/dags/retraining.py
[2026-02-08T20:04:25.157+0000] {processor.py:830} INFO - Processing file /opt/airflow/dags/retraining.py for tasks to queue
[2026-02-08T20:04:25.161+0000] {logging_mixin.py:188} INFO - [2026-02-08T20:04:25.160+0000] {dagbag.py:540} INFO - Filling up the DagBag from /opt/airflow/dags/retraining.py
[2026-02-08T20:04:28.116+0000] {logging_mixin.py:188} INFO - Added path to: /opt/airflow/src/utils
[2026-02-08T20:04:28.147+0000] {processor.py:840} INFO - DAG(s) 'ml_retraining_pipeline' retrieved from /opt/airflow/dags/retraining.py
[2026-02-08T20:04:28.244+0000] {logging_mixin.py:188} INFO - [2026-02-08T20:04:28.243+0000] {dag.py:3096} INFO - Sync 1 DAGs
[2026-02-08T20:04:28.275+0000] {logging_mixin.py:188} INFO - [2026-02-08T20:04:28.275+0000] {dag.py:3954} INFO - Setting next_dagrun for ml_retraining_pipeline to None, run_after=None
[2026-02-08T20:04:28.309+0000] {processor.py:183} INFO - Processing /opt/airflow/dags/retraining.py took 3.164 seconds
[2026-02-08T20:04:58.525+0000] {processor.py:161} INFO - Started process (PID=4317) to work on /opt/airflow/dags/retraining.py
[2026-02-08T20:04:58.526+0000] {processor.py:830} INFO - Processing file /opt/airflow/dags/retraining.py for tasks to queue
[2026-02-08T20:04:58.529+0000] {logging_mixin.py:188} INFO - [2026-02-08T20:04:58.529+0000] {dagbag.py:540} INFO - Filling up the DagBag from /opt/airflow/dags/retraining.py
[2026-02-08T20:05:02.849+0000] {logging_mixin.py:188} INFO - Added path to: /opt/airflow/src/utils
[2026-02-08T20:05:02.857+0000] {processor.py:840} INFO - DAG(s) 'ml_retraining_pipeline' retrieved from /opt/airflow/dags/retraining.py
[2026-02-08T20:05:02.884+0000] {logging_mixin.py:188} INFO - [2026-02-08T20:05:02.884+0000] {dag.py:3096} INFO - Sync 1 DAGs
[2026-02-08T20:05:02.899+0000] {logging_mixin.py:188} INFO - [2026-02-08T20:05:02.899+0000] {dag.py:3954} INFO - Setting next_dagrun for ml_retraining_pipeline to None, run_after=None
[2026-02-08T20:05:02.922+0000] {processor.py:183} INFO - Processing /opt/airflow/dags/retraining.py took 4.407 seconds
[2026-02-08T20:05:33.364+0000] {processor.py:161} INFO - Started process (PID=4335) to work on /opt/airflow/dags/retraining.py
[2026-02-08T20:05:33.366+0000] {processor.py:830} INFO - Processing file /opt/airflow/dags/retraining.py for tasks to queue
[2026-02-08T20:05:33.370+0000] {logging_mixin.py:188} INFO - [2026-02-08T20:05:33.370+0000] {dagbag.py:540} INFO - Filling up the DagBag from /opt/airflow/dags/retraining.py
[2026-02-08T20:05:36.483+0000] {logging_mixin.py:188} INFO - Added path to: /opt/airflow/src/utils
[2026-02-08T20:05:36.493+0000] {processor.py:840} INFO - DAG(s) 'ml_retraining_pipeline' retrieved from /opt/airflow/dags/retraining.py
[2026-02-08T20:05:36.520+0000] {logging_mixin.py:188} INFO - [2026-02-08T20:05:36.520+0000] {dag.py:3096} INFO - Sync 1 DAGs
[2026-02-08T20:05:36.535+0000] {logging_mixin.py:188} INFO - [2026-02-08T20:05:36.535+0000] {dag.py:3954} INFO - Setting next_dagrun for ml_retraining_pipeline to None, run_after=None
[2026-02-08T20:05:36.563+0000] {processor.py:183} INFO - Processing /opt/airflow/dags/retraining.py took 3.213 seconds
[2026-02-08T20:06:06.960+0000] {processor.py:161} INFO - Started process (PID=4352) to work on /opt/airflow/dags/retraining.py
[2026-02-08T20:06:06.970+0000] {processor.py:830} INFO - Processing file /opt/airflow/dags/retraining.py for tasks to queue
[2026-02-08T20:06:06.980+0000] {logging_mixin.py:188} INFO - [2026-02-08T20:06:06.977+0000] {dagbag.py:540} INFO - Filling up the DagBag from /opt/airflow/dags/retraining.py
[2026-02-08T20:06:15.027+0000] {logging_mixin.py:188} INFO - Added path to: /opt/airflow/src/utils
[2026-02-08T20:06:15.042+0000] {processor.py:840} INFO - DAG(s) 'ml_retraining_pipeline' retrieved from /opt/airflow/dags/retraining.py
[2026-02-08T20:06:15.103+0000] {logging_mixin.py:188} INFO - [2026-02-08T20:06:15.102+0000] {dag.py:3096} INFO - Sync 1 DAGs
[2026-02-08T20:06:15.135+0000] {logging_mixin.py:188} INFO - [2026-02-08T20:06:15.132+0000] {dag.py:3954} INFO - Setting next_dagrun for ml_retraining_pipeline to None, run_after=None
[2026-02-08T20:06:15.237+0000] {processor.py:183} INFO - Processing /opt/airflow/dags/retraining.py took 8.322 seconds
[2026-02-08T20:06:45.704+0000] {processor.py:161} INFO - Started process (PID=4369) to work on /opt/airflow/dags/retraining.py
[2026-02-08T20:06:45.706+0000] {processor.py:830} INFO - Processing file /opt/airflow/dags/retraining.py for tasks to queue
[2026-02-08T20:06:45.710+0000] {logging_mixin.py:188} INFO - [2026-02-08T20:06:45.709+0000] {dagbag.py:540} INFO - Filling up the DagBag from /opt/airflow/dags/retraining.py
[2026-02-08T20:06:49.095+0000] {logging_mixin.py:188} INFO - Added path to: /opt/airflow/src/utils
[2026-02-08T20:06:49.107+0000] {processor.py:840} INFO - DAG(s) 'ml_retraining_pipeline' retrieved from /opt/airflow/dags/retraining.py
[2026-02-08T20:06:49.136+0000] {logging_mixin.py:188} INFO - [2026-02-08T20:06:49.135+0000] {dag.py:3096} INFO - Sync 1 DAGs
[2026-02-08T20:06:49.151+0000] {logging_mixin.py:188} INFO - [2026-02-08T20:06:49.151+0000] {dag.py:3954} INFO - Setting next_dagrun for ml_retraining_pipeline to None, run_after=None
[2026-02-08T20:06:49.180+0000] {processor.py:183} INFO - Processing /opt/airflow/dags/retraining.py took 3.490 seconds
[2026-02-08T20:07:19.488+0000] {processor.py:161} INFO - Started process (PID=4386) to work on /opt/airflow/dags/retraining.py
[2026-02-08T20:07:19.489+0000] {processor.py:830} INFO - Processing file /opt/airflow/dags/retraining.py for tasks to queue
[2026-02-08T20:07:19.494+0000] {logging_mixin.py:188} INFO - [2026-02-08T20:07:19.492+0000] {dagbag.py:540} INFO - Filling up the DagBag from /opt/airflow/dags/retraining.py
[2026-02-08T20:07:22.878+0000] {logging_mixin.py:188} INFO - Added path to: /opt/airflow/src/utils
[2026-02-08T20:07:22.888+0000] {processor.py:840} INFO - DAG(s) 'ml_retraining_pipeline' retrieved from /opt/airflow/dags/retraining.py
[2026-02-08T20:07:22.924+0000] {logging_mixin.py:188} INFO - [2026-02-08T20:07:22.923+0000] {dag.py:3096} INFO - Sync 1 DAGs
[2026-02-08T20:07:22.937+0000] {logging_mixin.py:188} INFO - [2026-02-08T20:07:22.936+0000] {dag.py:3954} INFO - Setting next_dagrun for ml_retraining_pipeline to None, run_after=None
[2026-02-08T20:07:22.961+0000] {processor.py:183} INFO - Processing /opt/airflow/dags/retraining.py took 3.486 seconds
[2026-02-08T20:07:53.510+0000] {processor.py:161} INFO - Started process (PID=4403) to work on /opt/airflow/dags/retraining.py
[2026-02-08T20:07:53.515+0000] {processor.py:830} INFO - Processing file /opt/airflow/dags/retraining.py for tasks to queue
[2026-02-08T20:07:53.528+0000] {logging_mixin.py:188} INFO - [2026-02-08T20:07:53.526+0000] {dagbag.py:540} INFO - Filling up the DagBag from /opt/airflow/dags/retraining.py
[2026-02-08T20:07:58.450+0000] {logging_mixin.py:188} INFO - Added path to: /opt/airflow/src/utils
[2026-02-08T20:07:58.461+0000] {processor.py:840} INFO - DAG(s) 'ml_retraining_pipeline' retrieved from /opt/airflow/dags/retraining.py
[2026-02-08T20:07:58.502+0000] {logging_mixin.py:188} INFO - [2026-02-08T20:07:58.501+0000] {dag.py:3096} INFO - Sync 1 DAGs
[2026-02-08T20:07:58.519+0000] {logging_mixin.py:188} INFO - [2026-02-08T20:07:58.519+0000] {dag.py:3954} INFO - Setting next_dagrun for ml_retraining_pipeline to None, run_after=None
[2026-02-08T20:07:58.548+0000] {processor.py:183} INFO - Processing /opt/airflow/dags/retraining.py took 5.111 seconds
[2026-02-08T20:08:28.789+0000] {processor.py:161} INFO - Started process (PID=4420) to work on /opt/airflow/dags/retraining.py
[2026-02-08T20:08:28.790+0000] {processor.py:830} INFO - Processing file /opt/airflow/dags/retraining.py for tasks to queue
[2026-02-08T20:08:28.795+0000] {logging_mixin.py:188} INFO - [2026-02-08T20:08:28.795+0000] {dagbag.py:540} INFO - Filling up the DagBag from /opt/airflow/dags/retraining.py
[2026-02-08T20:08:31.692+0000] {logging_mixin.py:188} INFO - Added path to: /opt/airflow/src/utils
[2026-02-08T20:08:31.702+0000] {processor.py:840} INFO - DAG(s) 'ml_retraining_pipeline' retrieved from /opt/airflow/dags/retraining.py
[2026-02-08T20:08:31.733+0000] {logging_mixin.py:188} INFO - [2026-02-08T20:08:31.732+0000] {dag.py:3096} INFO - Sync 1 DAGs
[2026-02-08T20:08:31.748+0000] {logging_mixin.py:188} INFO - [2026-02-08T20:08:31.748+0000] {dag.py:3954} INFO - Setting next_dagrun for ml_retraining_pipeline to None, run_after=None
[2026-02-08T20:08:31.780+0000] {processor.py:183} INFO - Processing /opt/airflow/dags/retraining.py took 3.004 seconds
[2026-02-08T20:09:02.101+0000] {processor.py:161} INFO - Started process (PID=4443) to work on /opt/airflow/dags/retraining.py
[2026-02-08T20:09:02.103+0000] {processor.py:830} INFO - Processing file /opt/airflow/dags/retraining.py for tasks to queue
[2026-02-08T20:09:02.106+0000] {logging_mixin.py:188} INFO - [2026-02-08T20:09:02.105+0000] {dagbag.py:540} INFO - Filling up the DagBag from /opt/airflow/dags/retraining.py
[2026-02-08T20:09:04.834+0000] {logging_mixin.py:188} INFO - Added path to: /opt/airflow/src/utils
[2026-02-08T20:09:04.844+0000] {processor.py:840} INFO - DAG(s) 'ml_retraining_pipeline' retrieved from /opt/airflow/dags/retraining.py
[2026-02-08T20:09:04.874+0000] {logging_mixin.py:188} INFO - [2026-02-08T20:09:04.873+0000] {dag.py:3096} INFO - Sync 1 DAGs
[2026-02-08T20:09:04.886+0000] {logging_mixin.py:188} INFO - [2026-02-08T20:09:04.886+0000] {dag.py:3954} INFO - Setting next_dagrun for ml_retraining_pipeline to None, run_after=None
[2026-02-08T20:09:04.912+0000] {processor.py:183} INFO - Processing /opt/airflow/dags/retraining.py took 2.821 seconds
[2026-02-08T20:09:35.188+0000] {processor.py:161} INFO - Started process (PID=4460) to work on /opt/airflow/dags/retraining.py
[2026-02-08T20:09:35.189+0000] {processor.py:830} INFO - Processing file /opt/airflow/dags/retraining.py for tasks to queue
[2026-02-08T20:09:35.192+0000] {logging_mixin.py:188} INFO - [2026-02-08T20:09:35.192+0000] {dagbag.py:540} INFO - Filling up the DagBag from /opt/airflow/dags/retraining.py
[2026-02-08T20:09:38.285+0000] {logging_mixin.py:188} INFO - Added path to: /opt/airflow/src/utils
[2026-02-08T20:09:38.296+0000] {processor.py:840} INFO - DAG(s) 'ml_retraining_pipeline' retrieved from /opt/airflow/dags/retraining.py
[2026-02-08T20:09:38.335+0000] {logging_mixin.py:188} INFO - [2026-02-08T20:09:38.334+0000] {dag.py:3096} INFO - Sync 1 DAGs
[2026-02-08T20:09:38.353+0000] {logging_mixin.py:188} INFO - [2026-02-08T20:09:38.353+0000] {dag.py:3954} INFO - Setting next_dagrun for ml_retraining_pipeline to None, run_after=None
[2026-02-08T20:09:38.389+0000] {processor.py:183} INFO - Processing /opt/airflow/dags/retraining.py took 3.209 seconds
[2026-02-08T20:10:08.621+0000] {processor.py:161} INFO - Started process (PID=4477) to work on /opt/airflow/dags/retraining.py
[2026-02-08T20:10:08.624+0000] {processor.py:830} INFO - Processing file /opt/airflow/dags/retraining.py for tasks to queue
[2026-02-08T20:10:08.629+0000] {logging_mixin.py:188} INFO - [2026-02-08T20:10:08.628+0000] {dagbag.py:540} INFO - Filling up the DagBag from /opt/airflow/dags/retraining.py
[2026-02-08T20:10:13.379+0000] {logging_mixin.py:188} INFO - Added path to: /opt/airflow/src/utils
[2026-02-08T20:10:13.392+0000] {processor.py:840} INFO - DAG(s) 'ml_retraining_pipeline' retrieved from /opt/airflow/dags/retraining.py
[2026-02-08T20:10:13.428+0000] {logging_mixin.py:188} INFO - [2026-02-08T20:10:13.427+0000] {dag.py:3096} INFO - Sync 1 DAGs
[2026-02-08T20:10:13.443+0000] {logging_mixin.py:188} INFO - [2026-02-08T20:10:13.442+0000] {dag.py:3954} INFO - Setting next_dagrun for ml_retraining_pipeline to None, run_after=None
[2026-02-08T20:10:13.475+0000] {processor.py:183} INFO - Processing /opt/airflow/dags/retraining.py took 4.872 seconds
[2026-02-08T20:10:43.946+0000] {processor.py:161} INFO - Started process (PID=4494) to work on /opt/airflow/dags/retraining.py
[2026-02-08T20:10:43.948+0000] {processor.py:830} INFO - Processing file /opt/airflow/dags/retraining.py for tasks to queue
[2026-02-08T20:10:43.953+0000] {logging_mixin.py:188} INFO - [2026-02-08T20:10:43.953+0000] {dagbag.py:540} INFO - Filling up the DagBag from /opt/airflow/dags/retraining.py
[2026-02-08T20:10:48.468+0000] {logging_mixin.py:188} INFO - Added path to: /opt/airflow/src/utils
[2026-02-08T20:10:48.480+0000] {processor.py:840} INFO - DAG(s) 'ml_retraining_pipeline' retrieved from /opt/airflow/dags/retraining.py
[2026-02-08T20:10:48.514+0000] {logging_mixin.py:188} INFO - [2026-02-08T20:10:48.514+0000] {dag.py:3096} INFO - Sync 1 DAGs
[2026-02-08T20:10:48.538+0000] {logging_mixin.py:188} INFO - [2026-02-08T20:10:48.537+0000] {dag.py:3954} INFO - Setting next_dagrun for ml_retraining_pipeline to None, run_after=None
[2026-02-08T20:10:48.568+0000] {processor.py:183} INFO - Processing /opt/airflow/dags/retraining.py took 4.645 seconds
[2026-02-08T20:11:18.932+0000] {processor.py:161} INFO - Started process (PID=4511) to work on /opt/airflow/dags/retraining.py
[2026-02-08T20:11:18.934+0000] {processor.py:830} INFO - Processing file /opt/airflow/dags/retraining.py for tasks to queue
[2026-02-08T20:11:18.938+0000] {logging_mixin.py:188} INFO - [2026-02-08T20:11:18.937+0000] {dagbag.py:540} INFO - Filling up the DagBag from /opt/airflow/dags/retraining.py
[2026-02-08T20:11:22.568+0000] {logging_mixin.py:188} INFO - Added path to: /opt/airflow/src/utils
[2026-02-08T20:11:22.579+0000] {processor.py:840} INFO - DAG(s) 'ml_retraining_pipeline' retrieved from /opt/airflow/dags/retraining.py
[2026-02-08T20:11:22.615+0000] {logging_mixin.py:188} INFO - [2026-02-08T20:11:22.614+0000] {dag.py:3096} INFO - Sync 1 DAGs
[2026-02-08T20:11:22.629+0000] {logging_mixin.py:188} INFO - [2026-02-08T20:11:22.629+0000] {dag.py:3954} INFO - Setting next_dagrun for ml_retraining_pipeline to None, run_after=None
[2026-02-08T20:11:22.653+0000] {processor.py:183} INFO - Processing /opt/airflow/dags/retraining.py took 3.739 seconds
[2026-02-08T20:11:53.002+0000] {processor.py:161} INFO - Started process (PID=4528) to work on /opt/airflow/dags/retraining.py
[2026-02-08T20:11:53.004+0000] {processor.py:830} INFO - Processing file /opt/airflow/dags/retraining.py for tasks to queue
[2026-02-08T20:11:53.006+0000] {logging_mixin.py:188} INFO - [2026-02-08T20:11:53.006+0000] {dagbag.py:540} INFO - Filling up the DagBag from /opt/airflow/dags/retraining.py
[2026-02-08T20:11:56.857+0000] {logging_mixin.py:188} INFO - Added path to: /opt/airflow/src/utils
[2026-02-08T20:11:56.865+0000] {processor.py:840} INFO - DAG(s) 'ml_retraining_pipeline' retrieved from /opt/airflow/dags/retraining.py
[2026-02-08T20:11:56.895+0000] {logging_mixin.py:188} INFO - [2026-02-08T20:11:56.895+0000] {dag.py:3096} INFO - Sync 1 DAGs
[2026-02-08T20:11:56.912+0000] {logging_mixin.py:188} INFO - [2026-02-08T20:11:56.912+0000] {dag.py:3954} INFO - Setting next_dagrun for ml_retraining_pipeline to None, run_after=None
[2026-02-08T20:11:56.933+0000] {processor.py:183} INFO - Processing /opt/airflow/dags/retraining.py took 3.941 seconds
[2026-02-08T20:12:27.229+0000] {processor.py:161} INFO - Started process (PID=4545) to work on /opt/airflow/dags/retraining.py
[2026-02-08T20:12:27.232+0000] {processor.py:830} INFO - Processing file /opt/airflow/dags/retraining.py for tasks to queue
[2026-02-08T20:12:27.236+0000] {logging_mixin.py:188} INFO - [2026-02-08T20:12:27.235+0000] {dagbag.py:540} INFO - Filling up the DagBag from /opt/airflow/dags/retraining.py
[2026-02-08T20:12:30.279+0000] {logging_mixin.py:188} INFO - Added path to: /opt/airflow/src/utils
[2026-02-08T20:12:30.292+0000] {processor.py:840} INFO - DAG(s) 'ml_retraining_pipeline' retrieved from /opt/airflow/dags/retraining.py
[2026-02-08T20:12:30.320+0000] {logging_mixin.py:188} INFO - [2026-02-08T20:12:30.320+0000] {dag.py:3096} INFO - Sync 1 DAGs
[2026-02-08T20:12:30.335+0000] {logging_mixin.py:188} INFO - [2026-02-08T20:12:30.335+0000] {dag.py:3954} INFO - Setting next_dagrun for ml_retraining_pipeline to None, run_after=None
[2026-02-08T20:12:30.363+0000] {processor.py:183} INFO - Processing /opt/airflow/dags/retraining.py took 3.152 seconds
[2026-02-08T20:13:00.489+0000] {processor.py:161} INFO - Started process (PID=4569) to work on /opt/airflow/dags/retraining.py
[2026-02-08T20:13:00.492+0000] {processor.py:830} INFO - Processing file /opt/airflow/dags/retraining.py for tasks to queue
[2026-02-08T20:13:00.499+0000] {logging_mixin.py:188} INFO - [2026-02-08T20:13:00.498+0000] {dagbag.py:540} INFO - Filling up the DagBag from /opt/airflow/dags/retraining.py
[2026-02-08T20:13:04.451+0000] {logging_mixin.py:188} INFO - Added path to: /opt/airflow/src/utils
[2026-02-08T20:13:04.476+0000] {processor.py:840} INFO - DAG(s) 'ml_retraining_pipeline' retrieved from /opt/airflow/dags/retraining.py
[2026-02-08T20:13:04.535+0000] {logging_mixin.py:188} INFO - [2026-02-08T20:13:04.534+0000] {dag.py:3096} INFO - Sync 1 DAGs
[2026-02-08T20:13:04.573+0000] {logging_mixin.py:188} INFO - [2026-02-08T20:13:04.571+0000] {dag.py:3954} INFO - Setting next_dagrun for ml_retraining_pipeline to None, run_after=None
[2026-02-08T20:13:04.636+0000] {processor.py:183} INFO - Processing /opt/airflow/dags/retraining.py took 4.164 seconds
[2026-02-08T20:13:34.981+0000] {processor.py:161} INFO - Started process (PID=4586) to work on /opt/airflow/dags/retraining.py
[2026-02-08T20:13:34.983+0000] {processor.py:830} INFO - Processing file /opt/airflow/dags/retraining.py for tasks to queue
[2026-02-08T20:13:34.987+0000] {logging_mixin.py:188} INFO - [2026-02-08T20:13:34.987+0000] {dagbag.py:540} INFO - Filling up the DagBag from /opt/airflow/dags/retraining.py
[2026-02-08T20:13:38.895+0000] {logging_mixin.py:188} INFO - Added path to: /opt/airflow/src/utils
[2026-02-08T20:13:38.910+0000] {processor.py:840} INFO - DAG(s) 'ml_retraining_pipeline' retrieved from /opt/airflow/dags/retraining.py
[2026-02-08T20:13:38.965+0000] {logging_mixin.py:188} INFO - [2026-02-08T20:13:38.963+0000] {dag.py:3096} INFO - Sync 1 DAGs
[2026-02-08T20:13:38.989+0000] {logging_mixin.py:188} INFO - [2026-02-08T20:13:38.988+0000] {dag.py:3954} INFO - Setting next_dagrun for ml_retraining_pipeline to None, run_after=None
[2026-02-08T20:13:39.027+0000] {processor.py:183} INFO - Processing /opt/airflow/dags/retraining.py took 4.061 seconds
[2026-02-08T20:14:09.276+0000] {processor.py:161} INFO - Started process (PID=4603) to work on /opt/airflow/dags/retraining.py
[2026-02-08T20:14:09.277+0000] {processor.py:830} INFO - Processing file /opt/airflow/dags/retraining.py for tasks to queue
[2026-02-08T20:14:09.283+0000] {logging_mixin.py:188} INFO - [2026-02-08T20:14:09.282+0000] {dagbag.py:540} INFO - Filling up the DagBag from /opt/airflow/dags/retraining.py
[2026-02-08T20:14:12.620+0000] {logging_mixin.py:188} INFO - Added path to: /opt/airflow/src/utils
[2026-02-08T20:14:12.629+0000] {processor.py:840} INFO - DAG(s) 'ml_retraining_pipeline' retrieved from /opt/airflow/dags/retraining.py
[2026-02-08T20:14:12.656+0000] {logging_mixin.py:188} INFO - [2026-02-08T20:14:12.655+0000] {dag.py:3096} INFO - Sync 1 DAGs
[2026-02-08T20:14:12.671+0000] {logging_mixin.py:188} INFO - [2026-02-08T20:14:12.671+0000] {dag.py:3954} INFO - Setting next_dagrun for ml_retraining_pipeline to None, run_after=None
[2026-02-08T20:14:12.698+0000] {processor.py:183} INFO - Processing /opt/airflow/dags/retraining.py took 3.436 seconds
[2026-02-08T20:14:43.062+0000] {processor.py:161} INFO - Started process (PID=4620) to work on /opt/airflow/dags/retraining.py
[2026-02-08T20:14:43.063+0000] {processor.py:830} INFO - Processing file /opt/airflow/dags/retraining.py for tasks to queue
[2026-02-08T20:14:43.067+0000] {logging_mixin.py:188} INFO - [2026-02-08T20:14:43.066+0000] {dagbag.py:540} INFO - Filling up the DagBag from /opt/airflow/dags/retraining.py
[2026-02-08T20:14:46.338+0000] {logging_mixin.py:188} INFO - Added path to: /opt/airflow/src/utils
[2026-02-08T20:14:46.346+0000] {processor.py:840} INFO - DAG(s) 'ml_retraining_pipeline' retrieved from /opt/airflow/dags/retraining.py
[2026-02-08T20:14:46.373+0000] {logging_mixin.py:188} INFO - [2026-02-08T20:14:46.372+0000] {dag.py:3096} INFO - Sync 1 DAGs
[2026-02-08T20:14:46.388+0000] {logging_mixin.py:188} INFO - [2026-02-08T20:14:46.388+0000] {dag.py:3954} INFO - Setting next_dagrun for ml_retraining_pipeline to None, run_after=None
[2026-02-08T20:14:46.413+0000] {processor.py:183} INFO - Processing /opt/airflow/dags/retraining.py took 3.362 seconds
[2026-02-08T20:15:16.796+0000] {processor.py:161} INFO - Started process (PID=4637) to work on /opt/airflow/dags/retraining.py
[2026-02-08T20:15:16.797+0000] {processor.py:830} INFO - Processing file /opt/airflow/dags/retraining.py for tasks to queue
[2026-02-08T20:15:16.801+0000] {logging_mixin.py:188} INFO - [2026-02-08T20:15:16.800+0000] {dagbag.py:540} INFO - Filling up the DagBag from /opt/airflow/dags/retraining.py
[2026-02-08T20:15:20.176+0000] {logging_mixin.py:188} INFO - Added path to: /opt/airflow/src/utils
[2026-02-08T20:15:20.187+0000] {processor.py:840} INFO - DAG(s) 'ml_retraining_pipeline' retrieved from /opt/airflow/dags/retraining.py
[2026-02-08T20:15:20.225+0000] {logging_mixin.py:188} INFO - [2026-02-08T20:15:20.224+0000] {dag.py:3096} INFO - Sync 1 DAGs
[2026-02-08T20:15:20.243+0000] {logging_mixin.py:188} INFO - [2026-02-08T20:15:20.243+0000] {dag.py:3954} INFO - Setting next_dagrun for ml_retraining_pipeline to None, run_after=None
[2026-02-08T20:15:20.280+0000] {processor.py:183} INFO - Processing /opt/airflow/dags/retraining.py took 3.501 seconds
[2026-02-08T20:15:50.552+0000] {processor.py:161} INFO - Started process (PID=4654) to work on /opt/airflow/dags/retraining.py
[2026-02-08T20:15:50.554+0000] {processor.py:830} INFO - Processing file /opt/airflow/dags/retraining.py for tasks to queue
[2026-02-08T20:15:50.557+0000] {logging_mixin.py:188} INFO - [2026-02-08T20:15:50.556+0000] {dagbag.py:540} INFO - Filling up the DagBag from /opt/airflow/dags/retraining.py
[2026-02-08T20:15:55.128+0000] {logging_mixin.py:188} INFO - Added path to: /opt/airflow/src/utils
[2026-02-08T20:15:55.143+0000] {processor.py:840} INFO - DAG(s) 'ml_retraining_pipeline' retrieved from /opt/airflow/dags/retraining.py
[2026-02-08T20:15:55.198+0000] {logging_mixin.py:188} INFO - [2026-02-08T20:15:55.196+0000] {dag.py:3096} INFO - Sync 1 DAGs
[2026-02-08T20:15:55.231+0000] {logging_mixin.py:188} INFO - [2026-02-08T20:15:55.231+0000] {dag.py:3954} INFO - Setting next_dagrun for ml_retraining_pipeline to None, run_after=None
[2026-02-08T20:15:55.280+0000] {processor.py:183} INFO - Processing /opt/airflow/dags/retraining.py took 4.738 seconds
[2026-02-08T20:16:25.634+0000] {processor.py:161} INFO - Started process (PID=4671) to work on /opt/airflow/dags/retraining.py
[2026-02-08T20:16:25.637+0000] {processor.py:830} INFO - Processing file /opt/airflow/dags/retraining.py for tasks to queue
[2026-02-08T20:16:25.641+0000] {logging_mixin.py:188} INFO - [2026-02-08T20:16:25.640+0000] {dagbag.py:540} INFO - Filling up the DagBag from /opt/airflow/dags/retraining.py
[2026-02-08T20:16:29.801+0000] {logging_mixin.py:188} INFO - Added path to: /opt/airflow/src/utils
[2026-02-08T20:16:29.814+0000] {processor.py:840} INFO - DAG(s) 'ml_retraining_pipeline' retrieved from /opt/airflow/dags/retraining.py
[2026-02-08T20:16:29.854+0000] {logging_mixin.py:188} INFO - [2026-02-08T20:16:29.852+0000] {dag.py:3096} INFO - Sync 1 DAGs
[2026-02-08T20:16:29.872+0000] {logging_mixin.py:188} INFO - [2026-02-08T20:16:29.872+0000] {dag.py:3954} INFO - Setting next_dagrun for ml_retraining_pipeline to None, run_after=None
[2026-02-08T20:16:29.906+0000] {processor.py:183} INFO - Processing /opt/airflow/dags/retraining.py took 4.289 seconds
[2026-02-08T20:17:00.158+0000] {processor.py:161} INFO - Started process (PID=4688) to work on /opt/airflow/dags/retraining.py
[2026-02-08T20:17:00.159+0000] {processor.py:830} INFO - Processing file /opt/airflow/dags/retraining.py for tasks to queue
[2026-02-08T20:17:00.162+0000] {logging_mixin.py:188} INFO - [2026-02-08T20:17:00.162+0000] {dagbag.py:540} INFO - Filling up the DagBag from /opt/airflow/dags/retraining.py
[2026-02-08T20:17:03.385+0000] {logging_mixin.py:188} INFO - Added path to: /opt/airflow/src/utils
[2026-02-08T20:17:03.393+0000] {processor.py:840} INFO - DAG(s) 'ml_retraining_pipeline' retrieved from /opt/airflow/dags/retraining.py
[2026-02-08T20:17:03.419+0000] {logging_mixin.py:188} INFO - [2026-02-08T20:17:03.419+0000] {dag.py:3096} INFO - Sync 1 DAGs
[2026-02-08T20:17:03.431+0000] {logging_mixin.py:188} INFO - [2026-02-08T20:17:03.430+0000] {dag.py:3954} INFO - Setting next_dagrun for ml_retraining_pipeline to None, run_after=None
[2026-02-08T20:17:03.454+0000] {processor.py:183} INFO - Processing /opt/airflow/dags/retraining.py took 3.306 seconds
[2026-02-08T20:17:33.819+0000] {processor.py:161} INFO - Started process (PID=4711) to work on /opt/airflow/dags/retraining.py
[2026-02-08T20:17:33.822+0000] {processor.py:830} INFO - Processing file /opt/airflow/dags/retraining.py for tasks to queue
[2026-02-08T20:17:33.834+0000] {logging_mixin.py:188} INFO - [2026-02-08T20:17:33.834+0000] {dagbag.py:540} INFO - Filling up the DagBag from /opt/airflow/dags/retraining.py
[2026-02-08T20:17:41.849+0000] {logging_mixin.py:188} INFO - Added path to: /opt/airflow/src/utils
[2026-02-08T20:17:41.865+0000] {processor.py:840} INFO - DAG(s) 'ml_retraining_pipeline' retrieved from /opt/airflow/dags/retraining.py
[2026-02-08T20:17:41.916+0000] {logging_mixin.py:188} INFO - [2026-02-08T20:17:41.915+0000] {dag.py:3096} INFO - Sync 1 DAGs
[2026-02-08T20:17:41.942+0000] {logging_mixin.py:188} INFO - [2026-02-08T20:17:41.941+0000] {dag.py:3954} INFO - Setting next_dagrun for ml_retraining_pipeline to None, run_after=None
[2026-02-08T20:17:41.984+0000] {processor.py:183} INFO - Processing /opt/airflow/dags/retraining.py took 8.190 seconds
[2026-02-08T20:18:12.333+0000] {processor.py:161} INFO - Started process (PID=4728) to work on /opt/airflow/dags/retraining.py
[2026-02-08T20:18:12.335+0000] {processor.py:830} INFO - Processing file /opt/airflow/dags/retraining.py for tasks to queue
[2026-02-08T20:18:12.340+0000] {logging_mixin.py:188} INFO - [2026-02-08T20:18:12.339+0000] {dagbag.py:540} INFO - Filling up the DagBag from /opt/airflow/dags/retraining.py
[2026-02-08T20:18:16.439+0000] {logging_mixin.py:188} INFO - Added path to: /opt/airflow/src/utils
[2026-02-08T20:18:16.447+0000] {processor.py:840} INFO - DAG(s) 'ml_retraining_pipeline' retrieved from /opt/airflow/dags/retraining.py
[2026-02-08T20:18:16.473+0000] {logging_mixin.py:188} INFO - [2026-02-08T20:18:16.473+0000] {dag.py:3096} INFO - Sync 1 DAGs
[2026-02-08T20:18:16.487+0000] {logging_mixin.py:188} INFO - [2026-02-08T20:18:16.486+0000] {dag.py:3954} INFO - Setting next_dagrun for ml_retraining_pipeline to None, run_after=None
[2026-02-08T20:18:16.512+0000] {processor.py:183} INFO - Processing /opt/airflow/dags/retraining.py took 4.192 seconds
[2026-02-08T20:18:46.606+0000] {processor.py:161} INFO - Started process (PID=4745) to work on /opt/airflow/dags/retraining.py
[2026-02-08T20:18:46.608+0000] {processor.py:830} INFO - Processing file /opt/airflow/dags/retraining.py for tasks to queue
[2026-02-08T20:18:46.613+0000] {logging_mixin.py:188} INFO - [2026-02-08T20:18:46.612+0000] {dagbag.py:540} INFO - Filling up the DagBag from /opt/airflow/dags/retraining.py
[2026-02-08T20:18:50.028+0000] {logging_mixin.py:188} INFO - Added path to: /opt/airflow/src/utils
[2026-02-08T20:18:50.038+0000] {processor.py:840} INFO - DAG(s) 'ml_retraining_pipeline' retrieved from /opt/airflow/dags/retraining.py
[2026-02-08T20:18:50.067+0000] {logging_mixin.py:188} INFO - [2026-02-08T20:18:50.067+0000] {dag.py:3096} INFO - Sync 1 DAGs
[2026-02-08T20:18:50.082+0000] {logging_mixin.py:188} INFO - [2026-02-08T20:18:50.082+0000] {dag.py:3954} INFO - Setting next_dagrun for ml_retraining_pipeline to None, run_after=None
[2026-02-08T20:18:50.112+0000] {processor.py:183} INFO - Processing /opt/airflow/dags/retraining.py took 3.522 seconds
[2026-02-08T20:19:20.362+0000] {processor.py:161} INFO - Started process (PID=4762) to work on /opt/airflow/dags/retraining.py
[2026-02-08T20:19:20.363+0000] {processor.py:830} INFO - Processing file /opt/airflow/dags/retraining.py for tasks to queue
[2026-02-08T20:19:20.367+0000] {logging_mixin.py:188} INFO - [2026-02-08T20:19:20.366+0000] {dagbag.py:540} INFO - Filling up the DagBag from /opt/airflow/dags/retraining.py
[2026-02-08T20:19:23.921+0000] {logging_mixin.py:188} INFO - Added path to: /opt/airflow/src/utils
[2026-02-08T20:19:23.934+0000] {processor.py:840} INFO - DAG(s) 'ml_retraining_pipeline' retrieved from /opt/airflow/dags/retraining.py
[2026-02-08T20:19:23.972+0000] {logging_mixin.py:188} INFO - [2026-02-08T20:19:23.971+0000] {dag.py:3096} INFO - Sync 1 DAGs
[2026-02-08T20:19:23.987+0000] {logging_mixin.py:188} INFO - [2026-02-08T20:19:23.986+0000] {dag.py:3954} INFO - Setting next_dagrun for ml_retraining_pipeline to None, run_after=None
[2026-02-08T20:19:24.022+0000] {processor.py:183} INFO - Processing /opt/airflow/dags/retraining.py took 3.671 seconds
[2026-02-08T20:19:54.438+0000] {processor.py:161} INFO - Started process (PID=4779) to work on /opt/airflow/dags/retraining.py
[2026-02-08T20:19:54.440+0000] {processor.py:830} INFO - Processing file /opt/airflow/dags/retraining.py for tasks to queue
[2026-02-08T20:19:54.445+0000] {logging_mixin.py:188} INFO - [2026-02-08T20:19:54.444+0000] {dagbag.py:540} INFO - Filling up the DagBag from /opt/airflow/dags/retraining.py
[2026-02-08T20:19:59.717+0000] {logging_mixin.py:188} INFO - Added path to: /opt/airflow/src/utils
[2026-02-08T20:19:59.742+0000] {processor.py:840} INFO - DAG(s) 'ml_retraining_pipeline' retrieved from /opt/airflow/dags/retraining.py
[2026-02-08T20:19:59.787+0000] {logging_mixin.py:188} INFO - [2026-02-08T20:19:59.786+0000] {dag.py:3096} INFO - Sync 1 DAGs
[2026-02-08T20:19:59.842+0000] {logging_mixin.py:188} INFO - [2026-02-08T20:19:59.841+0000] {dag.py:3954} INFO - Setting next_dagrun for ml_retraining_pipeline to None, run_after=None
[2026-02-08T20:19:59.873+0000] {processor.py:183} INFO - Processing /opt/airflow/dags/retraining.py took 5.455 seconds
[2026-02-08T20:20:30.107+0000] {processor.py:161} INFO - Started process (PID=4796) to work on /opt/airflow/dags/retraining.py
[2026-02-08T20:20:30.110+0000] {processor.py:830} INFO - Processing file /opt/airflow/dags/retraining.py for tasks to queue
[2026-02-08T20:20:30.115+0000] {logging_mixin.py:188} INFO - [2026-02-08T20:20:30.114+0000] {dagbag.py:540} INFO - Filling up the DagBag from /opt/airflow/dags/retraining.py
[2026-02-08T20:20:34.613+0000] {logging_mixin.py:188} INFO - Added path to: /opt/airflow/src/utils
[2026-02-08T20:20:34.629+0000] {processor.py:840} INFO - DAG(s) 'ml_retraining_pipeline' retrieved from /opt/airflow/dags/retraining.py
[2026-02-08T20:20:34.682+0000] {logging_mixin.py:188} INFO - [2026-02-08T20:20:34.681+0000] {dag.py:3096} INFO - Sync 1 DAGs
[2026-02-08T20:20:34.717+0000] {logging_mixin.py:188} INFO - [2026-02-08T20:20:34.716+0000] {dag.py:3954} INFO - Setting next_dagrun for ml_retraining_pipeline to None, run_after=None
[2026-02-08T20:20:34.763+0000] {processor.py:183} INFO - Processing /opt/airflow/dags/retraining.py took 4.669 seconds
[2026-02-08T20:21:05.556+0000] {processor.py:161} INFO - Started process (PID=4820) to work on /opt/airflow/dags/retraining.py
[2026-02-08T20:21:05.570+0000] {processor.py:830} INFO - Processing file /opt/airflow/dags/retraining.py for tasks to queue
[2026-02-08T20:21:05.603+0000] {logging_mixin.py:188} INFO - [2026-02-08T20:21:05.602+0000] {dagbag.py:540} INFO - Filling up the DagBag from /opt/airflow/dags/retraining.py
[2026-02-08T20:21:15.602+0000] {logging_mixin.py:188} INFO - Added path to: /opt/airflow/src/utils
[2026-02-08T20:21:15.620+0000] {processor.py:840} INFO - DAG(s) 'ml_retraining_pipeline' retrieved from /opt/airflow/dags/retraining.py
[2026-02-08T20:21:15.708+0000] {logging_mixin.py:188} INFO - [2026-02-08T20:21:15.707+0000] {dag.py:3096} INFO - Sync 1 DAGs
[2026-02-08T20:21:15.768+0000] {logging_mixin.py:188} INFO - [2026-02-08T20:21:15.767+0000] {dag.py:3954} INFO - Setting next_dagrun for ml_retraining_pipeline to None, run_after=None
[2026-02-08T20:21:15.831+0000] {processor.py:183} INFO - Processing /opt/airflow/dags/retraining.py took 10.340 seconds
[2026-02-08T20:21:46.280+0000] {processor.py:161} INFO - Started process (PID=4837) to work on /opt/airflow/dags/retraining.py
[2026-02-08T20:21:46.285+0000] {processor.py:830} INFO - Processing file /opt/airflow/dags/retraining.py for tasks to queue
[2026-02-08T20:21:46.291+0000] {logging_mixin.py:188} INFO - [2026-02-08T20:21:46.290+0000] {dagbag.py:540} INFO - Filling up the DagBag from /opt/airflow/dags/retraining.py
[2026-02-08T20:21:51.658+0000] {logging_mixin.py:188} INFO - Added path to: /opt/airflow/src/utils
[2026-02-08T20:21:51.674+0000] {processor.py:840} INFO - DAG(s) 'ml_retraining_pipeline' retrieved from /opt/airflow/dags/retraining.py
[2026-02-08T20:21:51.723+0000] {logging_mixin.py:188} INFO - [2026-02-08T20:21:51.722+0000] {dag.py:3096} INFO - Sync 1 DAGs
[2026-02-08T20:21:51.748+0000] {logging_mixin.py:188} INFO - [2026-02-08T20:21:51.747+0000] {dag.py:3954} INFO - Setting next_dagrun for ml_retraining_pipeline to None, run_after=None
[2026-02-08T20:21:51.795+0000] {processor.py:183} INFO - Processing /opt/airflow/dags/retraining.py took 5.544 seconds
[2026-02-08T20:22:22.220+0000] {processor.py:161} INFO - Started process (PID=4854) to work on /opt/airflow/dags/retraining.py
[2026-02-08T20:22:22.221+0000] {processor.py:830} INFO - Processing file /opt/airflow/dags/retraining.py for tasks to queue
[2026-02-08T20:22:22.225+0000] {logging_mixin.py:188} INFO - [2026-02-08T20:22:22.224+0000] {dagbag.py:540} INFO - Filling up the DagBag from /opt/airflow/dags/retraining.py
[2026-02-08T20:22:24.851+0000] {logging_mixin.py:188} INFO - Added path to: /opt/airflow/src/utils
[2026-02-08T20:22:24.861+0000] {processor.py:840} INFO - DAG(s) 'ml_retraining_pipeline' retrieved from /opt/airflow/dags/retraining.py
[2026-02-08T20:22:24.891+0000] {logging_mixin.py:188} INFO - [2026-02-08T20:22:24.891+0000] {dag.py:3096} INFO - Sync 1 DAGs
[2026-02-08T20:22:24.904+0000] {logging_mixin.py:188} INFO - [2026-02-08T20:22:24.903+0000] {dag.py:3954} INFO - Setting next_dagrun for ml_retraining_pipeline to None, run_after=None
[2026-02-08T20:22:24.930+0000] {processor.py:183} INFO - Processing /opt/airflow/dags/retraining.py took 2.722 seconds
[2026-02-08T20:22:55.254+0000] {processor.py:161} INFO - Started process (PID=4871) to work on /opt/airflow/dags/retraining.py
[2026-02-08T20:22:55.256+0000] {processor.py:830} INFO - Processing file /opt/airflow/dags/retraining.py for tasks to queue
[2026-02-08T20:22:55.259+0000] {logging_mixin.py:188} INFO - [2026-02-08T20:22:55.258+0000] {dagbag.py:540} INFO - Filling up the DagBag from /opt/airflow/dags/retraining.py
[2026-02-08T20:22:57.952+0000] {logging_mixin.py:188} INFO - Added path to: /opt/airflow/src/utils
[2026-02-08T20:22:57.960+0000] {processor.py:840} INFO - DAG(s) 'ml_retraining_pipeline' retrieved from /opt/airflow/dags/retraining.py
[2026-02-08T20:22:57.986+0000] {logging_mixin.py:188} INFO - [2026-02-08T20:22:57.986+0000] {dag.py:3096} INFO - Sync 1 DAGs
[2026-02-08T20:22:57.998+0000] {logging_mixin.py:188} INFO - [2026-02-08T20:22:57.997+0000] {dag.py:3954} INFO - Setting next_dagrun for ml_retraining_pipeline to None, run_after=None
[2026-02-08T20:22:58.021+0000] {processor.py:183} INFO - Processing /opt/airflow/dags/retraining.py took 2.778 seconds
[2026-02-08T20:23:28.120+0000] {processor.py:161} INFO - Started process (PID=4888) to work on /opt/airflow/dags/retraining.py
[2026-02-08T20:23:28.122+0000] {processor.py:830} INFO - Processing file /opt/airflow/dags/retraining.py for tasks to queue
[2026-02-08T20:23:28.129+0000] {logging_mixin.py:188} INFO - [2026-02-08T20:23:28.128+0000] {dagbag.py:540} INFO - Filling up the DagBag from /opt/airflow/dags/retraining.py
[2026-02-08T20:23:30.936+0000] {logging_mixin.py:188} INFO - Added path to: /opt/airflow/src/utils
[2026-02-08T20:23:30.945+0000] {processor.py:840} INFO - DAG(s) 'ml_retraining_pipeline' retrieved from /opt/airflow/dags/retraining.py
[2026-02-08T20:23:30.976+0000] {logging_mixin.py:188} INFO - [2026-02-08T20:23:30.976+0000] {dag.py:3096} INFO - Sync 1 DAGs
[2026-02-08T20:23:30.991+0000] {logging_mixin.py:188} INFO - [2026-02-08T20:23:30.991+0000] {dag.py:3954} INFO - Setting next_dagrun for ml_retraining_pipeline to None, run_after=None
[2026-02-08T20:23:31.020+0000] {processor.py:183} INFO - Processing /opt/airflow/dags/retraining.py took 2.916 seconds
[2026-02-08T20:24:01.403+0000] {processor.py:161} INFO - Started process (PID=4905) to work on /opt/airflow/dags/retraining.py
[2026-02-08T20:24:01.407+0000] {processor.py:830} INFO - Processing file /opt/airflow/dags/retraining.py for tasks to queue
[2026-02-08T20:24:01.411+0000] {logging_mixin.py:188} INFO - [2026-02-08T20:24:01.410+0000] {dagbag.py:540} INFO - Filling up the DagBag from /opt/airflow/dags/retraining.py
[2026-02-08T20:24:04.529+0000] {logging_mixin.py:188} INFO - Added path to: /opt/airflow/src/utils
[2026-02-08T20:24:04.538+0000] {processor.py:840} INFO - DAG(s) 'ml_retraining_pipeline' retrieved from /opt/airflow/dags/retraining.py
[2026-02-08T20:24:04.583+0000] {logging_mixin.py:188} INFO - [2026-02-08T20:24:04.582+0000] {dag.py:3096} INFO - Sync 1 DAGs
[2026-02-08T20:24:04.600+0000] {logging_mixin.py:188} INFO - [2026-02-08T20:24:04.599+0000] {dag.py:3954} INFO - Setting next_dagrun for ml_retraining_pipeline to None, run_after=None
[2026-02-08T20:24:04.626+0000] {processor.py:183} INFO - Processing /opt/airflow/dags/retraining.py took 3.236 seconds
[2026-02-08T20:24:34.851+0000] {processor.py:161} INFO - Started process (PID=4929) to work on /opt/airflow/dags/retraining.py
[2026-02-08T20:24:34.853+0000] {processor.py:830} INFO - Processing file /opt/airflow/dags/retraining.py for tasks to queue
[2026-02-08T20:24:34.857+0000] {logging_mixin.py:188} INFO - [2026-02-08T20:24:34.856+0000] {dagbag.py:540} INFO - Filling up the DagBag from /opt/airflow/dags/retraining.py
[2026-02-08T20:24:37.747+0000] {logging_mixin.py:188} INFO - Added path to: /opt/airflow/src/utils
[2026-02-08T20:24:37.754+0000] {processor.py:840} INFO - DAG(s) 'ml_retraining_pipeline' retrieved from /opt/airflow/dags/retraining.py
[2026-02-08T20:24:37.781+0000] {logging_mixin.py:188} INFO - [2026-02-08T20:24:37.780+0000] {dag.py:3096} INFO - Sync 1 DAGs
[2026-02-08T20:24:37.793+0000] {logging_mixin.py:188} INFO - [2026-02-08T20:24:37.793+0000] {dag.py:3954} INFO - Setting next_dagrun for ml_retraining_pipeline to None, run_after=None
[2026-02-08T20:24:37.820+0000] {processor.py:183} INFO - Processing /opt/airflow/dags/retraining.py took 2.985 seconds
